model,test_year,y_true,y_pred,err,sq_err
GLM (LinearRegression),1996,0.9076188374532914,-0.21211370014427344,-1.1197325375975649,1.253800955754682
GLM (LinearRegression),1996,1.3531972192805926,0.8831777271668939,-0.47001949211369864,0.22091832296681924
GLM (LinearRegression),1996,1.0113669844663766,-0.06738563551081866,-1.0787526199771953,1.163707215107663
GLM (LinearRegression),1996,1.052019558931054,0.7176471710324945,-0.3343723878985594,0.11180489378898466
GLM (LinearRegression),1996,1.2984707276117946,0.9021392669835946,-0.3963314606282,0.15707862668368247
GLM (LinearRegression),1996,1.023076574326516,0.3596789873147641,-0.6633975870117519,0.4400963584530149
GLM (LinearRegression),1996,0.827454123702698,0.7735729427884321,-0.05388118091426586,0.0029031816567158474
GLM (LinearRegression),1996,1.00744566673764,0.2916671043156198,-0.7157785624220201,0.5123389504229338
GLM (LinearRegression),1996,1.2381553711285411,0.017514535386707886,-1.2206408357418332,1.4899640498805211
GLM (LinearRegression),1996,0.868873357641703,-0.7461902190345613,-1.6150635766762642,2.6084303567063274
GLM (LinearRegression),1996,0.8366682862485648,0.731457034212353,-0.10521125203621184,0.011069407555027291
GLM (LinearRegression),1996,1.5932526016099349,0.8526292809335969,-0.740623320676338,0.5485229031296457
GLM (LinearRegression),1996,1.345442731277534,0.11339070686042718,-1.232052024417107,1.5179521908702915
GLM (LinearRegression),1996,1.0337582105841956,1.282863495383735,0.24910528479953942,0.062053442915059646
GLM (LinearRegression),1996,0.9678906647157028,0.16935204386984837,-0.7985386208458545,0.6376639289823993
GLM (LinearRegression),1996,1.1919975301291157,0.744694847452392,-0.4473026826767237,0.20007968992979377
GLM (LinearRegression),1996,1.4033012847352602,-0.5644519291419969,-1.967753213877257,3.872052710724274
GLM (LinearRegression),1996,0.9283888689999004,1.4207307846870931,0.49234191568719277,0.24240056194253484
GLM (LinearRegression),1996,0.9812812468155516,0.6734990040902444,-0.3077822427253072,0.09472990893701991
GLM (LinearRegression),1996,1.0291860885787636,0.09306268269645401,-0.9361234058823096,0.8763270310406953
GLM (LinearRegression),1996,0.8079544201169555,0.9715141153745022,0.16355969525754666,0.02675177391274153
GLM (LinearRegression),1996,1.0120656620699702,0.9021392669835946,-0.10992639508637558,0.012083812336685939
GLM (LinearRegression),1996,1.065022435967996,1.4501365907290433,0.38511415476104727,0.14831291219731588
GLM (LinearRegression),1996,0.9362755497067032,0.6862630770290521,-0.25001247267765114,0.06250623649439326
GLM (LinearRegression),1996,1.5917711555505898,0.2250399116453805,-1.3667312439052093,1.8679542930666806
GLM (LinearRegression),1996,0.9642987071481712,0.1902023908992574,-0.7740963162489138,0.5992251068301384
GLM (LinearRegression),1996,1.4697654476990154,0.7677396319129726,-0.7020258157860428,0.49284024603005894
GLM (LinearRegression),1996,1.0073769485603832,1.4501365907290433,0.44275964216866015,0.19603610073331998
GLM (LinearRegression),1996,1.066720247168906,-0.49895108670281885,-1.5656713338717247,2.451326725707666
GLM (LinearRegression),1996,1.0216819487496491,1.3355382018560518,0.31385625310640264,0.09850574761399028
GLM (LinearRegression),1996,2.007977683222508,-0.3384930546683067,-2.3464707378908143,5.5059249237778625
GLM (LinearRegression),1996,1.0553915835675969,0.6388279804657755,-0.4165636031018214,0.17352523542917178
GLM (LinearRegression),1996,0.8185037389081928,-0.4591649337400854,-1.2776686726482782,1.6324372370668132
GLM (LinearRegression),1996,1.107954903654205,0.9811507238621557,-0.12680417979204917,0.01607930001273433
GLM (LinearRegression),1996,0.7591862057409975,1.1358738907420032,0.3766876850010057,0.1418936120314169
GLM (LinearRegression),1996,0.8788311583856374,0.48144423479405263,-0.3973869235915848,0.15791636704158404
GLM (LinearRegression),1996,1.2270245814653629,-0.3384930546683067,-1.5655176361336696,2.450845469045553
GLM (LinearRegression),1996,1.0306562666359829,-0.27500565147804124,-1.305661918114024,1.7047530444131926
GLM (LinearRegression),1996,1.154863352948794,-0.06738563551081866,-1.2222489884596126,1.4938925897905462
GLM (LinearRegression),1996,0.9811497022679068,-0.06738563551081866,-1.0485353377787254,1.099426354570746
GLM (LinearRegression),1996,1.118796054888894,-0.2993406690158922,-1.4181367239047862,2.0111117676873995
GLM (LinearRegression),1996,1.0426798419613257,1.2179945813038826,0.17531473934255692,0.030735257830748677
GLM (LinearRegression),1996,0.960546333846467,0.5324047536303438,-0.42814158021612325,0.18330521270995911
GLM (LinearRegression),1996,1.0494252495086802,0.6388279804657755,-0.4105972690429047,0.16859011734549148
GLM (LinearRegression),1996,1.3899052706012598,-0.4591649337400854,-1.8490702043413452,3.419060620582944
GLM (LinearRegression),1996,1.0706374940022456,-0.4591649337400854,-1.529802427742331,2.34029546792633
GLM (LinearRegression),1996,0.8987685305856873,0.8353107048976922,-0.06345782568799507,0.004026895641047967
GLM (LinearRegression),1996,0.8297965774327739,0.5324047536303438,-0.2973918238024301,0.08844189686453564
GLM (LinearRegression),1996,2.0822468020866203,0.1902023908992574,-1.8920444111873629,3.5798320539053345
GLM (LinearRegression),1996,1.397387476464373,0.1902023908992574,-1.2071850855651156,1.4572958308108555
GLM (LinearRegression),1996,1.0332458943830274,0.24901012035459602,-0.7842357740284314,0.6150257492659729
GLM (LinearRegression),1996,1.0483812981775336,-0.49895108670281885,-1.5473323848803524,2.394237509299519
GLM (LinearRegression),1996,1.809885848101864,-0.4486915353965928,-2.258577383498457,5.1011717972507356
GLM (LinearRegression),1996,0.7816295653358022,1.3704856741904037,0.5888561088546015,0.34675151693538225
GLM (LinearRegression),1996,1.590946874545642,-0.03286057632451089,-1.623807450870153,2.6367506375014242
GLM (LinearRegression),1996,1.23723819661411,-0.4486915353965928,-1.6859297320107027,2.84235906127768
GLM (LinearRegression),1996,1.7268725701408305,-0.49644251650144766,-2.223315086642278,4.9431299744911605
GLM (LinearRegression),1996,1.1025841719228056,-0.3384930546683067,-1.4410772265911123,2.076703572999532
GLM (LinearRegression),1996,1.1740326018547078,-0.19773570276604047,-1.3717683046207483,1.881748281562082
GLM (LinearRegression),1996,1.0587033545943625,-0.49895108670281885,-1.5576544412971813,2.426287358492834
GLM (LinearRegression),1996,1.0704963464625985,0.6388279804657755,-0.431668365996823,0.18633757820236715
GLM (LinearRegression),1996,1.0043093218007804,1.311479832559398,0.30717051075861757,0.09435372267970998
GLM (LinearRegression),1996,1.2139334808845226,-0.19773570276604047,-1.411669183650563,1.992809884068647
GLM (LinearRegression),1996,0.9723559782976195,0.7597302631209273,-0.21262571517669226,0.045209694754399864
GLM (LinearRegression),1996,0.864228846900315,0.8420704260813905,-0.022158420818924496,0.0004909956131885465
GLM (LinearRegression),1996,1.1258392585467685,0.8420704260813905,-0.283768832465378,0.08052475027876375
GLM (LinearRegression),1996,1.0392024566287204,-0.37366561689597844,-1.4128680735246988,1.9961961931853938
GLM (LinearRegression),1996,1.0519124175070789,-0.37366561689597844,-1.4255780344030573,2.0322727321724843
GLM (LinearRegression),1996,1.0549364244330235,-0.37366561689597844,-1.428602041329002,2.040903792489391
GLM (LinearRegression),1996,1.172810971893567,-0.19773570276604047,-1.3705466746596076,1.8783981874205082
GLM (LinearRegression),1996,2.205,-0.19773570276604047,-2.4027357027660408,5.77313885734662
GLM (LinearRegression),1996,1.229271767168791,-0.3384930546683067,-1.5677648218370976,2.4578865365899065
GLM (LinearRegression),1996,1.1837592164518531,1.2179945813038826,0.03423536485202949,0.0011720602065515763
GLM (LinearRegression),1996,0.9541261445880698,-0.3384930546683067,-1.2926191992563765,1.6708643942861958
GLM (LinearRegression),1996,1.1514339715108688,-0.3384930546683067,-1.4899270261791755,2.2198825433391214
GLM (LinearRegression),1996,1.057027247853645,-0.49895108670281885,-1.555978334556464,2.421068577609107
GLM (LinearRegression),1996,1.323646829753764,-0.06738563551081866,-1.3910324652645827,1.9349713194200624
GLM (LinearRegression),1996,0.9916694519173028,1.2646105734573025,0.2729411215399997,0.0744968558275129
GLM (LinearRegression),1996,0.9815060171906096,-0.37366561689597844,-1.355171634086588,1.8364901578329131
GLM (LinearRegression),1996,0.9669416198937688,0.8420704260813905,-0.12487119381237832,0.015592815044128551
GLM (LinearRegression),1996,1.145876291516292,-0.2750056736068911,-1.420881965123183,2.0189055588123184
GLM (LinearRegression),1996,1.0128711836791666,-0.45916493665358593,-1.4720361203327526,2.166890339564302
GLM (LinearRegression),1996,1.1629397691291972,-0.1977357088658278,-1.360675477995025,1.8514377564169897
GLM (LinearRegression),1997,0.8597996130792982,1.081809055123926,0.2220094420446279,0.049288192356967
GLM (LinearRegression),1997,0.9458286430612316,0.7293106760777159,-0.21651796698351566,0.04688003002667478
GLM (LinearRegression),1997,0.8716994941452376,1.5117713466871687,0.6400718525419311,0.4096919764164596
GLM (LinearRegression),1997,0.7505928814764826,1.1442636281518612,0.3936707466753786,0.1549766567879501
GLM (LinearRegression),1997,1.085317673208864,1.0953995024775618,0.010081829268697717,0.00010164328140316995
GLM (LinearRegression),1997,0.8689524976811672,1.4218449903020196,0.5528924926208524,0.3056901083964993
GLM (LinearRegression),1997,0.6447610988646859,1.6071974008260663,0.9624363019613804,0.9262836353330974
GLM (LinearRegression),1997,0.8693490202943795,0.862328717559762,-0.007020302734617512,4.928465048567812e-05
GLM (LinearRegression),1997,1.1360395186057182,0.939487562316685,-0.19655195628903321,0.038632671521046026
GLM (LinearRegression),1997,0.7860313106606743,1.8591660358107442,1.0731347251500698,1.1516181383229158
GLM (LinearRegression),1997,0.7696237112104275,1.1211256502302827,0.35150193901985516,0.12355361313471798
GLM (LinearRegression),1997,1.3484667029738544,1.097937076685525,-0.2505296262883294,0.06276509364817
GLM (LinearRegression),1997,0.8756391935223565,1.5093561000741142,0.6337169065517577,0.4015971176495292
GLM (LinearRegression),1997,0.9591871342471396,0.6557846682354689,-0.30340246601167076,0.09205305638196302
GLM (LinearRegression),1997,0.7209172743694012,0.972794413492124,0.2518771391227228,0.06344209321264746
GLM (LinearRegression),1997,0.7247752451734514,1.6071974008260663,0.882422155652615,0.7786688607866078
GLM (LinearRegression),1997,1.1097283564052771,1.515489196072053,0.4057608396667758,0.16464185900708692
GLM (LinearRegression),1997,0.6241874097091946,0.7557784221008883,0.13159101239169368,0.01731619454227088
GLM (LinearRegression),1997,0.8213369337246321,1.2330320376423738,0.41169510391774167,0.16949285858984012
GLM (LinearRegression),1997,0.6543086103159583,1.19776877428751,0.5434601639715517,0.2953489498239859
GLM (LinearRegression),1997,0.7431279398406736,-0.1654290230454767,-0.9085569628861503,0.8254757548089054
GLM (LinearRegression),1997,0.92917686077763,1.0953995024775618,0.16622264169993184,0.02762996661370392
GLM (LinearRegression),1997,1.0277990979141691,0.2695027718765455,-0.7582963260376236,0.575013318082158
GLM (LinearRegression),1997,0.6089387128149912,0.9407537483695019,0.33181503555451064,0.11010121782004116
GLM (LinearRegression),1997,1.0889636560732532,1.427433312908874,0.3384696568356209,0.11456170859842298
GLM (LinearRegression),1997,0.8102474467488103,0.6513797955977902,-0.15886765115102008,0.025238930582242212
GLM (LinearRegression),1997,1.1065025394086532,1.097937076685525,-0.008565462723128192,7.336715166129862e-05
GLM (LinearRegression),1997,1.041119865653252,0.2695027718765455,-0.7716170937767066,0.5953929394084109
GLM (LinearRegression),1997,1.0275956938296786,1.515489196072053,0.48789350224237427,0.23804006953032966
GLM (LinearRegression),1997,0.8327043401335178,1.4406436954178612,0.6079393552843434,0.3695902597035431
GLM (LinearRegression),1997,1.1328447871311411,0.972794413492124,-0.16005037363901709,0.025616122101988974
GLM (LinearRegression),1997,0.8413165118943252,1.2330320376423738,0.3917155257480486,0.1534410531120701
GLM (LinearRegression),1997,0.9098557046495002,1.1365382057684879,0.2266825011189877,0.051384956313559854
GLM (LinearRegression),1997,0.932305213806544,0.44364309598142837,-0.4886621178251156,0.23879066539732716
GLM (LinearRegression),1997,0.8526993595773268,1.288308293455088,0.43560893387776123,0.18975514327411974
GLM (LinearRegression),1997,0.815029821861121,1.4218449903020196,0.6068151684408986,0.3682246486499561
GLM (LinearRegression),1997,0.9769416476094892,1.221414985126216,0.24447333751672673,0.059767212756567385
GLM (LinearRegression),1997,1.0078227069918688,1.5117713466871687,0.5039486396952999,0.2539642314507432
GLM (LinearRegression),1997,0.9636064101813286,1.5117713466871687,0.5481649365058401,0.3004847976144517
GLM (LinearRegression),1997,0.9497848329948582,1.0491331126596601,0.09934827966480198,0.009870080672355706
GLM (LinearRegression),1997,0.8311024079093823,0.7625347391777946,-0.0685676687315877,0.00470152519528475
GLM (LinearRegression),1997,0.810750263834169,0.06873478002864841,-0.7420154838055206,0.5505869782071409
GLM (LinearRegression),1997,0.9008054146608888,1.2330320376423738,0.332226622981485,0.11037452901768176
GLM (LinearRegression),1997,0.7304305405301819,1.1365382057684879,0.406107665238306,0.16492343576530802
GLM (LinearRegression),1997,0.649045235204063,1.1365382057684879,0.48749297056442487,0.2376493963497272
GLM (LinearRegression),1997,0.7522848769704573,0.27055120828401824,-0.4817336686864391,0.23206732754609585
GLM (LinearRegression),1997,0.7941589353795899,0.06873478002864841,-0.7254241553509415,0.526240205166627
GLM (LinearRegression),1997,1.889460910406348,0.6513797955977902,-1.2380811148085578,1.532844846845601
GLM (LinearRegression),1997,1.347097790107921,0.6513797955977902,-0.6957179945101308,0.4840235278851984
GLM (LinearRegression),1997,0.9131778278322944,1.5093561000741142,0.5961782722418199,0.35542853229324145
GLM (LinearRegression),1997,0.9361598252024425,1.515489196072053,0.5793293708696104,0.3356225199521786
GLM (LinearRegression),1997,1.1220742343945445,0.6527850963303758,-0.4692891380641686,0.2202322951050103
GLM (LinearRegression),1997,0.6584611525602418,0.6928059056464231,0.034344753086181234,0.0011795620645507555
GLM (LinearRegression),1997,1.3512347049140037,0.7016939438345839,-0.6495407610794197,0.4219032003036318
GLM (LinearRegression),1997,1.3192468862142397,0.6527850963303758,-0.6664617898838638,0.4441713173752035
GLM (LinearRegression),1997,1.0254771824897315,1.19776877428751,0.17229159179777853,0.029684392604212347
GLM (LinearRegression),1997,0.856326107535964,0.972794413492124,0.11646830595615998,0.01356486629229769
GLM (LinearRegression),1997,1.0320131410455122,0.939487562316685,-0.09252557872882727,0.008560982719104415
GLM (LinearRegression),1997,0.9310987013181476,1.515489196072053,0.5843904947539053,0.3415122503587142
GLM (LinearRegression),1997,0.8338703361570701,1.2330320376423738,0.3991617014853037,0.1593300639326427
GLM (LinearRegression),1997,0.9411660462012108,0.29912771417013984,-0.642038332031071,0.41221321979723974
GLM (LinearRegression),1997,1.051610290544852,0.939487562316685,-0.11212272822816716,0.012571506185327432
GLM (LinearRegression),1997,0.9273916482847004,0.5139958936516673,-0.41339575463303313,0.17089604994861493
GLM (LinearRegression),1997,0.7394155045989408,1.6071974008260663,0.8677818962271255,0.7530454194195457
GLM (LinearRegression),1997,0.8904514720590138,1.6071974008260663,0.7167459287670526,0.5137247264041448
GLM (LinearRegression),1997,0.9015317970767408,0.862328717559762,-0.03920307951697877,0.0015368814436145602
GLM (LinearRegression),1997,0.9130531342926488,0.862328717559762,-0.050724416732886746,0.002572966452891561
GLM (LinearRegression),1997,0.9499395155789884,0.862328717559762,-0.08761079801922633,0.007675651929565673
GLM (LinearRegression),1997,1.0845105615028214,0.939487562316685,-0.14502299918613648,0.02103167029294214
GLM (LinearRegression),1997,0.8965758335363622,0.939487562316685,0.04291172878032279,0.001841416466915983
GLM (LinearRegression),1997,1.1314118579453163,0.972794413492124,-0.15861744445319226,0.02515949368486153
GLM (LinearRegression),1997,1.0020489839210645,0.7625347391777946,-0.23951424474326988,0.057367073434938985
GLM (LinearRegression),1997,0.6697284059631434,0.972794413492124,0.3030660075289806,0.09184900491955612
GLM (LinearRegression),1997,1.032413443915129,0.972794413492124,-0.05961903042300487,0.0035544287885791804
GLM (LinearRegression),1997,1.015641215051892,1.515489196072053,0.4998479810201608,0.24984800412993105
GLM (LinearRegression),1997,1.1083163935296263,1.5117713466871687,0.40345495315754243,0.16277589922735475
GLM (LinearRegression),1997,0.7650961249901367,0.7930188842848334,0.027922759294696675,0.0007796804866295696
GLM (LinearRegression),1997,0.7637706491942385,0.862328717559762,0.0985580683655235,0.009713692839943205
GLM (LinearRegression),1997,0.7902147093164511,1.6071974008260663,0.8169826915096152,0.6674607182262952
GLM (LinearRegression),1997,1.1637883046105846,1.221414985126216,0.05762668051563136,0.0033208343072506467
GLM (LinearRegression),1997,0.9897403146415444,1.1365382140966136,0.14679789945506916,0.021549623284420595
GLM (LinearRegression),1997,1.018700334225177,0.9394875722319571,-0.07921276199321992,0.006274661662594505
GLM (LinearRegression),1998,0.9385021821927714,1.0312827675572587,0.0927805853644873,0.008608237020576915
GLM (LinearRegression),1998,1.1062054371474617,2.0157967098295737,0.909591272682112,0.8273562833394643
GLM (LinearRegression),1998,1.0098322728506668,0.859930127591924,-0.1499021452587428,0.022470653153173224
GLM (LinearRegression),1998,1.1726378420810142,1.7702178272213311,0.597579985140317,0.3571018386403014
GLM (LinearRegression),1998,0.9650633464238604,-0.11650063108916608,-1.0815639775130266,1.1697806374537987
GLM (LinearRegression),1998,0.8198125593268719,0.07542529841723056,-0.7443872609096414,0.5541123942045585
GLM (LinearRegression),1998,0.9491616147109044,1.7749959328122893,0.8258343181013849,0.6820023209539793
GLM (LinearRegression),1998,1.0424244572257837,2.1728038100784213,1.1303793528526376,1.2777574813555477
GLM (LinearRegression),1998,0.9232064559162034,0.0692931427240362,-0.8539133131921672,0.7291679464468243
GLM (LinearRegression),1998,1.0196074230948646,1.400835701080923,0.3812282779860583,0.14533499993621535
GLM (LinearRegression),1998,1.0302928689828028,2.1471561884829677,1.116863319500165,1.2473836744449276
GLM (LinearRegression),1998,0.9174579626560134,0.04852571171088105,-0.8689322509451324,0.7550432567325746
GLM (LinearRegression),1998,1.0123473425577536,1.3691558068441916,0.356808464286438,0.12731228018644627
GLM (LinearRegression),1998,0.9401267901118092,1.0467367652201753,0.10660997510836612,0.011365686792606444
GLM (LinearRegression),1998,0.9646406266683708,0.07542529841723056,-0.8892153282511402,0.7907038999967831
GLM (LinearRegression),1998,1.5230179380876,1.791936127887511,0.2689181897999109,0.0723169928052609
GLM (LinearRegression),1998,0.8256964027551719,0.2992234395080411,-0.5264729632471308,0.2771737810302147
GLM (LinearRegression),1998,0.8431809361646939,1.5152650237634768,0.6720840875987829,0.4516970208034885
GLM (LinearRegression),1998,0.9599273796390544,0.07139703658933261,-0.8885303430497218,0.7894861705200563
GLM (LinearRegression),1998,0.6909875094311014,1.722913964457093,1.0319264550259915,1.0648722085825095
GLM (LinearRegression),1998,0.9912464020542452,1.7702178272213311,0.778971425167086,0.6067964812268409
GLM (LinearRegression),1998,0.9446935581929304,1.0339713138657496,0.08927775567281915,0.007970517657975592
GLM (LinearRegression),1998,0.8495923469767666,1.257026316010724,0.40743396903395745,0.1660024391227638
GLM (LinearRegression),1998,1.3723948052091466,0.7003266346602866,-0.67206817054886,0.45167562586489163
GLM (LinearRegression),1998,0.9714885911307152,1.6371803404128693,0.6656917492821541,0.44314550506233436
GLM (LinearRegression),1998,0.974036172416535,2.1471561884829677,1.1731200160664328,1.3762105720957076
GLM (LinearRegression),1998,0.7284915716471602,1.0339713138657496,0.3054797422185894,0.09331787290593585
GLM (LinearRegression),1998,1.0759430696062418,1.791936127887511,0.7159930582812692,0.5126460595069651
GLM (LinearRegression),1998,0.9179186377043425,0.20025650848239795,-0.7176621292219445,0.515038931719375
GLM (LinearRegression),1998,1.0060240000332188,1.0467367652201753,0.040712765186956545,0.001657529249168261
GLM (LinearRegression),1998,0.9596710708119436,1.5152650237634768,0.5555939529515332,0.3086846405563105
GLM (LinearRegression),1998,1.0531411548732237,1.569971903908681,0.5168307490354573,0.26711402314855187
GLM (LinearRegression),1998,1.0461750932616878,0.38430693976826635,-0.6618681534934214,0.43806945260879127
GLM (LinearRegression),1998,0.9668678119257388,0.7483687264645775,-0.21849908546116126,0.04774185034736385
GLM (LinearRegression),1998,0.9189016757698604,-0.11650063108916608,-1.0354023068590266,1.0720579370489938
GLM (LinearRegression),1998,0.3783540310701421,1.0467367652201753,0.6683827341500332,0.446735479309874
GLM (LinearRegression),1998,0.9175562706045052,1.2475310994734352,0.32997482886893004,0.10888338768707967
GLM (LinearRegression),1998,1.1558164047210162,0.859930127591924,-0.2958862771290922,0.08754868899331396
GLM (LinearRegression),1998,1.0888036614344645,0.859930127591924,-0.2288735338425405,0.05238309449357253
GLM (LinearRegression),1998,1.0700619080139244,1.3859821206699232,0.3159202126559988,0.0998055807646115
GLM (LinearRegression),1998,0.958300875982272,1.6677268317509695,0.7094259557686975,0.5032851867183299
GLM (LinearRegression),1998,0.8241960942145481,1.7204223696446386,0.8962262754300905,0.8032215367712924
GLM (LinearRegression),1998,0.9614742850433472,1.5152650237634768,0.5537907387201296,0.30668418229218686
GLM (LinearRegression),1998,1.0488590342189903,1.569971903908681,0.5211128696896907,0.27155862295622457
GLM (LinearRegression),1998,1.050473334547195,1.569971903908681,0.519498569361486,0.26987876356863066
GLM (LinearRegression),1998,0.919167095503768,1.6091179587694748,0.6899508632657069,0.4760321937210941
GLM (LinearRegression),1998,0.7569213723534018,1.7204223696446386,0.9635009972912367,0.9283341717812078
GLM (LinearRegression),1998,2.094010003614777,1.6371803404128693,-0.45682966320190754,0.20869334118116828
GLM (LinearRegression),1998,1.335150340063551,1.6371803404128693,0.3020300003493184,0.09122212111100926
GLM (LinearRegression),1998,0.8365816338519445,0.04852571171088105,-0.7880559221410635,0.6210321364216018
GLM (LinearRegression),1998,1.0706758184056386,1.791936127887511,0.7212603094818724,0.5202164340338863
GLM (LinearRegression),1998,0.5225959784649487,0.6442949823869819,0.12169900392203326,0.014810647555615066
GLM (LinearRegression),1998,0.6529966370697977,1.119683072571747,0.4666864355019493,0.2177962290815151
GLM (LinearRegression),1998,1.4101943515294686,1.9058128061207933,0.4956184545913247,0.24563765253149297
GLM (LinearRegression),1998,0.8956671204345868,0.6442949823869819,-0.25137213804760494,0.06318795178662416
GLM (LinearRegression),1998,1.2780856542248913,0.07139703658933261,-1.2066886176355587,1.4560974199312156
GLM (LinearRegression),1998,0.92412871600741,1.0467367652201753,0.12260804921276536,0.015032733731759892
GLM (LinearRegression),1998,1.142585570329595,2.1728038100784213,1.0302182397488262,1.06134962151117
GLM (LinearRegression),1998,1.170834820014711,1.791936127887511,0.6211013078728,0.38576683464130274
GLM (LinearRegression),1998,0.9757348311334813,1.5152650237634768,0.5395301926299956,0.29109282875936016
GLM (LinearRegression),1998,0.8480861770663177,1.4323605930132723,0.5842744159469546,0.34137659313015495
GLM (LinearRegression),1998,0.9539020922655442,2.1728038100784213,1.218901717812877,1.4857213976871824
GLM (LinearRegression),1998,0.9251967507117472,0.7315369822265163,-0.19365976848523092,0.03750410592975324
GLM (LinearRegression),1998,0.7480311924888734,0.07542529841723056,-0.6726058940716428,0.452398688739914
GLM (LinearRegression),1998,0.9180268216406846,0.07542529841723056,-0.842601523223454,0.709977326938485
GLM (LinearRegression),1998,0.8859401497073345,1.7749959328122893,0.8890557831049548,0.7904201854723645
GLM (LinearRegression),1998,0.9766441094376136,1.7749959328122893,0.7983518233746757,0.6373656338856694
GLM (LinearRegression),1998,1.140267800018302,1.7749959328122893,0.6347281327939873,0.4028798025601416
GLM (LinearRegression),1998,1.0121140565764128,2.1728038100784213,1.1606897535020084,1.347200703884553
GLM (LinearRegression),1998,1.0384323982807573,2.1728038100784213,1.134371411797664,1.2867984999038253
GLM (LinearRegression),1998,0.8849803812702629,1.0467367652201753,0.16175638394991243,0.026165127748551488
GLM (LinearRegression),1998,0.9958613771433172,1.6677268317509695,0.6718654546076522,0.4514031890951472
GLM (LinearRegression),1998,0.9354102775488068,1.0467367652201753,0.11132648767136855,0.012393586857243373
GLM (LinearRegression),1998,1.1322688972980524,1.791936127887511,0.6596672305894586,0.435160855113566
GLM (LinearRegression),1998,1.3149483173546122,0.859930127591924,-0.45501818976268815,0.2070415530149137
GLM (LinearRegression),1998,0.8673282004699967,0.6053602786016379,-0.2619679218683588,0.06862719208802655
GLM (LinearRegression),1998,0.8639634773821756,1.7749959328122893,0.9110324554301137,0.829980134847022
GLM (LinearRegression),1998,0.8101572853468149,0.07542529841723056,-0.7347319869295843,0.5398310926174948
GLM (LinearRegression),1998,0.8351922008759645,1.2475310994734352,0.41233889859747075,0.17002336729657527
GLM (LinearRegression),1998,1.0325187451004745,1.569971903908681,0.5374531588082065,0.28885589791291927
GLM (LinearRegression),1998,1.095989326195202,2.172803825705672,1.0768144995104698,1.1595294663559836
GLM (LinearRegression),1999,1.0138546241757878,1.3243930425298969,0.3105384183541091,0.0964341092738717
GLM (LinearRegression),1999,1.3832009808990249,0.9584411525895631,-0.4247598283094618,0.18042091174548347
GLM (LinearRegression),1999,0.8163432263013691,1.6635653805217372,0.8472221542203681,0.7177853786018011
GLM (LinearRegression),1999,0.912781823560484,1.2991424464473822,0.3863606228868982,0.14927453091755197
GLM (LinearRegression),1999,1.1639076945619702,1.340583842934626,0.17667614837265577,0.031214461403796676
GLM (LinearRegression),1999,0.7638723695061154,1.667749772775329,0.9038774032692136,0.8169943601406966
GLM (LinearRegression),1999,0.5353233150954912,1.810025713174815,1.2747023980793237,1.6248662036691788
GLM (LinearRegression),1999,1.1090121232404992,1.608765101188743,0.4997529779482437,0.24975303896813775
GLM (LinearRegression),1999,1.3507232233357875,1.4647580686607908,0.1140348453250033,0.013003945948297426
GLM (LinearRegression),1999,0.7640014091265099,1.3667932481541867,0.6027918390276767,0.36335800119836853
GLM (LinearRegression),1999,0.6584630593724525,1.8175970214026675,1.159133962030215,1.343591541931864
GLM (LinearRegression),1999,1.2737482615110882,1.5108393126786324,0.23709105116754414,0.05621216654373103
GLM (LinearRegression),1999,0.8287269836485592,1.6722517544014919,0.8435247707529326,0.7115340388737875
GLM (LinearRegression),1999,1.1350914229223914,1.2386782006754002,0.10358677775300884,0.010730220525251247
GLM (LinearRegression),1999,0.6900762576785864,1.8239628573130686,1.1338865996344822,1.2856988208306486
GLM (LinearRegression),1999,1.1950005426525685,1.810025713174815,0.6150251705222465,0.37825596037591835
GLM (LinearRegression),1999,1.5702435750105384,1.7973293555689962,0.22708578055845785,0.05156795173184407
GLM (LinearRegression),1999,1.276,1.608765101188743,0.3327651011887429,0.11073261256915432
GLM (LinearRegression),1999,0.7544577543822936,1.3866354023332461,0.6321776479509525,0.3996485785687985
GLM (LinearRegression),1999,0.6235683510541773,1.8488789364466867,1.2253105853925095,1.5013860306749343
GLM (LinearRegression),1999,1.0729162197480284,1.9472949308585668,0.8743787111105383,0.7645381304433263
GLM (LinearRegression),1999,0.960815674243086,0.7411971718931964,-0.21961850234988955,0.048232286574408444
GLM (LinearRegression),1999,0.844061521919075,1.340583842934626,0.49652232101555094,0.2465344152666698
GLM (LinearRegression),1999,1.135629912477654,1.5710319704260256,0.4354020579483715,0.18957495206567707
GLM (LinearRegression),1999,1.0648440009859783,1.12461808549711,0.05977408451113164,0.0035729411791439077
GLM (LinearRegression),1999,1.2720691826689672,1.7655005781082365,0.4934313954392693,0.24347454200514454
GLM (LinearRegression),1999,0.7694445417721667,1.4658708019844708,0.6964262602123041,0.48500953591329593
GLM (LinearRegression),1999,1.1828413779877,1.5108393126786324,0.3279979346909323,0.1075826451615171
GLM (LinearRegression),1999,1.0198667543562945,1.5710319704260256,0.5511652160697311,0.3037830954051934
GLM (LinearRegression),1999,1.157382642332594,1.7973293555689962,0.6399467132364023,0.4095317957820741
GLM (LinearRegression),1999,0.8205157142090572,1.546963355652457,0.7264476414433997,0.5277261757586782
GLM (LinearRegression),1999,1.29995781451228,1.8239628573130686,0.5240050428007885,0.2745812848806562
GLM (LinearRegression),1999,0.7544314043995538,1.8488789364466867,1.0944475320471327,1.1978154004040598
GLM (LinearRegression),1999,1.270320197685772,1.9626406841518984,0.6923204864661263,0.4793076559806938
GLM (LinearRegression),1999,1.2174168568646562,1.4708326578650086,0.25341580100035244,0.06421956819665023
GLM (LinearRegression),1999,1.0102429017235377,2.2218728665895977,1.21162996486606,1.4680471717613297
GLM (LinearRegression),1999,0.7197853395234245,1.667749772775329,0.9479644332519045,0.8986365667106044
GLM (LinearRegression),1999,0.7302023810288826,1.8239628573130686,1.093760476284186,1.1963119794814092
GLM (LinearRegression),1999,1.0759775172780406,1.417732329966617,0.3417548126885763,0.11679635199580389
GLM (LinearRegression),1999,1.1169021700111028,1.6635653805217372,0.5466632105106344,0.29884066572579415
GLM (LinearRegression),1999,1.0780160348628924,1.6635653805217372,0.5855493456588448,0.34286803620150125
GLM (LinearRegression),1999,1.2507804682850627,1.892714342603773,0.6419338743187102,0.41207909899782963
GLM (LinearRegression),1999,0.8488275070153133,1.2096865198284432,0.36085901281312993,0.13021922712846667
GLM (LinearRegression),1999,1.1211094039908942,1.156039181784996,0.03492977779410178,0.0012200893767453258
GLM (LinearRegression),1999,0.6323275054845772,1.8488789364466867,1.2165514309621095,1.4799973841759562
GLM (LinearRegression),1999,1.176450053692201,1.9626406841518984,0.7861906304596975,0.6180957074226167
GLM (LinearRegression),1999,1.1227328842303193,1.9626406841518984,0.8399077999215792,0.7054451123691075
GLM (LinearRegression),1999,1.1523042785287607,0.8088382828963232,-0.3434659956324375,0.11796889015578159
GLM (LinearRegression),1999,0.9781717494600892,1.156039181784996,0.17786743232490676,0.031636823481855286
GLM (LinearRegression),1999,1.9353164049194844,1.4658708019844708,-0.4694456029350136,0.22037917411501842
GLM (LinearRegression),1999,1.4545376438068622,1.4658708019844708,0.011333158177608604,0.00012844047427869678
GLM (LinearRegression),1999,0.6213746353843099,1.6722517544014919,1.050877119017182,1.1043427192738524
GLM (LinearRegression),1999,1.1548554219940437,1.7973293555689962,0.6424739335749525,0.4127727553232725
GLM (LinearRegression),1999,0.3467934419141794,1.5315636486113873,1.184770206697208,1.4036804426773448
GLM (LinearRegression),1999,0.639174893290354,1.7994655142704288,1.1602906209800747,1.3462743251343274
GLM (LinearRegression),1999,1.4881330994485578,1.6798791783651323,0.19174607891657458,0.03676655877988125
GLM (LinearRegression),1999,1.158497392515409,1.5315636486113873,0.3730662560959783,0.13917843143747008
GLM (LinearRegression),1999,1.410818375992901,1.9472949308585668,0.5364765548656658,0.2878070939205337
GLM (LinearRegression),1999,1.247383041696956,1.8239628573130686,0.5765798156161126,0.3324442837759104
GLM (LinearRegression),1999,1.2816058158432797,1.4647580686607908,0.18315225281751113,0.033544747712129515
GLM (LinearRegression),1999,1.1492056024353072,1.7973293555689962,0.648123753133689,0.420064399376099
GLM (LinearRegression),1999,0.7711527688137035,1.8488789364466867,1.0777261676329832,1.1614936924008772
GLM (LinearRegression),1999,0.873295804078234,1.5326587067131696,0.6593629026349356,0.4347594373711675
GLM (LinearRegression),1999,1.295650225268438,1.4647580686607908,0.16910784339235274,0.0285974626968125
GLM (LinearRegression),1999,1.0633777760385517,1.5142797980727265,0.45090202203417484,0.2033126334745075
GLM (LinearRegression),1999,0.5560432744730792,1.810025713174815,1.2539824387017358,1.5724719565723524
GLM (LinearRegression),1999,0.7579895567541551,1.810025713174815,1.0520361564206597,1.1067800744163547
GLM (LinearRegression),1999,1.270781504956465,1.608765101188743,0.3379835962322779,0.11423291132210346
GLM (LinearRegression),1999,1.2217349939874316,1.608765101188743,0.38703010720131137,0.14979230388025858
GLM (LinearRegression),1999,1.1916991113088329,1.608765101188743,0.41706598987991006,0.17394403991450924
GLM (LinearRegression),1999,1.358744479164896,1.4647580686607908,0.1060135894958949,0.011238881157804118
GLM (LinearRegression),1999,0.722014251488471,1.4647580686607908,0.7427438171723199,0.5516683779477085
GLM (LinearRegression),1999,1.524639272967247,1.8239628573130686,0.2993235843458215,0.08959460814563013
GLM (LinearRegression),1999,1.1951050870867572,1.2096865198284432,0.014581432741685996,0.00021261818080031236
GLM (LinearRegression),1999,1.3686793284531564,1.8239628573130686,0.4552835288599122,0.20728309165113448
GLM (LinearRegression),1999,1.133153630529398,1.7973293555689962,0.6641757250395981,0.4411293937318758
GLM (LinearRegression),1999,1.3743405442789505,1.6635653805217372,0.2892248362427867,0.0836510058996668
GLM (LinearRegression),1999,0.8170621560334922,1.4113572652852382,0.594295109251746,0.3531866768805447
GLM (LinearRegression),1999,0.9649100219332098,1.608765101188743,0.6438550792555331,0.4145493630831488
GLM (LinearRegression),1999,0.7246002058502048,1.810025713174815,1.0854255073246102,1.1781485319508873
GLM (LinearRegression),1999,1.013103508245699,1.4177322416499047,0.4046287334042058,0.16372441189629186
GLM (LinearRegression),1999,1.2801422977317356,1.962640682356824,0.6824983846250885,0.4658040450158552
GLM (LinearRegression),1999,1.3088089871152433,1.4647580734340873,0.15594908631884397,0.024320117523682246
GLM (LinearRegression),2000,0.7136701616608675,63.44970201734648,62.73603185568562,3935.8096929976005
GLM (LinearRegression),2000,1.4661328991197724,0.49501026897704015,-0.9711226301427323,0.943079162775338
GLM (LinearRegression),2000,1.0597831002124332,1.2180750695249853,0.15829196931255218,0.02505634754884596
GLM (LinearRegression),2000,0.8866497249854846,0.7417510012099056,-0.144898723775579,0.02099564015179154
GLM (LinearRegression),2000,1.007195581699887,0.8209820584623058,-0.18621352323758122,0.034675476236553204
GLM (LinearRegression),2000,1.072625934765706,1.3091673168553652,0.23654138208965936,0.05595182544088622
GLM (LinearRegression),2000,0.9605538012699292,0.6479826791953938,-0.3125711220745354,0.09770070635493412
GLM (LinearRegression),2000,0.8271927603229026,0.3345012901507116,-0.49269147017219095,0.24274488478043493
GLM (LinearRegression),2000,1.0372581783706414,0.7335009223595816,-0.30375725601105974,0.09226847057936849
GLM (LinearRegression),2000,1.06304486107575,0.4584016142132723,-0.6046432468624776,0.36559345597639903
GLM (LinearRegression),2000,0.8677832577084104,1.2309284885730276,0.36314523086461725,0.13187445869971617
GLM (LinearRegression),2000,1.4449656491346008,0.6426493746669448,-0.802316274467656,0.6437114042756591
GLM (LinearRegression),2000,1.0148038939092794,1.2381081084793377,0.22330421457005833,0.04986477224475065
GLM (LinearRegression),2000,1.024220425617424,1.2054743628202969,0.18125393720287275,0.03285298975154294
GLM (LinearRegression),2000,1.0167513230897431,0.6476336166040537,-0.3691177064856894,0.13624788124125556
GLM (LinearRegression),2000,0.9716136876956456,0.6479826791953938,-0.32363100850025184,0.10473702966289007
GLM (LinearRegression),2000,1.532283571245046,1.1233525099130757,-0.4089310613319703,0.16722461292209168
GLM (LinearRegression),2000,0.58,0.3345012901507116,-0.24549870984928834,0.06026961653766506
GLM (LinearRegression),2000,0.9528876773806534,0.666748322621771,-0.2861393547588824,0.08187573034182956
GLM (LinearRegression),2000,0.987926461410726,1.155978803379895,0.16805234196916896,0.028241589641322506
GLM (LinearRegression),2000,1.1322311186799798,0.6210683175234235,-0.5111628011565563,0.26128740928621713
GLM (LinearRegression),2000,0.89083377548687,6.183050067426194,5.292216291939324,28.00755328066801
GLM (LinearRegression),2000,0.8660443456823075,0.8209820584623058,-0.04506228722000172,0.00203060972949793
GLM (LinearRegression),2000,1.1034086771200895,1.6239324496298477,0.5205237725097582,0.2709449977477905
GLM (LinearRegression),2000,0.7474148609642687,0.6297287873919968,-0.1176860735722719,0.013850011912858194
GLM (LinearRegression),2000,1.5005383631069225,1.2659801692450683,-0.23455819386185417,0.055017546307735164
GLM (LinearRegression),2000,1.046446794631857,0.6967976545004431,-0.3496491401314139,0.12225452119463712
GLM (LinearRegression),2000,1.083324965306489,0.6426493746669448,-0.4406755906395441,0.19419497618551104
GLM (LinearRegression),2000,1.0332311431661765,1.6239324496298477,0.5907013064636712,0.3489280334578881
GLM (LinearRegression),2000,1.0793794969275885,1.1233525099130757,0.04397301298548717,0.0019336258710218233
GLM (LinearRegression),2000,0.9460939040598524,0.843211282629255,-0.10288262143059734,0.010584833792431608
GLM (LinearRegression),2000,1.0151507480721391,0.6476336166040537,-0.3675171314680854,0.13506884192252996
GLM (LinearRegression),2000,0.8600118787632348,1.155978803379895,0.2959669246166602,0.08759642046704381
GLM (LinearRegression),2000,0.723209656811724,0.49482794751273196,-0.22838170929899204,0.05215820514232931
GLM (LinearRegression),2000,1.1470215207467307,1.1077809089390767,-0.039240611807654036,0.0015398256150389973
GLM (LinearRegression),2000,0.9695652544075536,1.3537068276534965,0.3841415732459429,0.1475647482958681
GLM (LinearRegression),2000,1.0219882305798365,1.3091673168553652,0.2871790862755288,0.08247182759404761
GLM (LinearRegression),2000,0.5903106887147653,0.6476336166040537,0.05732292788928839,0.0032859180618005565
GLM (LinearRegression),2000,0.8084990290310952,63.47699152257226,62.668492493541166,3927.3399514130256
GLM (LinearRegression),2000,1.1195016009332517,1.2180750695249853,0.09857346859173366,0.009716728710205503
GLM (LinearRegression),2000,1.1497734865500606,1.2180750695249853,0.06830158297492472,0.004665106236880527
GLM (LinearRegression),2000,0.8167265784590361,0.47880332001912485,-0.3379232584399112,0.11419212859464703
GLM (LinearRegression),2000,1.0923666108642154,1.131541327454016,0.03917471658980065,0.0015346584198912023
GLM (LinearRegression),2000,1.1681042259693193,5.8165754151330304,4.648471189163711,21.608284396485086
GLM (LinearRegression),2000,0.9687733500696948,1.155978803379895,0.18720545331020022,0.03504588174907756
GLM (LinearRegression),2000,1.259782310716149,0.49482794751273196,-0.764954363203417,0.5851551777839452
GLM (LinearRegression),2000,1.0195274870926552,0.49482794751273196,-0.5246995395799232,0.2753096068353834
GLM (LinearRegression),2000,1.0143397794600324,3.7231761939627006,2.7088364145026684,7.337794720535673
GLM (LinearRegression),2000,0.9911585907023877,5.8165754151330304,4.825416824430643,23.284647529498308
GLM (LinearRegression),2000,2.22270777779951,0.6967976545004431,-1.5259101232990668,2.3284017043865735
GLM (LinearRegression),2000,1.5411919865151176,0.6967976545004431,-0.8443943320146745,0.7130017879385083
GLM (LinearRegression),2000,1.065499950108993,1.2381081084793377,0.1726081583703447,0.029793576336002
GLM (LinearRegression),2000,1.1292965898259086,1.1233525099130757,-0.005944079912832967,3.533208601014437e-05
GLM (LinearRegression),2000,0.9535689402031288,0.3505638449012449,-0.6030050953018838,0.363615144960034
GLM (LinearRegression),2000,0.9519125054443978,0.6110437463055687,-0.3408687591388291,0.11619151095684507
GLM (LinearRegression),2000,1.531674375644982,0.9914586166840136,-0.5402157589609684,0.2918330662297751
GLM (LinearRegression),2000,0.8411161587654856,0.3505638449012449,-0.4905523138642407,0.2406415726375605
GLM (LinearRegression),2000,1.4082567255443077,0.6210683175234235,-0.7871884080208842,0.619665589722454
GLM (LinearRegression),2000,0.7398475362105202,0.6476336166040537,-0.09221391960646652,0.00850340696918787
GLM (LinearRegression),2000,1.1127943541834595,0.7335009223595816,-0.37929343182387787,0.1438635074247347
GLM (LinearRegression),2000,1.2004616287715697,1.1233525099130757,-0.07710911885849403,0.0059458162111333595
GLM (LinearRegression),2000,1.0986476350413446,1.155978803379895,0.05733116833855045,0.00328686286306321
GLM (LinearRegression),2000,0.9921707156685432,1.551584146495571,0.5594134308270279,0.3129433865896659
GLM (LinearRegression),2000,1.0904339128484235,0.7335009223595816,-0.35693299048884186,0.12740115969930768
GLM (LinearRegression),2000,1.1051657206495422,1.0457922842440721,-0.059373436405470104,0.0035252049505944028
GLM (LinearRegression),2000,0.8324461781630438,0.6479826791953938,-0.18446349896765002,0.03402678245138822
GLM (LinearRegression),2000,1.058191332406094,0.6479826791953938,-0.4102086532107003,0.1682711391689366
GLM (LinearRegression),2000,0.7474660408614495,0.3345012901507116,-0.4129647507107379,0.1705398853295819
GLM (LinearRegression),2000,0.8709389150091373,0.3345012901507116,-0.5364376248584257,0.2877653253637491
GLM (LinearRegression),2000,0.8611268896984894,0.3345012901507116,-0.5266255995477778,0.2773345220990564
GLM (LinearRegression),2000,1.2648448585521748,0.7335009223595816,-0.5313439361925931,0.28232637852863846
GLM (LinearRegression),2000,0.3594684156485677,0.7335009223595816,0.37403250671101396,0.1399003160765247
GLM (LinearRegression),2000,0.9661496694461622,0.6476336166040537,-0.3185160528421085,0.10145247591811685
GLM (LinearRegression),2000,1.3055904982124276,1.131541327454016,-0.17404917075841153,0.030293113841690696
GLM (LinearRegression),2000,0.3248220553238415,0.6476336166040537,0.3228115612802122,0.1042073040961682
GLM (LinearRegression),2000,0.8404546004638999,0.6476336166040537,-0.19282098385984614,0.03717993181667904
GLM (LinearRegression),2000,1.176080749744456,1.1233525099130757,-0.05272823983138042,0.0027802672757155727
GLM (LinearRegression),2000,1.5573800803757725,1.2180750695249853,-0.3393050108507871,0.11512789038845277
GLM (LinearRegression),2000,1.0781644097331795,0.5505077905789049,-0.5276566191542746,0.2784215077373192
GLM (LinearRegression),2000,0.5646445884413966,0.3345012901507116,-0.23014329829068503,0.05296593774811523
GLM (LinearRegression),2000,0.9760508949118296,0.6479826791953938,-0.32806821571643585,0.10762875416336588
GLM (LinearRegression),2000,0.8080066903497003,63.47699152257226,62.66898483222256,3927.4016599013416
GLM (LinearRegression),2000,0.6795590733439354,0.49482794751273196,-0.18473112583120344,0.03412558885086392
GLM (LinearRegression),2000,1.1635601264396014,0.7335009223595816,-0.43005920408001974,0.18495091901394006
GLM (LinearRegression),2001,0.6123180749301418,0.05991061614567239,-0.5524074587844694,0.30515400052071523
GLM (LinearRegression),2001,1.173893538436494,0.3657821865193831,-0.8081113519171108,0.6530439570973006
GLM (LinearRegression),2001,0.9827320581064704,0.6284880929082568,-0.35424396519821355,0.12548878687935314
GLM (LinearRegression),2001,1.2095693995956336,0.507815420973899,-0.7017539786217346,0.49245864651143395
GLM (LinearRegression),2001,0.7697022061185993,0.4703636260923225,-0.2993385800262768,0.08960358549214771
GLM (LinearRegression),2001,1.071148397553031,0.6925220010256374,-0.3786263965273935,0.143357948147319
GLM (LinearRegression),2001,0.8127563153282815,0.6145122234915028,-0.1982440918367787,0.03930071994818915
GLM (LinearRegression),2001,0.626624496361865,0.3311715000358084,-0.2954529963260566,0.08729247303804481
GLM (LinearRegression),2001,0.7957592426937926,0.9386647251389071,0.14290548244511447,0.020421976912870923
GLM (LinearRegression),2001,0.9634884251237984,0.40676214340364036,-0.556726281720158,0.3099441527579528
GLM (LinearRegression),2001,0.5531078456863346,0.6488544234465656,0.09574657776023099,0.009167407152795959
GLM (LinearRegression),2001,1.3518507275078957,0.4619191619170955,-0.8899315655908002,0.7919781914348928
GLM (LinearRegression),2001,0.9182744997826108,0.6779447493603505,-0.24032975042226024,0.057758388938025894
GLM (LinearRegression),2001,0.9657976612405847,0.453314787936862,-0.5124828733037228,0.2626386954296396
GLM (LinearRegression),2001,0.9550519095898348,0.9152242353806208,-0.03982767420921396,0.0015862436329152868
GLM (LinearRegression),2001,0.4866145455382658,0.6145122234915028,0.12789767795323703,0.016357816025829933
GLM (LinearRegression),2001,0.998912239010711,0.09827547275871562,-0.9006367662519954,0.8111465847248513
GLM (LinearRegression),2001,0.222,0.3311715000358084,0.10917150003580842,0.011918416420068518
GLM (LinearRegression),2001,0.8671844278071634,0.8585397325690713,-0.008644695238092082,7.47307557594919e-05
GLM (LinearRegression),2001,0.8440781183751844,0.47151933816293545,-0.372558780212249,0.13880004471323884
GLM (LinearRegression),2001,0.5190590037801401,0.5839102057929189,0.06485120201277872,0.004205678402502235
GLM (LinearRegression),2001,0.9172167665021408,0.8918500484918617,-0.02536671801027912,0.0006434703826130191
GLM (LinearRegression),2001,0.8327501720557919,0.4703636260923225,-0.3623865459634694,0.13132400869533373
GLM (LinearRegression),2001,1.0011210485197228,0.6457406624121098,-0.355380386107613,0.12629521882999611
GLM (LinearRegression),2001,0.5076286373278419,0.20217676859046274,-0.3054518687373792,0.09330084411515711
GLM (LinearRegression),2001,1.3602569015307266,0.7683108565237411,-0.5919460450069856,0.3504001201994122
GLM (LinearRegression),2001,0.7759031855171358,0.6834382682876743,-0.09246491722946149,0.008549760918251163
GLM (LinearRegression),2001,1.0299456680594257,0.4619191619170955,-0.5680265061423302,0.3226541116802627
GLM (LinearRegression),2001,1.0434588922220829,0.6457406624121098,-0.39771822980997307,0.15817979032317855
GLM (LinearRegression),2001,0.6880443433864836,0.09827547275871562,-0.589768870627768,0.34782732076155287
GLM (LinearRegression),2001,1.0029655698951283,0.5933277361904323,-0.409637833704696,0.16780315480227614
GLM (LinearRegression),2001,0.8659234148369187,0.9152242353806208,0.049300820543702106,0.0024305709062823195
GLM (LinearRegression),2001,0.8774881705620771,0.47151933816293545,-0.4059688323991416,0.16481069287952232
GLM (LinearRegression),2001,0.4508226863699279,0.48444602043618157,0.033623334066253674,0.0011305285937308947
GLM (LinearRegression),2001,1.0914667966629676,0.8080177546429617,-0.283449042020006,0.08034335942205911
GLM (LinearRegression),2001,1.073896368654574,0.9452126476166007,-0.1286837210379732,0.01655950006017891
GLM (LinearRegression),2001,0.9903057916122836,0.6925220010256374,-0.29778379058664617,0.08867518593615153
GLM (LinearRegression),2001,0.6894302699853223,0.1999757821025845,-0.4894544878827378,0.23956569570855316
GLM (LinearRegression),2001,1.0396093862626803,0.6284880929082568,-0.4111212933544235,0.16902071784941394
GLM (LinearRegression),2001,1.071748886274271,0.6284880929082568,-0.4432607933660142,0.19648013093546834
GLM (LinearRegression),2001,0.5719539939726532,0.6454712551286697,0.07351726115601642,0.005404787687881921
GLM (LinearRegression),2001,0.8310412903549145,0.32202580688671456,-0.5090154834681999,0.2590967624103653
GLM (LinearRegression),2001,1.072835576708496,1.3915968694922334,0.3187612927837373,0.10160876177715951
GLM (LinearRegression),2001,0.8460981015511784,0.47151933816293545,-0.3745787633882429,0.14030924998146527
GLM (LinearRegression),2001,0.8477695077667033,0.48444602043618157,-0.3633234873305218,0.13200395644601182
GLM (LinearRegression),2001,0.6544318399967683,0.48444602043618157,-0.16998581956058678,0.02889517885168437
GLM (LinearRegression),2001,1.0366202726897646,0.9070552910828986,-0.12956498160686603,0.016787084458787533
GLM (LinearRegression),2001,0.956300192004353,1.3915968694922334,0.43529667748788037,0.18948319743198774
GLM (LinearRegression),2001,2.160935537649148,0.6834382682876743,-1.4774972693614739,2.182998180970612
GLM (LinearRegression),2001,1.381005929577734,0.6834382682876743,-0.6975676612900596,0.4866006420776834
GLM (LinearRegression),2001,0.943038476377514,0.6779447493603505,-0.2650937270171635,0.0702746841038504
GLM (LinearRegression),2001,1.0431134845937498,0.09827547275871562,-0.9448380118350341,0.8927188686083801
GLM (LinearRegression),2001,0.7961986267857402,0.4169707595969079,-0.3792278671888323,0.14381377525259062
GLM (LinearRegression),2001,0.8012610379250317,0.9035091296567692,0.10224809173173754,0.010454672262781815
GLM (LinearRegression),2001,1.296585563555112,0.7937639119439985,-0.5028216516111135,0.25282961332892795
GLM (LinearRegression),2001,0.6107615208910732,0.4169707595969079,-0.19379076129416528,0.037554859162972146
GLM (LinearRegression),2001,1.2382197075331578,0.5839102057929189,-0.6543095017402389,0.42812092406755975
GLM (LinearRegression),2001,0.5767086585597564,0.9152242353806208,0.3385155768208644,0.11459279575036256
GLM (LinearRegression),2001,0.7950736168028995,0.9386647251389071,0.14359110833600763,0.02061840639316308
GLM (LinearRegression),2001,1.012461075559432,0.09827547275871562,-0.9141856028007165,0.8357353163681094
GLM (LinearRegression),2001,0.8860284864621458,0.47151933816293545,-0.4145091482992104,0.17181783402373677
GLM (LinearRegression),2001,0.9768105112020952,0.5299938653109997,-0.4468166458910955,0.1996451150453686
GLM (LinearRegression),2001,0.7713084801076069,0.9386647251389071,0.1673562450313002,0.02800811275097659
GLM (LinearRegression),2001,1.0121478137951452,0.7131030249069148,-0.2990447888882304,0.08942778576120627
GLM (LinearRegression),2001,0.7693584380715529,0.6145122234915028,-0.1548462145800501,0.02397735016977092
GLM (LinearRegression),2001,0.9934874852154176,0.6145122234915028,-0.3789752617239148,0.14362224899870973
GLM (LinearRegression),2001,0.4760067840042566,0.3311715000358084,-0.1448352839684482,0.020977259482221025
GLM (LinearRegression),2001,0.6353116084719037,0.3311715000358084,-0.3041401084360953,0.09250120555951981
GLM (LinearRegression),2001,0.7564825567069144,0.3311715000358084,-0.425311056671106,0.18088949492669276
GLM (LinearRegression),2001,0.8107397595676491,0.9386647251389071,0.127924965571258,0.01636479681640754
GLM (LinearRegression),2001,0.4405651054284282,0.9386647251389071,0.4980996197104789,0.2481032311557237
GLM (LinearRegression),2001,0.9413152233028448,0.9152242353806208,-0.026090987922223974,0.0006807396507576373
GLM (LinearRegression),2001,1.0877939536430556,0.32202580688671456,-0.7657681467563411,0.5864008545866412
GLM (LinearRegression),2001,0.3590192696320944,0.9152242353806208,0.5562049657485264,0.30936396392331944
GLM (LinearRegression),2001,0.4284882312259687,0.9152242353806208,0.4867360041546521,0.23691193774043753
GLM (LinearRegression),2001,1.025009703240498,0.09827547275871562,-0.9267342304817823,0.8588363339466611
GLM (LinearRegression),2001,1.3974018782591573,0.6284880929082568,-0.7689137853509005,0.5912284093026506
GLM (LinearRegression),2001,0.9306968771921568,0.7470532945730077,-0.18364358261914904,0.03372496543719622
GLM (LinearRegression),2001,0.5408059334415688,0.3311715000358084,-0.20963443340576038,0.04394659566935418
GLM (LinearRegression),2001,0.8709216966580483,0.6145122234915028,-0.2564094731665455,0.06574581792954541
GLM (LinearRegression),2001,0.5429471744915279,0.199975860902472,-0.34297131358905586,0.11762932194500249
GLM (LinearRegression),2001,0.3591514086959285,0.48444603750470594,0.12529462880877745,0.015698744008329324
GLM (LinearRegression),2001,0.8814949738352931,0.9386647416172405,0.05716976778194738,0.0032683823482417885
GLM (LinearRegression),2002,0.8927002607469375,2.7985179381632013,1.9058176774162638,3.6321410195523223
GLM (LinearRegression),2002,0.8091959925061475,1.766207510794772,0.9570115182886244,0.9158710461370981
GLM (LinearRegression),2002,0.8643668108894835,1.9303712987404258,1.0660044878509423,1.1363655681183498
GLM (LinearRegression),2002,1.0267786667055376,1.8469833258087935,0.8202046591032559,0.6727356828146882
GLM (LinearRegression),2002,0.9963462174034232,2.0185059796832836,1.0221597622798604,1.0448105796240208
GLM (LinearRegression),2002,1.0321503360007178,1.915975818322892,0.8838254823221743,0.781147483202024
GLM (LinearRegression),2002,0.6634855454437698,1.925651407878974,1.2621658624352041,1.5930626642968027
GLM (LinearRegression),2002,0.9293173562046054,2.339514710752866,1.4101973545482607,1.9886565787749129
GLM (LinearRegression),2002,1.1352784824552882,2.19344748220388,1.0581689997485917,1.119721632028935
GLM (LinearRegression),2002,0.7345818472256009,2.2184344230852564,1.4838525758596555,2.2018184668853347
GLM (LinearRegression),2002,0.9219289286621156,2.1477821512009148,1.2258532225387992,1.502716123208759
GLM (LinearRegression),2002,0.7977872920806275,2.220616432956519,1.4228291408758913,2.024442764125627
GLM (LinearRegression),2002,0.82932114240972,1.9140626418322033,1.0847414994224833,1.1766641205693373
GLM (LinearRegression),2002,0.9073566023395808,1.873086223542146,0.9657296212025651,0.9326337012680499
GLM (LinearRegression),2002,0.7116353632805686,2.3863526787719427,1.6747173154913741,2.8046780868066348
GLM (LinearRegression),2002,0.9456322183795468,1.925651407878974,0.9800191894994271,0.9604376117871141
GLM (LinearRegression),2002,1.2674510872195082,2.1014195263843765,0.8339684391648683,0.6955033575230867
GLM (LinearRegression),2002,0.92806096696164,1.9592448908762496,1.0311839239146097,1.0633402849399316
GLM (LinearRegression),2002,0.9807802133617296,2.0013696934812804,1.0205894801195508,1.0416028869306948
GLM (LinearRegression),2002,0.8498415915995488,2.7827363918433154,1.9328948002437667,3.7360823088093906
GLM (LinearRegression),2002,0.8377668895108237,1.4498425827815997,0.612075693270776,0.3746366542929011
GLM (LinearRegression),2002,1.0013355315953023,2.0185059796832836,1.0171704480879813,1.0346357204635046
GLM (LinearRegression),2002,1.0203608618339983,2.118890950253189,1.0985300884191906,1.2067683551622748
GLM (LinearRegression),2002,0.7593443676425121,2.3384287819737044,1.5790844143311924,2.493507587583685
GLM (LinearRegression),2002,1.3671584213710608,2.0188506995333744,0.6516922781623136,0.42470282541638626
GLM (LinearRegression),2002,0.9746939897123112,1.5331578840051923,0.558463894292881,0.3118819212287702
GLM (LinearRegression),2002,0.9150373153660462,2.220616432956519,1.3055791175904727,1.7045368322883174
GLM (LinearRegression),2002,1.076053289062865,2.118890950253189,1.042837661190324,1.0875103875969052
GLM (LinearRegression),2002,1.0749820224266864,2.1014195263843765,1.02643750395769,1.0535739495308931
GLM (LinearRegression),2002,1.0426313181107356,1.740348807548941,0.6977174894382054,0.4868096950679523
GLM (LinearRegression),2002,1.2635447380578806,2.3863526787719427,1.122807940714062,1.2606976717305527
GLM (LinearRegression),2002,0.974149421484051,2.0013696934812804,1.0272202719972294,1.055181487202062
GLM (LinearRegression),2002,0.991002664866769,2.0925921468590336,1.1015894819922645,1.2134993868359856
GLM (LinearRegression),2002,0.8866345956606718,1.8728369436019254,0.9862023479412536,0.9725950710848414
GLM (LinearRegression),2002,0.9194198293497216,2.4463267464084884,1.5269069170587668,2.331444733361908
GLM (LinearRegression),2002,0.8694115791476812,1.915975818322892,1.0465642391752108,1.0952967067203878
GLM (LinearRegression),2002,1.5952483926580936,2.3863526787719427,0.7911042861138491,0.6258459915077028
GLM (LinearRegression),2002,0.8602825235015634,2.711071183375822,1.8507886598742587,3.4254186635191544
GLM (LinearRegression),2002,1.110595989169543,1.9303712987404258,0.8197753095708828,0.6720315581820369
GLM (LinearRegression),2002,1.0371018960750948,1.9303712987404258,0.893269402665331,0.7979302257380771
GLM (LinearRegression),2002,1.0045206892209144,2.256918036403619,1.2523973471827046,1.5684991152302759
GLM (LinearRegression),2002,0.9729971882203464,1.689018583429203,0.7160213952088567,0.5126866383968377
GLM (LinearRegression),2002,0.9231243385878436,1.7119710084454316,0.788846669857588,0.6222790685454065
GLM (LinearRegression),2002,0.9989660938128556,2.0013696934812804,1.0024035996684248,1.0048129766282157
GLM (LinearRegression),2002,1.062775935567831,2.0925921468590336,1.0298162112912026,1.0605214290381668
GLM (LinearRegression),2002,0.9457855282778934,2.0925921468590336,1.1468066185811403,1.315165420421509
GLM (LinearRegression),2002,1.035898137373054,1.6229800777729513,0.5870819403998973,0.3446652047437085
GLM (LinearRegression),2002,0.8394628680556813,1.7119710084454316,0.8725081403897503,0.7612704550463802
GLM (LinearRegression),2002,2.314692370281678,1.5331578840051923,-0.7815344862764859,0.6107961532394508
GLM (LinearRegression),2002,1.60621764816258,1.5331578840051923,-0.0730597641573878,0.005337729138733127
GLM (LinearRegression),2002,0.9695596749154364,1.9140626418322033,0.9445029669167669,0.8920858545145753
GLM (LinearRegression),2002,1.015536438456104,2.1014195263843765,1.0858830879282724,1.1791420806486401
GLM (LinearRegression),2002,0.7506540466164575,2.6992940664441964,1.948640019827739,3.797197926874251
GLM (LinearRegression),2002,0.7696407601197945,2.1453273568296543,1.3756865967098597,1.8925136123671562
GLM (LinearRegression),2002,1.539884100713742,2.207557301722915,0.667673201009173,0.4457875033458356
GLM (LinearRegression),2002,0.316480842676577,2.6992940664441964,2.3828132237676196,5.677798859361836
GLM (LinearRegression),2002,1.2515756141009455,2.7827363918433154,1.53116077774237,2.3444533272966193
GLM (LinearRegression),2002,1.046495266621443,2.3863526787719427,1.3398574121504996,1.7952178848946336
GLM (LinearRegression),2002,1.0303075737698957,2.19344748220388,1.1631399084339842,1.3528944465918171
GLM (LinearRegression),2002,1.1569965351516245,2.1014195263843765,0.944422991232752,0.8919347863690187
GLM (LinearRegression),2002,0.942095934922743,2.0013696934812804,1.0592737585585374,1.1220608955707307
GLM (LinearRegression),2002,1.0739433308079436,1.9592071899898262,0.8852638591818827,0.7836921003736002
GLM (LinearRegression),2002,1.0532698362254156,2.19344748220388,1.1401776459784643,1.3000050643889922
GLM (LinearRegression),2002,1.0534337870821058,1.693186396823109,0.6397526097410031,0.40928340167042426
GLM (LinearRegression),2002,0.605119528950928,1.925651407878974,1.3205318789280458,1.743804443265235
GLM (LinearRegression),2002,0.7783893110711828,1.925651407878974,1.1472620968077911,1.3162103187718095
GLM (LinearRegression),2002,0.9519494436922232,2.339514710752866,1.3875652670606429,1.9253373703530732
GLM (LinearRegression),2002,0.9237549476023208,2.339514710752866,1.4157597631505454,2.0043757069560884
GLM (LinearRegression),2002,1.0617954645853271,2.339514710752866,1.277719246167539,1.6325664720269444
GLM (LinearRegression),2002,1.1054460467147476,2.19344748220388,1.0880014354891323,1.1837471236264125
GLM (LinearRegression),2002,0.4355678996394807,2.19344748220388,1.7578795825643991,3.0901406267967864
GLM (LinearRegression),2002,1.0943111120344573,2.3863526787719427,1.2920415667374854,1.669371410177456
GLM (LinearRegression),2002,0.9602014344789755,1.689018583429203,0.7288171489502275,0.5311744366039381
GLM (LinearRegression),2002,0.8597035741963429,2.3863526787719427,1.5266491045755997,2.33065748850148
GLM (LinearRegression),2002,0.8925044527357111,2.3863526787719427,1.4938482260362316,2.231582522431596
GLM (LinearRegression),2002,1.018442428318031,2.1014195263843765,1.0829770980663456,1.172839394936203
GLM (LinearRegression),2002,1.621485735263675,1.9303712987404258,0.3088855634767509,0.0954102913243499
GLM (LinearRegression),2002,0.8711783274949572,1.8657716916824545,0.9945933641874973,0.9892159600858037
GLM (LinearRegression),2002,0.6776521745527446,2.339514710752866,1.6618625362001216,2.7617870892255003
GLM (LinearRegression),2002,0.8257265068361858,1.925651407878974,1.099924901042788,1.209834787933987
GLM (LinearRegression),2002,0.6118693476533471,2.7110709403841935,2.0992015927308465,4.406647326923722
GLM (LinearRegression),2002,0.6699500396288046,2.092592171408104,1.4226421317792992,2.0239106351135487
GLM (LinearRegression),2002,1.1883184014643344,2.193447387934715,1.0051289864703805,1.0102842794429743
GLM (LinearRegression),2003,1.063300481138434,0.7205943388703668,-0.34270614226806706,0.11744749994826062
GLM (LinearRegression),2003,0.8821328401245884,0.66414012704038,-0.21799271308420842,0.04752082295781401
GLM (LinearRegression),2003,0.9893233769170116,1.6057687994921503,0.6164454225751388,0.38000495901384146
GLM (LinearRegression),2003,0.5987870329554135,1.4568337936848617,0.8580467607294482,0.7362442435982989
GLM (LinearRegression),2003,0.9875680165704164,1.4436326562750106,0.4560646397045942,0.20799495558888134
GLM (LinearRegression),2003,1.1621867652776212,1.502716319085746,0.3405295538081248,0.11596037701676054
GLM (LinearRegression),2003,0.8676728609224382,1.3527079064019996,0.48503504547956133,0.23525899534336014
GLM (LinearRegression),2003,1.2599506817826136,1.3064997324341017,0.046549050651488066,0.0021668141165548014
GLM (LinearRegression),2003,1.3612971173077513,1.1977205996277258,-0.16357651768002546,0.02675727713632368
GLM (LinearRegression),2003,1.1021083218944134,1.349889258087867,0.24778093619345354,0.06139539234090429
GLM (LinearRegression),2003,1.0483032346732866,1.1083767193863674,0.06007348471308083,0.003608823565572756
GLM (LinearRegression),2003,0.711735782959728,0.7848514095180941,0.07311562655836612,0.005345894847022453
GLM (LinearRegression),2003,0.8134206148387869,1.3838047041804453,0.5703840893416584,0.32533800937411295
GLM (LinearRegression),2003,1.0755889836001251,0.9542084283544023,-0.12138055524572278,0.014733239191759959
GLM (LinearRegression),2003,0.9139935083050597,1.0179164712704074,0.10392296296534775,0.010799982231497042
GLM (LinearRegression),2003,1.30746840776998,1.3527079064019996,0.04523949863201948,0.0020466122364764926
GLM (LinearRegression),2003,1.9246150146112613,1.088576149385997,-0.8360388652252644,0.6989609841671478
GLM (LinearRegression),2003,1.402,1.3064997324341017,-0.09550026756589824,0.009120301105158156
GLM (LinearRegression),2003,0.8699226944605557,2.367399041178512,1.4974763467179564,2.242435408979757
GLM (LinearRegression),2003,0.9778438590035616,1.03668789898941,0.058844039985848307,0.0034626210418561144
GLM (LinearRegression),2003,1.2497239507906062,1.4197613054321006,0.1700373546414944,0.028912701973477332
GLM (LinearRegression),2003,0.9662709857464544,0.5825710472541028,-0.3836999384923516,0.1472256427990344
GLM (LinearRegression),2003,0.822919219848447,1.4436326562750106,0.6207134364265636,0.38528517016047364
GLM (LinearRegression),2003,0.8636673198456065,1.0040000910753657,0.14033277122975918,0.019693286681023926
GLM (LinearRegression),2003,1.0908382404464296,1.6359205011936206,0.545082260747191,0.29711467098126876
GLM (LinearRegression),2003,1.303779768385375,1.8013657050173857,0.4975859366320108,0.24759176433395544
GLM (LinearRegression),2003,1.144121578023162,0.6253181614534038,-0.5188034165697581,0.269156985044454
GLM (LinearRegression),2003,0.5405136703098741,0.7848514095180941,0.24433773920822,0.059700930801384125
GLM (LinearRegression),2003,0.7858185430989212,1.0040000910753657,0.2181815479764445,0.047603187877397556
GLM (LinearRegression),2003,1.4944199179032136,1.088576149385997,-0.4058437685172167,0.16470916444425618
GLM (LinearRegression),2003,0.9858603985763128,1.661747709863928,0.6758873112876151,0.4568236575596016
GLM (LinearRegression),2003,1.6193625604917117,1.0179164712704074,-0.6014460892213043,0.3617373982396011
GLM (LinearRegression),2003,1.0066758089578254,1.03668789898941,0.03001209003158456,0.0009007255480639373
GLM (LinearRegression),2003,1.2560520581600516,0.7035784902650699,-0.5524735678949817,0.30522704322261096
GLM (LinearRegression),2003,0.94177489191368,1.554092149026044,0.612317257112364,0.37493242335760885
GLM (LinearRegression),2003,1.1876227491824107,1.1641808958788966,-0.023441853303514115,0.0005495204863034756
GLM (LinearRegression),2003,1.1651918322476935,1.502716319085746,0.3375244868380525,0.11392277921529066
GLM (LinearRegression),2003,1.5999754307864449,1.0179164712704074,-0.5820589595160375,0.33879263235289214
GLM (LinearRegression),2003,1.1448335784582568,0.8956976092809124,-0.24913596917734449,0.06206873113793474
GLM (LinearRegression),2003,1.2917529989120835,1.6057687994921503,0.31401580058006684,0.0986059230139403
GLM (LinearRegression),2003,1.1328999036862748,1.6057687994921503,0.47286889580587554,0.223604992620668
GLM (LinearRegression),2003,1.4369587807745816,0.713092115334373,-0.7238666654402086,0.5239829493355269
GLM (LinearRegression),2003,1.2228156410546496,0.8526125582734745,-0.3702030827811751,0.13705032250068558
GLM (LinearRegression),2003,1.1900792555910065,0.8779475696406076,-0.31213168595039886,0.09742618937423843
GLM (LinearRegression),2003,1.078727337463971,1.03668789898941,-0.04203943847456104,0.0017673143872564032
GLM (LinearRegression),2003,1.308542727155798,0.7035784902650699,-0.604964236890728,0.36598172791678085
GLM (LinearRegression),2003,1.2132171035995434,0.7035784902650699,-0.5096386133344735,0.25973151620148494
GLM (LinearRegression),2003,1.3507676737996357,0.6001592071957271,-0.7506084666039086,0.5634130701374709
GLM (LinearRegression),2003,1.0154875941572108,0.8779475696406076,-0.1375400245166032,0.018917258344027806
GLM (LinearRegression),2003,2.439593313681345,0.6253181614534038,-1.814275152227941,3.2915943279917186
GLM (LinearRegression),2003,1.9858695303165816,0.6253181614534038,-1.3605513688631778,1.851100027315467
GLM (LinearRegression),2003,0.906546112625046,1.3838047041804453,0.4772585915553993,0.22777576321344345
GLM (LinearRegression),2003,1.2559854917311293,1.088576149385997,-0.16740934234513238,0.028025887904429735
GLM (LinearRegression),2003,1.0351658473057408,0.11663428730528502,-0.9185315600004558,0.8437002267168708
GLM (LinearRegression),2003,0.8383920295294874,0.6457640736494137,-0.19262795588007375,0.03710552938653564
GLM (LinearRegression),2003,1.8899523854654,1.0209171712790772,-0.8690352141863227,0.7552222034958678
GLM (LinearRegression),2003,0.7944231248329915,0.11663428730528502,-0.6777888375277065,0.4593977082771597
GLM (LinearRegression),2003,1.571203525595545,1.4197613054321006,-0.15144222016344444,0.022934746048033177
GLM (LinearRegression),2003,1.4104962092603932,1.0179164712704074,-0.3925797379899858,0.1541188506802859
GLM (LinearRegression),2003,1.302390452694654,1.1977205996277258,-0.10466985306692811,0.01095577814105232
GLM (LinearRegression),2003,1.4710660189128413,1.088576149385997,-0.3824898695268444,0.14629850029066244
GLM (LinearRegression),2003,1.0993323645228654,1.03668789898941,-0.06264446553345548,0.003924329061972292
GLM (LinearRegression),2003,1.0468239413135372,0.8898663103405193,-0.15695763097301785,0.02463569792066205
GLM (LinearRegression),2003,1.2990106401437944,1.1977205996277258,-0.1012900405160686,0.010259672307746819
GLM (LinearRegression),2003,0.98833955873575,1.4053044812476652,0.4169649225119152,0.17385974660536743
GLM (LinearRegression),2003,0.7628984612338211,1.3527079064019996,0.5898094451681785,0.3478751816095945
GLM (LinearRegression),2003,0.9193159895708491,1.3527079064019996,0.4333919168311504,0.1878285535745788
GLM (LinearRegression),2003,1.4183876227861651,1.3064997324341017,-0.11188789035206348,0.01251890000743538
GLM (LinearRegression),2003,1.3492155686442633,1.3064997324341017,-0.04271583621016162,0.0018246426631333545
GLM (LinearRegression),2003,1.311229217914428,1.3064997324341017,-0.0047294854803263675,2.2368032908617932e-05
GLM (LinearRegression),2003,1.239626238401501,1.1977205996277258,-0.04190563877377529,0.0017560825610381389
GLM (LinearRegression),2003,0.2891008676125291,1.1977205996277258,0.9086197320151967,0.8255898174073679
GLM (LinearRegression),2003,1.4049273944512335,1.0179164712704074,-0.3870109231808261,0.14977745466127526
GLM (LinearRegression),2003,1.208809367632931,0.8526125582734745,-0.3561968093594565,0.126876166997857
GLM (LinearRegression),2003,0.981579542624565,1.0179164712704074,0.03633692864584237,0.0013203723834130398
GLM (LinearRegression),2003,1.3729964570011235,1.0179164712704074,-0.3550799857307161,0.12608179626652555
GLM (LinearRegression),2003,1.4815028813116258,1.088576149385997,-0.3929267319256289,0.15439141666175502
GLM (LinearRegression),2003,1.78504150110514,1.6057687994921503,-0.17927270161298958,0.032138701543619995
GLM (LinearRegression),2003,0.9315025738342728,2.129460723104355,1.1979581492700822,1.4351037274026004
GLM (LinearRegression),2003,0.9369504733680238,1.3064997324341017,0.36954925906607783,0.1365666548762871
GLM (LinearRegression),2003,0.7664036468817211,1.3527079064019996,0.5863042595202784,0.343752684731622
GLM (LinearRegression),2003,1.2517885286161958,0.8956976092809124,-0.3560909193352835,0.12680074283304738
GLM (LinearRegression),2003,1.5648669644009372,0.7035784902650699,-0.8612884741358673,0.7418178356792905
GLM (LinearRegression),2003,1.3766738628297728,1.1977205996277258,-0.17895326320204696,0.032024270410661096
GLM (LinearRegression),2004,1.1767169818818612,82.34159583372907,81.1648788518472,6587.737559035034
GLM (LinearRegression),2004,1.306394592394044,-2893.388069976825,-2894.6944645692192,8379256.043207679
GLM (LinearRegression),2004,1.2377087484176237,-68.87251023748526,-70.11021898590288,4915.442806251256
GLM (LinearRegression),2004,0.9783597797103036,-2073.6663460893983,-2074.6447058691087,4304150.6555907205
GLM (LinearRegression),2004,1.3496758698547973,-2073.883783543361,-2075.2334594132158,4306593.911068143
GLM (LinearRegression),2004,1.1939651419621935,-1628.3648530593296,-1629.5588182012918,2655461.941977591
GLM (LinearRegression),2004,1.0744420280255658,-5432.986351419863,-5434.0607934478885,29529016.706887495
GLM (LinearRegression),2004,1.2042000475991403,155.97456461974636,154.77036457214723,23953.865749795368
GLM (LinearRegression),2004,1.3573776840168954,-137.90714929735128,-139.26452698136816,19394.608475344223
GLM (LinearRegression),2004,1.206740433657973,-4885.202142376422,-4886.408882810079,23876991.77000525
GLM (LinearRegression),2004,0.8042326154129169,-1192.0334816244176,-1192.8377142398306,1422861.8125129037
GLM (LinearRegression),2004,1.2086585248365298,-2721.971835427121,-2723.1804939519575,7415712.002640427
GLM (LinearRegression),2004,1.272833465685565,-1628.355887781742,-1629.6287212474276,2655689.769114526
GLM (LinearRegression),2004,1.2961237248802158,-2466.035158794761,-2467.3312825196413,6087723.657700018
GLM (LinearRegression),2004,1.127882380208051,125.65583338137687,124.52795100116882,15507.210580549501
GLM (LinearRegression),2004,1.0877814003795023,-5432.986351419863,-5434.074132820243,29529161.680986077
GLM (LinearRegression),2004,1.149097978324665,-28.74466636642678,-29.893764344751446,893.6371466995329
GLM (LinearRegression),2004,0.96470667411052,-11497.386279696706,-11498.350986370817,132212075.40577474
GLM (LinearRegression),2004,1.1140742888177546,-1192.036576025199,-1193.150650314017,1423608.4743447616
GLM (LinearRegression),2004,0.9236659760374074,281.64516940980445,280.72150343376705,78804.56249011449
GLM (LinearRegression),2004,1.1772098526414596,108.34420955718518,107.16699970454373,11484.765825673676
GLM (LinearRegression),2004,1.4397441726993567,-2073.883783543361,-2075.32352771606,4306967.744691833
GLM (LinearRegression),2004,1.313114670095252,-659.0400113010497,-660.353125971145,436066.2509798629
GLM (LinearRegression),2004,0.9977106406580848,67.38703133098257,66.38932069032448,4407.541901722746
GLM (LinearRegression),2004,2.0027003414112388,-68.84712557857576,-70.849825919987,5019.6978328924615
GLM (LinearRegression),2004,1.2514867962972267,-2044.0927659292272,-2045.3442527255245,4183433.112157334
GLM (LinearRegression),2004,1.3487310829096109,-2721.971835427121,-2723.3205665100304,7416474.907976513
GLM (LinearRegression),2004,1.2586475025671398,-659.0400113010497,-660.2986588036168,435994.3188178552
GLM (LinearRegression),2004,1.2929769434164124,-28.74466636642678,-30.037643309843194,902.2600156093675
GLM (LinearRegression),2004,0.983822139691196,-5200.488823031933,-5201.472645171624,27055317.678468693
GLM (LinearRegression),2004,1.041964933542333,125.65583338137687,124.61386844783453,15528.616209534212
GLM (LinearRegression),2004,0.8989512007847483,-1192.036576025199,-1192.9355272259838,1423095.172117936
GLM (LinearRegression),2004,1.3415869316046047,101.85145397501223,100.50986704340762,10102.233373083478
GLM (LinearRegression),2004,0.9688070466001888,-11070.984963163755,-11071.953770210355,122588160.2896753
GLM (LinearRegression),2004,0.8674505118041108,0.13442279313817318,-0.7330277186659376,0.537329636332589
GLM (LinearRegression),2004,1.0808898297189793,-1628.3648530593296,-1629.4457428890485,2655093.429019243
GLM (LinearRegression),2004,0.7347344776930037,125.65583338137687,124.92109890368386,15605.280951303963
GLM (LinearRegression),2004,1.0666954413867964,82.48076244835183,81.41406700696503,6628.250306614591
GLM (LinearRegression),2004,1.2320022599274547,-68.87251023748526,-70.10451249741271,4914.6426724998955
GLM (LinearRegression),2004,1.194222971854335,-68.87251023748526,-70.06673320933959,4909.347102628771
GLM (LinearRegression),2004,1.1884853802458095,101.7075264564936,100.51904107624779,10104.07761888839
GLM (LinearRegression),2004,1.227666237148055,-2465.7818869370794,-2467.0095531742277,6086136.135452903
GLM (LinearRegression),2004,1.1606618609117194,-601.4270337416425,-602.5876956025543,363111.9308915966
GLM (LinearRegression),2004,1.0866972396569785,-1192.036576025199,-1193.1232732648562,1423543.1452062447
GLM (LinearRegression),2004,1.020322584694409,101.85145397501223,100.83113139031782,10166.917057451536
GLM (LinearRegression),2004,0.9774724189438226,101.85145397501223,100.87398155606841,10175.560154974031
GLM (LinearRegression),2004,1.191570017636809,-1139.4948132284014,-1140.6863832460383,1301165.4249229277
GLM (LinearRegression),2004,1.0179173857369463,-601.4270337416425,-602.4449511273795,362939.9191388706
GLM (LinearRegression),2004,2.6243339984466374,-2044.0927659292272,-2046.7170999276739,4189050.8871363476
GLM (LinearRegression),2004,1.7557267808341832,-2044.0927659292272,-2045.8484927100615,4185496.0551240304
GLM (LinearRegression),2004,1.2467096839623537,-1628.355887781742,-1629.6025974657043,2655604.6256669704
GLM (LinearRegression),2004,1.0851882544482256,-28.74466636642678,-29.829854620875007,889.8202267025381
GLM (LinearRegression),2004,0.935896561808538,-635.2270287614498,-636.1629253232584,404703.2675558456
GLM (LinearRegression),2004,1.0354842905593358,-7930.297711670732,-7931.333195961291,62906046.26535754
GLM (LinearRegression),2004,1.5070634441002717,-1728.2667806007726,-1729.773844044873,2992117.5515417764
GLM (LinearRegression),2004,0.8126306607730346,-635.2270287614498,-636.0396594222228,404546.4483579372
GLM (LinearRegression),2004,1.0455942502246949,281.64516940980445,280.5995751595798,78736.12157973666
GLM (LinearRegression),2004,1.172992427678933,125.65583338137687,124.48284095369793,15495.977691903654
GLM (LinearRegression),2004,1.3276596329828358,-137.90714929735128,-139.2348089303341,19386.332017866647
GLM (LinearRegression),2004,1.0269074811511698,-28.74466636642678,-29.77157384757795,886.3466093617874
GLM (LinearRegression),2004,1.2552072998752313,-1192.036576025199,-1193.2917833250744,1423945.2801511365
GLM (LinearRegression),2004,0.7888899136153146,-658.8664536069679,-659.6553435205832,435145.1722352586
GLM (LinearRegression),2004,1.25884173859882,-137.90714929735128,-139.1659910359501,19367.173061018144
GLM (LinearRegression),2004,0.8853705506869889,-11070.824461852926,-11071.709832403612,122582758.61294283
GLM (LinearRegression),2004,1.0566266961352293,-5432.986351419863,-5434.042978115998,29528823.088011786
GLM (LinearRegression),2004,1.205096236899636,-5432.986351419863,-5434.191447656763,29530436.6897859
GLM (LinearRegression),2004,1.1068874504382822,155.97456461974636,154.86767716930808,23983.997431817028
GLM (LinearRegression),2004,1.312029619535758,155.97456461974636,154.6625350002106,23920.49973269137
GLM (LinearRegression),2004,1.2543421117731364,155.97456461974636,154.72022250797323,23938.34725291675
GLM (LinearRegression),2004,1.3801000403339778,-137.90714929735128,-139.28724933768527,19400.937828058504
GLM (LinearRegression),2004,0.4901826525103089,-137.90714929735128,-138.39733194986158,19153.82149084018
GLM (LinearRegression),2004,0.7002414473504125,125.65583338137687,124.95559193402646,15613.899955582938
GLM (LinearRegression),2004,1.2822864158522904,-2465.7818869370794,-2467.064173352932,6086405.635441585
GLM (LinearRegression),2004,1.2419104771531448,125.65583338137687,124.41392290422372,15478.824212418125
GLM (LinearRegression),2004,1.0209639820596017,125.65583338137687,124.63486939931727,15533.850670184871
GLM (LinearRegression),2004,1.0668503191961056,-28.74466636642678,-29.811516685622887,888.7265270971718
GLM (LinearRegression),2004,1.9540460961327064,-68.87251023748526,-70.82655633361796,5016.401082079158
GLM (LinearRegression),2004,1.1999075992881494,-11497.366504397212,-11498.5664119965,132217029.53109407
GLM (LinearRegression),2004,0.8941534823884377,155.97456461974636,155.0804111373579,24049.933918531966
GLM (LinearRegression),2004,1.14595936283734,-5432.986351419863,-5434.1323107827,29529793.97109253
GLM (LinearRegression),2004,0.9718053621913464,82.48076242547621,81.50895706328487,6643.710081544416
GLM (LinearRegression),2004,0.9371410309532467,101.85145394292527,100.91431291197203,10183.698550495405
GLM (LinearRegression),2004,1.5066357447338463,-137.90714928999347,-139.4137850347273,19436.203457709158
GLM (LinearRegression),2005,0.3677866998473222,1.4144732200226464,1.0466865201753242,1.0955526715167292
GLM (LinearRegression),2005,1.1632670469431658,1.1229002145343294,-0.04036683240883643,0.001629481158723087
GLM (LinearRegression),2005,0.9631502992132976,1.2184157371986295,0.25526543798533186,0.0651604438298433
GLM (LinearRegression),2005,0.9475282425926524,1.0617946460267014,0.11426640343404892,0.013056810953752827
GLM (LinearRegression),2005,0.7659051838697457,1.0142297040139603,0.24832452014421458,0.06166506730485443
GLM (LinearRegression),2005,0.9402448632260604,1.4636811124356974,0.523436249209637,0.27398550698665325
GLM (LinearRegression),2005,0.680015863235924,1.3116997827679917,0.6316839195320677,0.3990245741953958
GLM (LinearRegression),2005,0.4654202873088354,1.5001907370522964,1.034770449743461,1.0707498836622849
GLM (LinearRegression),2005,0.2641668551759062,1.1585506769241967,0.8943838217482905,0.7999224206050778
GLM (LinearRegression),2005,0.8201460441389108,1.4083579820077468,0.588211937868836,0.3459932838514113
GLM (LinearRegression),2005,0.6178351278150642,1.3355341436060009,0.7176990157909366,0.5150918772672791
GLM (LinearRegression),2005,1.254772233006016,1.2997914768717784,0.04501924386576239,0.002026732318244985
GLM (LinearRegression),2005,1.0510501338020537,1.4733390188700106,0.4222888850679569,0.17832790245193814
GLM (LinearRegression),2005,0.9516893504938084,1.487104887978976,0.5354155374851677,0.286669797780531
GLM (LinearRegression),2005,0.7378733742640606,1.4507297614533492,0.7128563871892886,0.5081642287565649
GLM (LinearRegression),2005,0.3021469648662025,1.3116997827679917,1.0095528179017892,1.019196892133443
GLM (LinearRegression),2005,0.7009044202503393,1.1310759816821339,0.4301715614317946,0.18504757226466823
GLM (LinearRegression),2005,0.9151099844501488,1.3451865128805913,0.43007652843044253,0.18496582030678124
GLM (LinearRegression),2005,0.8166746251320058,1.3577894796150396,0.5411148544830338,0.2928052857421948
GLM (LinearRegression),2005,0.2604300446055276,1.2263901023576729,0.9659600577521452,0.9330788331725277
GLM (LinearRegression),2005,0.9190472792622776,1.4911332782745923,0.5720859990123147,0.32728239026591815
GLM (LinearRegression),2005,0.9806095931837562,1.0142297040139603,0.03362011083020411,0.0011303118522352077
GLM (LinearRegression),2005,1.118966810993774,1.5511977917250626,0.4322309807312885,0.1868236207039315
GLM (LinearRegression),2005,0.2840505592798406,1.3259022666649436,1.041851707385103,1.0854549801812543
GLM (LinearRegression),2005,1.6933301166867691,1.2695412089614457,-0.4237889077253234,0.17959703831102267
GLM (LinearRegression),2005,0.822097145719379,1.2773935498031825,0.45529640408380356,0.20729481557164214
GLM (LinearRegression),2005,1.1430282554086786,1.2997914768717784,0.15676322146309984,0.02457470760348889
GLM (LinearRegression),2005,1.1232800806388148,1.5511977917250626,0.42791771108624777,0.18311356746129342
GLM (LinearRegression),2005,0.3659187034747928,1.1310759816821339,0.765157278207341,0.5854656603936663
GLM (LinearRegression),2005,0.9042324807566592,1.3176651168697937,0.4134326361131345,0.1709265446034555
GLM (LinearRegression),2005,0.544663390219367,1.4507297614533492,0.9060663712339821,0.8209562690811164
GLM (LinearRegression),2005,0.8724546761468841,1.3577894796150396,0.4853348034681555,0.2355498714574731
GLM (LinearRegression),2005,0.1414241796205917,1.639764242184956,1.4983400625643644,2.245022943085383
GLM (LinearRegression),2005,1.3702267115437077,1.4217860555401423,0.05155934399643458,0.0026583659533426745
GLM (LinearRegression),2005,0.8266850518834951,0.7778235223601406,-0.04886152952335443,0.0023874490673616365
GLM (LinearRegression),2005,0.8848667872940331,1.4636811124356974,0.5788143251416643,0.3350260229892003
GLM (LinearRegression),2005,0.9811061444043396,1.4507297614533492,0.46962361704900957,0.2205463416901948
GLM (LinearRegression),2005,0.3359197985140006,1.5587499343788842,1.2228301358648836,1.49531354117933
GLM (LinearRegression),2005,0.9567734709644222,1.2184157371986295,0.2616422662342073,0.0684566754801718
GLM (LinearRegression),2005,0.9273752245218028,1.2184157371986295,0.29104051267682673,0.08470458001919014
GLM (LinearRegression),2005,0.2472941189950124,1.4996729299352047,1.2523788109401923,1.56845268609197
GLM (LinearRegression),2005,0.8431213385682278,1.584234593318488,0.7411132547502602,0.5492488563665241
GLM (LinearRegression),2005,1.276248300266249,0.9565670857029183,-0.31968121456333076,0.10219607894468632
GLM (LinearRegression),2005,0.8477627962015524,1.3577894796150396,0.5100266834134872,0.2601272177937615
GLM (LinearRegression),2005,0.4313442467341011,1.639764242184956,1.208419995450855,1.4602788854054445
GLM (LinearRegression),2005,0.2710989412514719,1.639764242184956,1.3686653009334842,1.8732447059793447
GLM (LinearRegression),2005,0.998418034151831,1.4237193387295157,0.4253013045776848,0.1808811996754806
GLM (LinearRegression),2005,1.0317448185658058,0.9565670857029183,-0.07517773286288754,0.005651691518403681
GLM (LinearRegression),2005,2.4828753710820672,1.2773935498031825,-1.2054818212788847,1.453186421433857
GLM (LinearRegression),2005,1.0392367181899798,1.2773935498031825,0.23815683161320278,0.056718676444039426
GLM (LinearRegression),2005,0.9148522852655582,1.4733390188700106,0.5584867336044524,0.3119074316121706
GLM (LinearRegression),2005,0.7584492813307686,1.1310759816821339,0.37262670035136525,0.13885065781474615
GLM (LinearRegression),2005,0.817533085542259,1.3936172493983214,0.5760841638560624,0.33187296384573856
GLM (LinearRegression),2005,0.6435509296752188,1.4622782679113335,0.8187273382361148,0.6703144543751934
GLM (LinearRegression),2005,0.6625053447389291,1.243380591835976,0.5808752470970469,0.33741605269005526
GLM (LinearRegression),2005,0.1342124047348655,1.3936172493983214,1.259404844663456,1.586100562761784
GLM (LinearRegression),2005,0.7668512639397124,1.2263901023576729,0.4595388384179605,0.2111759440145284
GLM (LinearRegression),2005,0.3165717710437498,1.4507297614533492,1.1341579904095993,1.2863143472099408
GLM (LinearRegression),2005,0.656536626167379,1.1585506769241967,0.5020140507568177,0.25201810715726874
GLM (LinearRegression),2005,0.7174760869596777,1.1310759816821339,0.4135998947224562,0.17106487291442682
GLM (LinearRegression),2005,0.9965594014671332,1.3577894796150396,0.3612300781479064,0.13048716935874258
GLM (LinearRegression),2005,1.0576726913220835,1.6044961545436855,0.546823463221602,0.29901589992966676
GLM (LinearRegression),2005,0.3300873182742699,1.1585506769241967,0.8284633586499268,0.6863515366255173
GLM (LinearRegression),2005,1.1103588875557604,1.4685320262675852,0.35817313871182477,0.12828799729468007
GLM (LinearRegression),2005,0.70304805536552,1.3116997827679917,0.6086517274024718,0.3704569252700128
GLM (LinearRegression),2005,0.975647775762765,1.3116997827679917,0.33605200700522675,0.11293095141224097
GLM (LinearRegression),2005,0.2098031081554265,1.5001907370522964,1.2903876288968699,1.665100232810086
GLM (LinearRegression),2005,0.4151588024357741,1.5001907370522964,1.0850319346165223,1.177294299137673
GLM (LinearRegression),2005,0.5304220487578715,1.5001907370522964,0.969768688294425,0.9404513087962896
GLM (LinearRegression),2005,0.2905521525357015,1.1585506769241967,0.8679985243884951,0.7534214383406049
GLM (LinearRegression),2005,0.0979975915080926,1.1585506769241967,1.060553085416104,1.1247728469856182
GLM (LinearRegression),2005,0.2252823054285729,1.4507297614533492,1.2254474560247763,1.501721467477596
GLM (LinearRegression),2005,1.141816250139725,1.584234593318488,0.44241834317876294,0.19573399038104167
GLM (LinearRegression),2005,1.1700169580925115,1.4507297614533492,0.2807128033608377,0.07879967797070034
GLM (LinearRegression),2005,0.3349323898052548,1.4507297614533492,1.1157973716480944,1.245003774576796
GLM (LinearRegression),2005,0.7796824178096574,1.1310759816821339,0.35139356387247644,0.12347743673100019
GLM (LinearRegression),2005,1.487117141651387,1.2184157371986295,-0.2687014044527576,0.07220044475488441
GLM (LinearRegression),2005,0.8138681960161693,1.3159284187355844,0.5020602227194151,0.25206446723706866
GLM (LinearRegression),2005,0.2045276073691517,1.5001907370522964,1.2956631296831447,1.6787429456203213
GLM (LinearRegression),2005,0.7450017105133373,1.3116997827679917,0.5666980722546544,0.3211467050971415
GLM (LinearRegression),2005,0.3669300611245367,1.5587499666427682,1.1918199055182315,1.4204346871894862
GLM (LinearRegression),2005,0.179099240513306,1.6397642948282147,1.4606650543149087,2.133542400896775
GLM (LinearRegression),2005,0.5989452828357509,1.1585506858585042,0.5596054030227533,0.31315820709225817
GLM (LinearRegression),2006,1.0763714886096774,-1.9787495997391293,-3.0551210883488067,9.333764864473597
GLM (LinearRegression),2006,1.158628021327636,0.9194955040781874,-0.23913251724944873,0.05718436080605789
GLM (LinearRegression),2006,0.9974161522678848,-243.35752659629568,-244.35494274856356,59709.33804565378
GLM (LinearRegression),2006,1.1209486976691108,0.16680797784440204,-0.9541407198247087,0.9103845132276133
GLM (LinearRegression),2006,1.155082158978234,0.22227746508699187,-0.9328046938912422,0.8701245969455341
GLM (LinearRegression),2006,1.0892317164710688,-272.9973023948935,-274.0865341113646,75123.42818118022
GLM (LinearRegression),2006,0.911578470319884,-0.8157159071363627,-1.7272943774562468,2.9835458663919634
GLM (LinearRegression),2006,1.2396465943561408,-1.7285491356253975,-2.968195729981538,8.810185891480636
GLM (LinearRegression),2006,1.013782429200732,-0.7087026593601682,-1.7224850885609002,2.966954880314652
GLM (LinearRegression),2006,1.0505718722007755,-1089.4661534721693,-1090.5167253443701,1189226.7282558084
GLM (LinearRegression),2006,1.0445697320624705,1.306829777122149,0.2622600450596786,0.06878033123470464
GLM (LinearRegression),2006,1.0822872841575886,0.5706792502948896,-0.5116080338626989,0.26174278031285647
GLM (LinearRegression),2006,1.0279494856798663,-273.1166944700983,-274.1446439557782,75155.28580964038
GLM (LinearRegression),2006,0.985268748251338,0.45529704400516624,-0.5299717042461718,0.2808700073015918
GLM (LinearRegression),2006,0.956579217149887,-626.5112736334943,-627.4678528506441,393715.9063609976
GLM (LinearRegression),2006,1.206126747542905,-0.8157159071363627,-2.0218426546792676,4.087847720280508
GLM (LinearRegression),2006,1.7022283340790896,-0.3685392367717928,-2.070767570850882,4.288078332487663
GLM (LinearRegression),2006,1.0535092919884936,0.9074500965413985,-0.1460591954470951,0.02133328857465273
GLM (LinearRegression),2006,1.1151812895582975,1.2147996872570015,0.09961839769870395,0.009923825160057145
GLM (LinearRegression),2006,1.1025132574425145,-1455.1349380432678,-1456.2374513007103,2120627.5145707885
GLM (LinearRegression),2006,0.8690829646566127,0.34233532756636254,-0.5267476370902502,0.2774630731801619
GLM (LinearRegression),2006,1.2110831185673183,0.22227746508699187,-0.9888056534803265,0.9777366203546555
GLM (LinearRegression),2006,1.133015883448474,0.7432088019520247,-0.3898070814964494,0.15194956078477953
GLM (LinearRegression),2006,0.9191998702242176,0.3723748360850745,-0.5468250341391431,0.29901761796127496
GLM (LinearRegression),2006,1.7506584422079656,-243.25308794954097,-245.00374639174893,60026.83574599243
GLM (LinearRegression),2006,1.3511686848158628,-46.0891399309933,-47.44030861580916,2250.5828815632167
GLM (LinearRegression),2006,1.1025282324762693,0.5706792502948896,-0.5318489821813797,0.2828633398473695
GLM (LinearRegression),2006,1.218931495094896,0.7432088019520247,-0.4757226931428713,0.22631208077110648
GLM (LinearRegression),2006,1.121079700431497,-0.3685392367717928,-1.4896189372032898,2.2189645780746585
GLM (LinearRegression),2006,1.2551687400553453,0.9988857455734628,-0.2562829944818825,0.06568097326060063
GLM (LinearRegression),2006,1.72024288362084,-626.5112736334943,-628.2315165171151,394674.83834539424
GLM (LinearRegression),2006,1.026808553017076,1.2147996872570015,0.18799113423992542,0.035340666552813656
GLM (LinearRegression),2006,0.889745222290109,-0.8104387652731735,-1.7001839875632825,2.8906255915665837
GLM (LinearRegression),2006,1.254893753783615,0.6867179516281989,-0.568175802155416,0.3228237421549504
GLM (LinearRegression),2006,0.9814136364542816,1.38524325845876,0.40382962200447836,0.16307836360827987
GLM (LinearRegression),2006,0.980584415008873,-272.9973023948935,-273.9778868099024,75063.88246081967
GLM (LinearRegression),2006,1.0480882882181315,-626.5112736334943,-627.5593619217124,393830.7527355868
GLM (LinearRegression),2006,1.274158884871175,-1.9928006251850807,-3.266959510056256,10.673024440347012
GLM (LinearRegression),2006,1.185500458420151,-243.35752659629568,-244.54302705471582,59801.29208108348
GLM (LinearRegression),2006,1.1548739527794876,-243.35752659629568,-244.51240054907518,59786.314022271385
GLM (LinearRegression),2006,0.9584561259462414,-0.6799665483179329,-1.6384226742641743,2.684428859542969
GLM (LinearRegression),2006,1.1058245445392116,0.39870311845672535,-0.7071214260824863,0.5000207112249291
GLM (LinearRegression),2006,1.2237995559709018,0.4848267549020615,-0.7389728010688403,0.5460808007195279
GLM (LinearRegression),2006,1.200145747850317,1.2147996872570015,0.014653939406684469,0.00021473794013477995
GLM (LinearRegression),2006,1.2987394932849703,-0.8104387652731735,-2.109178258558144,4.448632926374364
GLM (LinearRegression),2006,1.0616988994745211,-0.8104387652731735,-1.8721376647476946,3.5048994357669514
GLM (LinearRegression),2006,1.1363550660664212,0.6865857778227304,-0.4497692882436908,0.2022924126472362
GLM (LinearRegression),2006,1.031757726218956,0.4848267549020615,-0.5469309713168944,0.29913348738564155
GLM (LinearRegression),2006,2.9777742019200284,-46.0891399309933,-49.066914132913325,2407.5620625266893
GLM (LinearRegression),2006,1.60310587620893,-46.0891399309933,-47.69224580720223,2274.5503101345985
GLM (LinearRegression),2006,1.0170318330254011,-273.1166944700983,-274.1337263031237,75149.29989683593
GLM (LinearRegression),2006,1.150443133127138,-0.3685392367717928,-1.5189823698989309,2.3073074400637723
GLM (LinearRegression),2006,0.5467846878132774,-1594.6016158154036,-1595.1484005032169,2544498.419627971
GLM (LinearRegression),2006,0.877659148335611,-1.0502576453602874,-1.9279167936958985,3.716863163414674
GLM (LinearRegression),2006,1.5379620167685368,0.9198999719135112,-0.6180620448550256,0.38200069129037567
GLM (LinearRegression),2006,0.5115952741741061,-1594.6016158154036,-1595.1132110895778,2544386.156192504
GLM (LinearRegression),2006,1.5489744855231606,-1455.1349380432678,-1456.6839125287909,2121928.021020186
GLM (LinearRegression),2006,1.0412709384924606,-626.5112736334943,-627.5525445719868,393822.1961987755
GLM (LinearRegression),2006,1.1647313963262182,-0.7087026593601682,-1.8734340556863864,3.5097551610055424
GLM (LinearRegression),2006,1.3237243702949255,-0.3685392367717928,-1.6922636070667183,2.8637561158024605
GLM (LinearRegression),2006,1.3244378845135545,1.2147996872570015,-0.109638197256553,0.012020534297666825
GLM (LinearRegression),2006,1.1396624562053896,0.6332143575689055,-0.5064480986364841,0.25648967661250993
GLM (LinearRegression),2006,1.0289199012244703,-0.7087026593601682,-1.7376225605846385,3.0193321630527157
GLM (LinearRegression),2006,1.146546444999352,0.6179080851268022,-0.5286383598725499,0.2794585155287396
GLM (LinearRegression),2006,0.668504493345545,-0.8157159071363627,-1.4842204004819077,2.2029101972066747
GLM (LinearRegression),2006,1.3474877281961986,-0.8157159071363627,-2.163203635332561,4.679449967916008
GLM (LinearRegression),2006,1.238879627326435,-1.7285491356253975,-2.9674287629518323,8.805633463193843
GLM (LinearRegression),2006,1.0648127030294217,-1.7285491356253975,-2.7933618386548194,7.802870361653033
GLM (LinearRegression),2006,1.2332334962184712,-1.7285491356253975,-2.9617826318438687,8.772156358291994
GLM (LinearRegression),2006,1.0090989493278169,-0.7087026593601682,-1.717801608687985,2.9508423668110293
GLM (LinearRegression),2006,0.2899033735182019,-0.7087026593601682,-0.9986060328783701,0.9972140089010765
GLM (LinearRegression),2006,1.4213666435322636,-626.5112736334943,-627.9326402770265,394299.40072527755
GLM (LinearRegression),2006,1.0490159900428004,0.39870311845672535,-0.6503128715860751,0.422906830950527
GLM (LinearRegression),2006,0.7654226043693648,-626.5112736334943,-627.2766962378637,393476.05364308914
GLM (LinearRegression),2006,1.161023720991084,-626.5112736334943,-627.6722973544854,393972.5128662576
GLM (LinearRegression),2006,1.2779837846759532,-0.3685392367717928,-1.646523021447746,2.7110380601574144
GLM (LinearRegression),2006,1.5706177204585634,-243.35752659629568,-244.92814431675424,59989.79587844879
GLM (LinearRegression),2006,1.045854312138771,0.8059936981787554,-0.23986061396001546,0.05753311412927556
GLM (LinearRegression),2006,0.4161462861025503,-1.7285491356253975,-2.1446954217279477,4.599718451980819
GLM (LinearRegression),2006,1.0135548451561789,-0.8157159071363627,-1.8292707522925415,3.346231485192921
GLM (LinearRegression),2006,1.385762984110869,-1.9928006475512607,-3.3785636316621295,11.414692213189998
GLM (LinearRegression),2006,1.0705321818168925,-0.8104387438622755,-1.880970925679168,3.5380516232503463
GLM (LinearRegression),2006,1.2007122981656928,-0.7087026849010247,-1.9094149830667175,3.645865577559673
GLM (LinearRegression),2007,0.6077834942407927,2.6729008731209793,2.0651173788801866,4.264709788552972
GLM (LinearRegression),2007,0.9218566248296896,2.5334341572644368,1.6115775324347472,2.5971821430484687
GLM (LinearRegression),2007,1.1113027826378938,1.960462212989241,0.8491594303513472,0.7210717381546246
GLM (LinearRegression),2007,1.1188709670507129,2.5584397177637035,1.4395687507129906,2.0723581880293604
GLM (LinearRegression),2007,1.093719580695288,2.97642727162578,1.8827076909304918,3.5445882494888243
GLM (LinearRegression),2007,1.1188568341417668,2.500071372308539,1.381214538166772,1.9077536004432492
GLM (LinearRegression),2007,1.000843677919858,1.9509884869959384,0.9501448090760805,0.9027751582142214
GLM (LinearRegression),2007,0.8328487881830959,2.098141886906105,1.265293098723009,1.6009666256760744
GLM (LinearRegression),2007,1.3424967482763015,2.1699704349640703,0.8274736866877688,0.6847127021606477
GLM (LinearRegression),2007,1.064950072698466,2.4609300740168143,1.3959800013183483,1.9487601640807757
GLM (LinearRegression),2007,0.8760308725246598,2.199151196654511,1.3231203241298513,1.7506473921254826
GLM (LinearRegression),2007,1.5370723495645615,2.389472940766736,0.8524005912021746,0.7265867678818168
GLM (LinearRegression),2007,0.9766439834103222,2.1539841760214946,1.1773401926111724,1.3861299291377125
GLM (LinearRegression),2007,0.9006159311695046,2.7131205708584636,1.812504639688959,3.2851730688940033
GLM (LinearRegression),2007,0.9904716071370572,1.6915089015884766,0.7010372944514194,0.4914532882117661
GLM (LinearRegression),2007,1.3093382492606644,1.9509884869959384,0.641650237735274,0.4117150275857336
GLM (LinearRegression),2007,1.642267470678335,1.9271750823983345,0.28490761171999957,0.08117234721599403
GLM (LinearRegression),2007,1.0392390319364715,2.106430901182775,1.0671918692463036,1.1388984857854196
GLM (LinearRegression),2007,0.9740015123490292,1.7603037589698394,0.7863022466208102,0.6182712230409334
GLM (LinearRegression),2007,1.2676106091313122,1.672468697529566,0.40485808839825377,0.16391007174148825
GLM (LinearRegression),2007,0.7833378324945988,1.9894990176736789,1.20616118517908,1.454824804632603
GLM (LinearRegression),2007,1.1797108326112686,2.97642727162578,1.7967164390145112,3.2281899622249854
GLM (LinearRegression),2007,0.7352250155713547,2.19373800202733,1.4585129864559754,2.1272601316607282
GLM (LinearRegression),2007,0.8905291237905042,3.073415596107302,2.182886472316798,4.764993351023675
GLM (LinearRegression),2007,1.81550477111118,2.237770020258849,0.42226524914766905,0.17830794063774302
GLM (LinearRegression),2007,1.1763040264883609,2.179914835335821,1.0036108088474602,1.0072346556354534
GLM (LinearRegression),2007,1.3261720289942696,2.389472940766736,1.0633009117724666,1.1306088289761587
GLM (LinearRegression),2007,0.9273176290716706,2.19373800202733,1.2664203729556593,1.6038205610371512
GLM (LinearRegression),2007,1.3472356547304984,1.9271750823983345,0.579939427667836,0.3363297397636972
GLM (LinearRegression),2007,0.9297409917031336,2.1011307121399474,1.1713897204368138,1.3721538771450368
GLM (LinearRegression),2007,1.7259388836805405,1.6915089015884766,-0.03442998209206394,0.0011854236668598435
GLM (LinearRegression),2007,0.8850595117458048,1.7603037589698394,0.8752442472240346,0.766052492298767
GLM (LinearRegression),2007,1.075568511232586,1.718110255654337,0.6425417444217512,0.412859893324547
GLM (LinearRegression),2007,0.8686193821159613,2.060653366617898,1.1920339845019368,1.4209450202075635
GLM (LinearRegression),2007,0.5678065162088848,2.1040119771524948,1.53620546094361,2.3599272182329694
GLM (LinearRegression),2007,1.0313728709314858,2.500071372308539,1.468698501377053,2.1570752879472015
GLM (LinearRegression),2007,1.5969159060245808,1.6915089015884766,0.09459299556389578,0.008947834809751205
GLM (LinearRegression),2007,0.5808850009168598,2.49097003972578,1.91008503880892,3.648424855481674
GLM (LinearRegression),2007,1.1212042004749256,1.960462212989241,0.8392580125143154,0.7043540115694789
GLM (LinearRegression),2007,1.0390876266491191,1.960462212989241,0.9213745863401219,0.8489311283534308
GLM (LinearRegression),2007,1.068971268053249,1.9960229988461284,0.9270517307928794,0.8594249115660734
GLM (LinearRegression),2007,0.9759682035592016,2.312550984214922,1.3365827806557204,1.7864535295453776
GLM (LinearRegression),2007,0.9771300196016772,1.553598491415996,0.5764684718143187,0.33231589899593594
GLM (LinearRegression),2007,1.021639978969609,1.7603037589698394,0.7386637800002305,0.5456241798842288
GLM (LinearRegression),2007,1.4275901203186154,1.718110255654337,0.29052013533572163,0.084401949035486
GLM (LinearRegression),2007,1.0897762399908697,1.718110255654337,0.6283340156634674,0.39480363523977846
GLM (LinearRegression),2007,0.9840012651205766,2.0701372328777685,1.0861359677571918,1.1796913404558516
GLM (LinearRegression),2007,0.6939290356705141,1.553598491415996,0.8596694557454818,0.739031573141733
GLM (LinearRegression),2007,2.678423023593817,2.179914835335821,-0.49850818825799603,0.2485104137602696
GLM (LinearRegression),2007,1.6971080271998988,2.179914835335821,0.48280680813592225,0.23310241398239723
GLM (LinearRegression),2007,0.9506621459722786,2.1539841760214946,1.203322030049216,1.4479839080017662
GLM (LinearRegression),2007,1.0239823110187447,1.9271750823983345,0.9031927713795898,0.8157571822723438
GLM (LinearRegression),2007,1.1252930806757813,2.381741598455064,1.2564485177792828,1.5786628778297567
GLM (LinearRegression),2007,0.8828534112968807,1.9287523675276494,1.0458989562307688,1.0939046266446115
GLM (LinearRegression),2007,1.466237428014311,2.2776837987231735,0.8114463707088626,0.6584452125365848
GLM (LinearRegression),2007,0.3725145227498597,2.381741598455064,2.0092270757052044,4.036993441746887
GLM (LinearRegression),2007,1.5808959413748491,1.672468697529566,0.09157275615471683,0.008385569669771229
GLM (LinearRegression),2007,1.1757186577992682,1.6915089015884766,0.5157902437892083,0.26603957558813096
GLM (LinearRegression),2007,1.2136894075915208,2.1699704349640703,0.9562810273725495,0.9144734033126988
GLM (LinearRegression),2007,1.2746137955528078,1.9271750823983345,0.6525612868455266,0.42583623308948965
GLM (LinearRegression),2007,1.1364118673410228,1.7603037589698394,0.6238918916288165,0.38924109244018296
GLM (LinearRegression),2007,0.9358384613528464,1.7839139083163351,0.8480754469634887,0.7192319637423211
GLM (LinearRegression),2007,1.4624939173767104,2.1699704349640703,0.7074765175873599,0.5005230229375379
GLM (LinearRegression),2007,0.9547604352932856,1.7230438180532834,0.7682833827599979,0.5902593562251454
GLM (LinearRegression),2007,0.9100499282904464,1.9509884869959384,1.040938558705492,1.083553082999867
GLM (LinearRegression),2007,1.5941872350562152,1.9509884869959384,0.35680125193972323,0.12730713338575386
GLM (LinearRegression),2007,0.949362275023974,2.098141886906105,1.148779611882131,1.3196945966760594
GLM (LinearRegression),2007,1.1750858768245278,2.098141886906105,0.9230560100815772,0.8520323977477208
GLM (LinearRegression),2007,1.096559134935856,2.098141886906105,1.001582751970249,1.0031680090442971
GLM (LinearRegression),2007,1.4236997079549376,2.1699704349640703,0.7462707270091327,0.5569199979907394
GLM (LinearRegression),2007,0.3452952877523675,2.1699704349640703,1.8246751472117029,3.3294393928520494
GLM (LinearRegression),2007,1.4406922906101234,1.6915089015884766,0.25081661097835317,0.06290897234266656
GLM (LinearRegression),2007,0.8735531770199342,2.312550984214922,1.4389978071949878,2.070714689111983
GLM (LinearRegression),2007,1.2621751554299667,1.6915089015884766,0.42933374615850983,0.18432746559049976
GLM (LinearRegression),2007,1.0846381609465352,1.6915089015884766,0.6068707406419414,0.36829209584729844
GLM (LinearRegression),2007,1.1943183463470906,1.9271750823983345,0.7328567360512439,0.5370789955756826
GLM (LinearRegression),2007,1.4974211653261291,1.960462212989241,0.46304104766311194,0.21440701182095231
GLM (LinearRegression),2007,0.9721196687998964,1.7717923694991802,0.7996727006992838,0.6394764282436862
GLM (LinearRegression),2007,0.6240174737549784,2.098141886906105,1.4741244131511266,2.1730427854481533
GLM (LinearRegression),2007,0.9193477510899478,1.9509884869959384,1.0316407359059907,1.064282607980654
GLM (LinearRegression),2007,0.7963584400948706,2.4909700221419007,1.6946115820470302,2.8717084140079385
GLM (LinearRegression),2007,0.9738262742639464,1.7181101841832236,0.7442839099192772,0.5539585385647267
GLM (LinearRegression),2007,1.4229833466147088,2.169970343799995,0.746986997185286,0.5579895739638906
GLM (LinearRegression),2008,1.0466342243685374,1.2871243305677813,0.24049010619924394,0.05783549117972363
GLM (LinearRegression),2008,0.9311029342275255,1.5003826060848728,0.5692796718573473,0.324079344790009
GLM (LinearRegression),2008,1.1602450470358163,1.7643513819480494,0.6041063349122331,0.36494446388109114
GLM (LinearRegression),2008,0.7548126455538525,1.2631787373535877,0.5083660917997351,0.25843608329173673
GLM (LinearRegression),2008,0.7743813927495575,1.0273615002721959,0.25298010752263833,0.06399893480216565
GLM (LinearRegression),2008,1.2576752627581729,1.2111992426527427,-0.04647602010543017,0.0021600204448403494
GLM (LinearRegression),2008,0.9382848082325708,1.13538451346783,0.19709970523525921,0.03884829380382607
GLM (LinearRegression),2008,1.1294846800023768,1.3780515653433445,0.2485668853409677,0.06178549648810979
GLM (LinearRegression),2008,1.356437301225072,1.273565786490895,-0.08287151473417698,0.0068676879543369115
GLM (LinearRegression),2008,1.250224840959607,1.1537791202592194,-0.0964457207003877,0.009301777041417193
GLM (LinearRegression),2008,1.4060244112248232,1.226615871513946,-0.17940853971087733,0.03218742412118945
GLM (LinearRegression),2008,1.574484551616265,1.361322804213774,-0.21316174740249116,0.045437930555683445
GLM (LinearRegression),2008,1.27358236037336,1.5051798770652345,0.23159751669187445,0.05363740973784306
GLM (LinearRegression),2008,1.1668091146692905,1.0204187785081336,-0.14639033616115693,0.02143013052137653
GLM (LinearRegression),2008,1.0130901281193343,1.445430827103454,0.43234069898411964,0.18691847999807715
GLM (LinearRegression),2008,1.454601384315574,1.13538451346783,-0.3192168708477441,0.10189941063382532
GLM (LinearRegression),2008,2.015705368469628,1.6758395394323775,-0.33986582903725027,0.11550878174717742
GLM (LinearRegression),2008,1.1601202807210598,0.5068131819340811,-0.6533070987869787,0.4268101653254591
GLM (LinearRegression),2008,1.1941378191109957,1.466229925911353,0.2720921068003572,0.074034114583057
GLM (LinearRegression),2008,1.4613325742951937,1.6383477620451463,0.17701518774995262,0.03133437669415098
GLM (LinearRegression),2008,1.0249541891926746,0.8742444442192896,-0.15070974497338496,0.022713427229942733
GLM (LinearRegression),2008,0.8408862258819458,1.0273615002721959,0.18647527439025002,0.03477302795891904
GLM (LinearRegression),2008,1.2913675017340078,1.0664296887459164,-0.22493781298809146,0.05059701971186561
GLM (LinearRegression),2008,0.513903415272034,1.2418626708101106,0.7279592555380766,0.5299246777235507
GLM (LinearRegression),2008,2.2129102240515164,1.4650957273462841,-0.7478144967052323,0.5592265214824998
GLM (LinearRegression),2008,1.1853626427109702,2.049601624760701,0.8642389820497307,0.7469090180943547
GLM (LinearRegression),2008,1.1545050657073672,1.361322804213774,0.20681773850640672,0.04277357696090443
GLM (LinearRegression),2008,1.342433176467415,1.0664296887459164,-0.2760034877214985,0.07617792523443138
GLM (LinearRegression),2008,1.453793963662234,1.6758395394323775,0.2220455757701436,0.04930423771909459
GLM (LinearRegression),2008,1.1976034604412378,0.8980880600503729,-0.2995154003908649,0.0897094750713001
GLM (LinearRegression),2008,1.8909984373357,1.445430827103454,-0.4455676102322461,0.1985304952880748
GLM (LinearRegression),2008,1.1196136098752762,1.466229925911353,0.3466163160360767,0.12014287054242138
GLM (LinearRegression),2008,0.7960304079685299,1.4507201363452855,0.6546897283767557,0.4286186404420301
GLM (LinearRegression),2008,1.3187397509027752,0.5639136995520635,-0.7548260513507117,0.5697623677977073
GLM (LinearRegression),2008,1.1999764422832169,-0.679712417442101,-1.8796888597253179,3.5332302093754655
GLM (LinearRegression),2008,1.2729411079649315,1.2111992426527427,-0.06174186531218884,0.0038120579322284674
GLM (LinearRegression),2008,1.3650202579128086,1.445430827103454,0.08041056919064538,0.006465859637563567
GLM (LinearRegression),2008,1.0198462752041353,1.5341288432519382,0.5142825680478029,0.264486559797843
GLM (LinearRegression),2008,1.3880696551185476,1.7643513819480494,0.3762817268295018,0.1415879379457918
GLM (LinearRegression),2008,1.4287763193582486,1.7643513819480494,0.33557506258980085,0.11261062263214876
GLM (LinearRegression),2008,1.336136337237675,1.242501800548485,-0.0936345366891902,0.008767426460999305
GLM (LinearRegression),2008,1.1379573204004312,1.27336280577963,0.13540548537919883,0.01833464547077643
GLM (LinearRegression),2008,1.2618456903627098,0.20447139738591935,-1.0573742929767904,1.1180403954481675
GLM (LinearRegression),2008,1.263638174135561,1.466229925911353,0.20259175177579203,0.04104341788758413
GLM (LinearRegression),2008,1.505363172612196,1.4507201363452855,-0.05464303626691058,0.002985861412466905
GLM (LinearRegression),2008,1.2866498524394052,1.4507201363452855,0.1640702839058803,0.026919058060956163
GLM (LinearRegression),2008,1.059704141927202,0.8281489663483403,-0.23155517557886163,0.053617799337357434
GLM (LinearRegression),2008,0.997047699079384,0.20447139738591935,-0.7925763016934646,0.6281771940060898
GLM (LinearRegression),2008,2.8927459326507803,2.049601624760701,-0.8431443078900793,0.7108923239274408
GLM (LinearRegression),2008,1.865154348937388,2.049601624760701,0.18444727582331288,0.034020797558641264
GLM (LinearRegression),2008,1.2011470529195634,1.5051798770652345,0.3040328241456711,0.09243595815799258
GLM (LinearRegression),2008,1.3802856209718288,1.6758395394323775,0.2955539184605487,0.08735211871738466
GLM (LinearRegression),2008,1.2821758332651951,1.0039209831935982,-0.2782548500715969,0.07742576158836686
GLM (LinearRegression),2008,1.074975524988636,1.1314172297176588,0.05644170472902288,0.0031856660327182038
GLM (LinearRegression),2008,1.5639928629484057,1.484369413267746,-0.0796234496806596,0.006339893739048531
GLM (LinearRegression),2008,0.9892167298518908,1.0039209831935982,0.01470425334170744,0.00021621506633711442
GLM (LinearRegression),2008,1.7033356893581568,1.6383477620451463,-0.06498792731301051,0.004223430696441137
GLM (LinearRegression),2008,1.3829156950164694,1.445430827103454,0.06251513208698456,0.003908141739853126
GLM (LinearRegression),2008,1.2507278899664052,1.273565786490895,0.022837896524489754,0.0005215695176633012
GLM (LinearRegression),2008,1.5214413860886973,1.6758395394323775,0.15439815334368023,0.023838789755938596
GLM (LinearRegression),2008,1.290093504859578,1.466229925911353,0.17613642105177485,0.031024038820928114
GLM (LinearRegression),2008,1.2240270383942815,1.2632114399126981,0.03918440151841662,0.001535417322356491
GLM (LinearRegression),2008,1.3956018960718397,1.273565786490895,-0.1220361095809448,0.014892812041652366
GLM (LinearRegression),2008,1.178647205203827,0.711795975569135,-0.46685122963469206,0.21795007061142396
GLM (LinearRegression),2008,1.0622038815608932,1.13538451346783,0.0731806319069368,0.0053554048862985764
GLM (LinearRegression),2008,1.6580956235395474,1.13538451346783,-0.5227111100717174,0.2732269045924071
GLM (LinearRegression),2008,1.294414234088029,1.3780515653433445,0.08363733125531558,0.006995203179511389
GLM (LinearRegression),2008,1.1480790427697092,1.3780515653433445,0.22997252257363532,0.052887361138881206
GLM (LinearRegression),2008,1.2513162088654493,1.3780515653433445,0.12673535647789524,0.016061850581579183
GLM (LinearRegression),2008,1.3626331120391777,1.273565786490895,-0.08906732554828278,0.007932988480323786
GLM (LinearRegression),2008,1.6981102334935785,1.445430827103454,-0.25267940639012454,0.0638468824136657
GLM (LinearRegression),2008,1.4231396534803504,1.27336280577963,-0.14977684770072042,0.0224331041071648
GLM (LinearRegression),2008,1.0529783536916737,1.445430827103454,0.39245247341178024,0.15401894388702408
GLM (LinearRegression),2008,1.355786466430156,1.445430827103454,0.08964436067329795,0.008036111400524328
GLM (LinearRegression),2008,1.4928597695176264,1.6758395394323775,0.18297976991475107,0.03348159619805524
GLM (LinearRegression),2008,1.819070260120416,1.7643513819480494,-0.05471887817236665,0.002994155628442303
GLM (LinearRegression),2008,1.2126412561828144,0.8025619278775371,-0.41007932830527727,0.16816505550330738
GLM (LinearRegression),2008,0.4078616926125251,1.3780515653433445,0.9701898727308194,0.9412683891494434
GLM (LinearRegression),2008,1.1022669903242823,1.13538451346783,0.033117523143547656,0.0010967703391634145
GLM (LinearRegression),2008,1.1149624034527112,1.5341288432519382,0.41916643979922696,0.17570050425395897
GLM (LinearRegression),2008,1.0754340429953284,1.4507201549676052,0.3752861119722768,0.14083966583926827
GLM (LinearRegression),2008,1.4565010669273517,1.2735658038948043,-0.18293526303254737,0.03346531046078729
GLM (LinearRegression),2009,0.6202019937434363,32.643778515521795,32.02357652177836,1025.5094532461942
GLM (LinearRegression),2009,0.899112240470888,145.9835197502366,145.08440750976573,21049.485302459765
GLM (LinearRegression),2009,1.3460745754057062,0.4607853785778484,-0.8852891968278578,0.7837369620201136
GLM (LinearRegression),2009,0.7558071877786675,138.34214901825135,137.5863418304727,18930.00145829168
GLM (LinearRegression),2009,0.6527419861286986,138.29897112261656,137.64622913648788,18946.484395494525
GLM (LinearRegression),2009,1.4587883063983982,0.5043531604260731,-0.954435145972325,0.9109464478672133
GLM (LinearRegression),2009,1.274942458729299,0.11841097615571061,-1.1565314825735884,1.3375650701838624
GLM (LinearRegression),2009,0.8720703699466182,-25.577570127074853,-26.449640497021473,699.5834824216784
GLM (LinearRegression),2009,1.3152556829940698,-21.4528447605603,-22.76810044355437,518.3863978077808
GLM (LinearRegression),2009,1.303651993633515,0.7563620051305076,-0.5472899885030074,0.2995263315156219
GLM (LinearRegression),2009,1.1796057645750655,99.48707957413913,98.30747380956406,9664.359406818123
GLM (LinearRegression),2009,1.3529436787281344,158.31693844102165,156.9639947622935,24637.695651737304
GLM (LinearRegression),2009,1.3101211420411156,0.45764267345249254,-0.8524784685886231,0.726719539407204
GLM (LinearRegression),2009,1.0687545809960892,-6.253458449503715,-7.322213030499805,53.61480366402114
GLM (LinearRegression),2009,1.3507116952617186,-55.51274942409918,-56.86346111936089,3233.453210473068
GLM (LinearRegression),2009,1.024075866843357,0.11841097615571061,-0.9056648906876463,0.8202288942242664
GLM (LinearRegression),2009,1.475067950814704,65.72724824437638,64.25218029356168,4128.342672476356
GLM (LinearRegression),2009,1.0607293748918771,1.416201493085249,0.35547211819337177,0.12636042681288245
GLM (LinearRegression),2009,1.19296592613744,99.45454448226475,98.2615785561273,9655.337820341978
GLM (LinearRegression),2009,0.995697757168026,0.5904090332546825,-0.4052887239133435,0.16425894973130636
GLM (LinearRegression),2009,0.7690116368371345,-86.13223598579178,-86.90124762262892,7551.826838369468
GLM (LinearRegression),2009,0.8865283650499953,138.29897112261656,137.41244275756657,18882.17942460151
GLM (LinearRegression),2009,1.0536066302617346,-166.52879779463805,-167.58240442489978,28083.86227283067
GLM (LinearRegression),2009,0.2754464545484341,-61.58336813600069,-61.85881459054913,3826.512942547934
GLM (LinearRegression),2009,2.1595169263799927,0.3621817306994142,-1.7973351956805785,3.2304138056321436
GLM (LinearRegression),2009,1.5590092376444973,16.049962996817623,14.490953759173125,209.98774085049374
GLM (LinearRegression),2009,1.0548557990402574,158.31693844102165,157.26208264198138,24731.36263689338
GLM (LinearRegression),2009,1.12465923132426,-166.52879779463805,-167.65345702596233,28107.681652756197
GLM (LinearRegression),2009,1.2994123344539763,65.72724824437638,64.42783590992241,4150.946040035888
GLM (LinearRegression),2009,1.4830874576848685,1.986672804858382,0.5035853471735134,0.2535982018878681
GLM (LinearRegression),2009,0.9089897610103358,-55.51274942409918,-56.421739185109516,3183.4126526725227
GLM (LinearRegression),2009,1.01356877257217,99.45454448226475,98.44097570969258,9690.625698676284
GLM (LinearRegression),2009,0.7932884809230621,-46.624419293268595,-47.417707774191655,2248.439010558636
GLM (LinearRegression),2009,1.182014014705408,-82.07320293911275,-83.25521695381815,6931.431150027329
GLM (LinearRegression),2009,1.2291386489254106,-291.339678564955,-292.56881721388044,85596.51280592899
GLM (LinearRegression),2009,1.391812661095054,0.5043531604260731,-0.8874595006689809,0.787584365327637
GLM (LinearRegression),2009,0.8682614409919732,-55.51274942409918,-56.38101086509115,3178.818386169526
GLM (LinearRegression),2009,0.618245854484086,32.60128678541674,31.983040930932653,1022.9149071897134
GLM (LinearRegression),2009,1.4343214686433543,0.4607853785778484,-0.9735360900655059,0.9477725186600328
GLM (LinearRegression),2009,1.5202785080722294,0.4607853785778484,-1.059493129494381,1.1225256914457973
GLM (LinearRegression),2009,1.1785862091333212,-46.74647604370015,-47.92506225283347,2296.8115919379634
GLM (LinearRegression),2009,1.1182362847739002,-6.369764137700703,-7.488000422474603,56.070150326979835
GLM (LinearRegression),2009,1.2410689854304542,-319.1137288056293,-320.35479779105975,102627.19646775078
GLM (LinearRegression),2009,1.343524999458257,99.45454448226475,98.1110194828065,9625.772143955635
GLM (LinearRegression),2009,1.1402125477038263,-46.624419293268595,-47.76463184097242,2281.4600549036363
GLM (LinearRegression),2009,1.071998434550098,-46.624419293268595,-47.69641772781869,2274.948264066577
GLM (LinearRegression),2009,0.9949198620870506,37.06373208673495,36.0688122246479,1300.9592152969099
GLM (LinearRegression),2009,1.0250976846717146,-319.1137288056293,-320.138826490301,102488.86822658707
GLM (LinearRegression),2009,2.829107977724249,16.049962996817623,13.220855019093374,174.79100743588646
GLM (LinearRegression),2009,1.7770207240963098,16.049962996817623,14.272942272721313,203.71688112043503
GLM (LinearRegression),2009,1.3628583436336985,0.45764267345249254,-0.905215670181206,0.8194154095416099
GLM (LinearRegression),2009,1.2902551464131322,65.72724824437638,64.43699309796325,4152.126079506964
GLM (LinearRegression),2009,0.9712367877096084,96.87852207551579,95.90728528780618,9198.207371276643
GLM (LinearRegression),2009,1.0764635857344516,0.13626372887984917,-0.9401998568546024,0.8839757708294148
GLM (LinearRegression),2009,1.561833263088351,7.932536880091457,6.370703617003106,40.58586457569646
GLM (LinearRegression),2009,0.3661832042126914,96.87852207551579,96.5123388713031,9314.631554409243
GLM (LinearRegression),2009,1.1665660664441,0.5904090332546825,-0.5761570331894175,0.3319569268936315
GLM (LinearRegression),2009,1.0500948927716096,-55.51274942409918,-56.56284431687079,3199.355357214562
GLM (LinearRegression),2009,1.2167290499366836,-21.4528447605603,-22.669573810496985,513.9095767495708
GLM (LinearRegression),2009,1.2372255463088226,65.72724824437638,64.49002269806756,4158.9630275972695
GLM (LinearRegression),2009,1.3705457028350847,99.45454448226475,98.08399877942966,9620.47081656316
GLM (LinearRegression),2009,1.0958977909446197,-166.53274251728772,-167.62864030823235,28099.36105158674
GLM (LinearRegression),2009,1.166388029512574,-21.4528447605603,-22.619232790072875,511.6296920115079
GLM (LinearRegression),2009,1.0909831288128382,-82.07956528811745,-83.17054841693029,6917.340123972946
GLM (LinearRegression),2009,0.7790994037493487,0.11841097615571061,-0.6606884275936381,0.436509198356154
GLM (LinearRegression),2009,1.258388127632842,0.11841097615571061,-1.1399771514771313,1.2995479058899144
GLM (LinearRegression),2009,0.8586313972882338,-25.577570127074853,-26.43620152436309,698.8727510367373
GLM (LinearRegression),2009,0.8703937065242353,-25.577570127074853,-26.44796383359909,699.4947909433655
GLM (LinearRegression),2009,0.9646834829251276,-25.577570127074853,-26.54225360999998,704.4912266975571
GLM (LinearRegression),2009,1.1985145412364366,-21.4528447605603,-22.651359301796738,513.0840782190936
GLM (LinearRegression),2009,0.0534879563712586,-21.4528447605603,-21.50633271693156,462.5223469313608
GLM (LinearRegression),2009,1.0293748638675613,-55.51274942409918,-56.542124287966736,3197.011818995878
GLM (LinearRegression),2009,1.3661090258991686,-6.369764137700703,-7.735873163599872,59.84373360330469
GLM (LinearRegression),2009,0.7623465830837585,-55.51274942409918,-56.27509600718294,3166.886430617657
GLM (LinearRegression),2009,0.9424239565428044,-55.51274942409918,-56.45517338064198,3187.1866014383468
GLM (LinearRegression),2009,1.4101359539098997,65.72724824437638,64.31711229046648,4136.690933384475
GLM (LinearRegression),2009,1.8552387696221488,0.4607853785778484,-1.3944533910443004,1.9445002597949488
GLM (LinearRegression),2009,1.2382563730624725,1.2895013929551264,0.051245019892653954,0.0026260520637984993
GLM (LinearRegression),2009,0.1396167577677832,-25.577570127074853,-25.717186884842636,661.3737012699221
GLM (LinearRegression),2009,1.1777791610464936,0.11841097615571061,-1.059368184890783,1.1222609511587922
GLM (LinearRegression),2009,0.7590161376380616,32.60128670346088,31.84227056582282,1013.9301947870663
GLM (LinearRegression),2009,0.664144038750027,-46.62441938639887,-47.288563425148894,2236.2082308143295
GLM (LinearRegression),2009,1.642546258569952,-21.452844835064607,-23.095391093634557,533.3970897679344
GLM (LinearRegression),2010,0.6017259068072013,0.952672268402132,0.35094636159493076,0.12316334871671988
GLM (LinearRegression),2010,0.6838523203210657,1.4001909307224947,0.716338610401429,0.5131410047518503
GLM (LinearRegression),2010,1.3176980231128812,1.132031039476608,-0.1856669836362732,0.03447222881259214
GLM (LinearRegression),2010,0.589182232686007,1.2569592267499343,0.6677769940639273,0.4459261138010544
GLM (LinearRegression),2010,0.4692370698942288,1.183960566940989,0.7147234970467602,0.5108296772307502
GLM (LinearRegression),2010,1.088311861083814,1.277493111760016,0.18918125067620184,0.03578954560741192
GLM (LinearRegression),2010,1.0365604643302109,1.4562492856029008,0.4196888212726899,0.17613870670125986
GLM (LinearRegression),2010,0.6854485139589255,1.0790879399718347,0.39363942601290924,0.15495199771177265
GLM (LinearRegression),2010,0.8295753566575402,0.9983331356087388,0.1687577789511986,0.028479187956541606
GLM (LinearRegression),2010,1.2021199082104757,1.328249028012017,0.1261291198015413,0.015908554861911554
GLM (LinearRegression),2010,0.963318154171929,1.4742761420528792,0.5109579878809501,0.2610780653793492
GLM (LinearRegression),2010,1.534005605089456,1.5877327662364065,0.05372716114695053,0.0028866078449103906
GLM (LinearRegression),2010,1.0561835178535557,1.2751957414988977,0.219012223645342,0.0479663541060773
GLM (LinearRegression),2010,0.5692542474317639,1.527376678732146,0.9581224313003822,0.9179985933609557
GLM (LinearRegression),2010,1.0314768085985064,1.4552417982503199,0.4237649896518134,0.17957676645460152
GLM (LinearRegression),2010,1.1780992766495224,1.4562492856029008,0.2781500089533784,0.07736742748076447
GLM (LinearRegression),2010,1.476558738703249,1.135873803411563,-0.3406849352916861,0.11606622513470033
GLM (LinearRegression),2010,1.097258395875614,0.6243564973318667,-0.4729018985437472,0.22363620564628056
GLM (LinearRegression),2010,1.11975613917436,1.514019034419,0.3942628952446401,0.15544323056668605
GLM (LinearRegression),2010,1.1251577876638807,1.7522097857101995,0.6270519980463187,0.3931942082538805
GLM (LinearRegression),2010,0.4109319839253098,1.263051989124399,0.8521200051990891,0.7261085032604957
GLM (LinearRegression),2010,0.5452357326819852,1.183960566940989,0.6387248342590037,0.4079694138991918
GLM (LinearRegression),2010,0.698947462152416,0.7551510658266876,0.056203603674271574,0.003158845065974593
GLM (LinearRegression),2010,0.2027942641277207,0.7196038708533548,0.516809606725634,0.26709216960390453
GLM (LinearRegression),2010,2.3145477698693746,1.197780498071445,-1.1167672717979296,1.2471691393589908
GLM (LinearRegression),2010,0.8648880001552709,1.5576939206156408,0.6928059204603699,0.47998004342494044
GLM (LinearRegression),2010,0.9200671707420306,1.5877327662364065,0.6676655954943759,0.44577734740685954
GLM (LinearRegression),2010,0.7730180369021529,0.7551510658266876,-0.01786697107546531,0.00031922865541151403
GLM (LinearRegression),2010,1.0510312190676938,1.135873803411563,0.08484258434386915,0.007198264118146551
GLM (LinearRegression),2010,1.05671846678644,1.4524049125356056,0.39568644574916556,0.15656776334960734
GLM (LinearRegression),2010,1.1414347153047395,1.4552417982503199,0.31380708294558035,0.09847488530681435
GLM (LinearRegression),2010,0.9094656962944486,1.514019034419,0.6045533381245515,0.3654847386375383
GLM (LinearRegression),2010,0.6366114635309291,1.561903714154944,0.9252922506240148,0.8561657490648545
GLM (LinearRegression),2010,1.251535771302688,0.5041847383653317,-0.7473510329373563,0.5585335664325334
GLM (LinearRegression),2010,0.963203741143998,1.221297820662478,0.25809407951848007,0.06661255388249152
GLM (LinearRegression),2010,1.1431112483879755,1.277493111760016,0.1343818633720404,0.01805848520334173
GLM (LinearRegression),2010,0.8317387321769724,1.4552417982503199,0.6235030660733475,0.3887560734028651
GLM (LinearRegression),2010,0.4334796546218162,0.9685655728061489,0.5350859181843326,0.2863169398391703
GLM (LinearRegression),2010,1.3315097177643742,1.132031039476608,-0.19947867828776622,0.039791743091434136
GLM (LinearRegression),2010,1.4228280206595258,1.132031039476608,-0.29079698118291786,0.08456288426509828
GLM (LinearRegression),2010,0.8096526853816791,1.5038341543803495,0.6941814689986704,0.481887911901152
GLM (LinearRegression),2010,0.8283562531829226,1.590476966226454,0.7621207130435314,0.5808279812499807
GLM (LinearRegression),2010,0.9174633158150932,1.0244377299130816,0.10697441409798836,0.01144352527160789
GLM (LinearRegression),2010,0.9725691170584844,1.514019034419,0.5414499173605157,0.2931680130097093
GLM (LinearRegression),2010,1.262367762231765,1.561903714154944,0.29953595192317883,0.0897217864945249
GLM (LinearRegression),2010,1.086800052560052,1.561903714154944,0.4751036615948918,0.2257234892608735
GLM (LinearRegression),2010,0.4650927374865927,2.229539738451315,1.7644470009647224,3.113273219213403
GLM (LinearRegression),2010,0.6251738921560729,1.0244377299130816,0.3992638377570087,0.15941161214045496
GLM (LinearRegression),2010,3.0040715268509675,1.5576939206156408,-1.4463776062353266,2.0920081798190338
GLM (LinearRegression),2010,1.5956008196299882,1.5576939206156408,-0.037906899014347406,0.0014369329928839323
GLM (LinearRegression),2010,1.133939434111827,1.2751957414988977,0.14125630738707073,0.019953344376630613
GLM (LinearRegression),2010,1.1585136289306002,1.135873803411563,-0.022639825519037204,0.0005125616995324483
GLM (LinearRegression),2010,1.1224821377776162,1.3754789935482064,0.25299685577059017,0.0640074090298048
GLM (LinearRegression),2010,0.9368728119446472,1.297991579504817,0.3611187675601697,0.13040676428417586
GLM (LinearRegression),2010,1.384912494986804,1.3715414046699903,-0.013371090316813605,0.00017878605626038655
GLM (LinearRegression),2010,0.6417378356517209,1.3754789935482064,0.7337411578964854,0.5383760867912751
GLM (LinearRegression),2010,1.4453417179653012,1.7522097857101995,0.3068680677448983,0.09416801100148747
GLM (LinearRegression),2010,0.8678085098515455,1.4552417982503199,0.5874332883987744,0.34507786831899767
GLM (LinearRegression),2010,0.8110573294087108,0.9983331356087388,0.18727580620002804,0.03507222758787046
GLM (LinearRegression),2010,1.382322604267902,1.135873803411563,-0.24644880085633902,0.06073701144352745
GLM (LinearRegression),2010,1.0867169484493917,1.514019034419,0.4273020859696084,0.1825870726739786
GLM (LinearRegression),2010,1.225515963634444,0.9735126374288325,-0.2520033262056114,0.06350567641869179
GLM (LinearRegression),2010,0.8162003263796684,0.9983331356087388,0.18213280922907038,0.033172360197672945
GLM (LinearRegression),2010,1.0492574875868923,0.7305445045238981,-0.3187129830629942,0.10157796557291245
GLM (LinearRegression),2010,0.7878167831312609,1.4562492856029008,0.6684325024716399,0.4468020103604988
GLM (LinearRegression),2010,1.0727285112001166,1.4562492856029008,0.3835207744027842,0.1470881843985113
GLM (LinearRegression),2010,0.5422783076480066,1.0790879399718347,0.5368096323238282,0.2881645813556436
GLM (LinearRegression),2010,0.5144091751409574,1.0790879399718347,0.5646787648308773,0.31886210745092525
GLM (LinearRegression),2010,0.8062849330016202,1.0790879399718347,0.27280300697021453,0.07442148061199091
GLM (LinearRegression),2010,0.7679821762687854,0.9983331356087388,0.23035095933995342,0.05306156446883687
GLM (LinearRegression),2010,0.0059082091862607,0.9983331356087388,0.9924249264224781,0.9849072345846611
GLM (LinearRegression),2010,0.8098846467592387,1.4552417982503199,0.6453571514910812,0.4164858529806823
GLM (LinearRegression),2010,0.8731107894364775,1.590476966226454,0.7173661767899765,0.5146142316022678
GLM (LinearRegression),2010,0.903368478191863,1.4552417982503199,0.5518733200584569,0.304564161392344
GLM (LinearRegression),2010,0.6861411494142383,1.4552417982503199,0.7691006488360815,0.5915158080400816
GLM (LinearRegression),2010,1.3582033539573848,1.135873803411563,-0.22232955054582182,0.04943042904590714
GLM (LinearRegression),2010,1.8984105557507645,1.132031039476608,-0.7663795162741565,0.58733756296461
GLM (LinearRegression),2010,1.114030932455348,0.6531594776678344,-0.46087145478751346,0.21240249783795906
GLM (LinearRegression),2010,0.3774336310084706,1.0790879399718347,0.7016543089633641,0.49231876928685603
GLM (LinearRegression),2010,0.9046991745057756,1.4562492856029008,0.5515501110971252,0.3042075250512511
GLM (LinearRegression),2010,0.5635634986540836,0.9685655740081971,0.4050020753541135,0.16402668104113902
GLM (LinearRegression),2010,0.6603889247471897,1.561903733547213,0.9015148088000233,0.8127289504857426
GLM (LinearRegression),2010,1.0855654306868945,0.99833322604581,-0.0872322046410845,0.007609457526544044
GLM (LinearRegression),2011,0.6444260752696405,190.03102040573435,189.3865943304647,35867.282112092005
GLM (LinearRegression),2011,0.653411816656897,96.43121481811718,95.77780300146028,9173.387547786535
GLM (LinearRegression),2011,1.0129403527781873,2750.77793702798,2749.764996675202,7561207.536940173
GLM (LinearRegression),2011,0.4964780012929619,1144.0103967304597,1143.5139187291668,1307624.0823273354
GLM (LinearRegression),2011,0.8145381526548888,1143.857304191245,1143.0427660385901,1306546.764993151
GLM (LinearRegression),2011,0.9076401745937056,2714.9363688362046,2714.028728661611,7365951.940000559
GLM (LinearRegression),2011,0.7093346212397619,3081.883413544026,3081.1740789227865,9493633.704625681
GLM (LinearRegression),2011,0.903009452921242,-562.3871553029829,-563.2901647559041,317295.8097107336
GLM (LinearRegression),2011,0.5221801755885632,1599.9054468274,1599.3832666518115,2558026.8336458197
GLM (LinearRegression),2011,0.8922298969363789,-655.5860495301038,-656.4782794270401,430963.73135948693
GLM (LinearRegression),2011,0.937639447942034,1606.998596814016,1606.060957366074,2579431.79877563
GLM (LinearRegression),2011,1.2734649351146852,125.20540441456174,123.93193947944705,15359.125623137326
GLM (LinearRegression),2011,0.8847082315775056,2714.9536092433677,2714.0689010117903,7366169.999439348
GLM (LinearRegression),2011,0.8353173439216086,-772.6741117151478,-773.5094290590694,598316.8368432875
GLM (LinearRegression),2011,0.7186060207563478,-52.366422822707904,-53.08502884346425,2818.0202873114313
GLM (LinearRegression),2011,1.00372858800737,3081.883413544026,3080.8796849560185,9491819.633174697
GLM (LinearRegression),2011,1.234557350961598,2489.2809793168303,2488.046421965869,6190374.997857162
GLM (LinearRegression),2011,0.9189710131991862,-111.13561658162644,-112.05458759482562,12556.230601046447
GLM (LinearRegression),2011,0.7785199240404548,1607.0227740997645,1606.244254175724,2580020.6040725284
GLM (LinearRegression),2011,0.9848082369471896,-915.3107937832978,-916.2956020202449,839597.6302816431
GLM (LinearRegression),2011,0.6375922734449461,1.2848027958358745,0.6472105223909285,0.4188814602935385
GLM (LinearRegression),2011,0.8100285992056107,1143.857304191245,1143.0472755920393,1306557.0742383834
GLM (LinearRegression),2011,0.7683372445465444,225.1247495058425,224.35641226129593,50335.79972276058
GLM (LinearRegression),2011,0.727831239272742,2841.8476352854964,2841.1198040462236,8071961.740943653
GLM (LinearRegression),2011,2.0743331778715914,2750.740919963223,2748.6665867853512,7555168.005310233
GLM (LinearRegression),2011,0.8631356545996984,-561.8606127172797,-562.7237483718793,316658.01698169817
GLM (LinearRegression),2011,0.8697964957528389,125.20540441456174,124.3356079188089,15459.343396539776
GLM (LinearRegression),2011,0.8618931009877171,225.1247495058425,224.26285640485477,50293.82876286451
GLM (LinearRegression),2011,0.6652236775271108,2489.2809793168303,2488.615755639303,6193208.37921618
GLM (LinearRegression),2011,0.8269486694637714,-917.8262086801512,-918.653157349615,843923.6235084165
GLM (LinearRegression),2011,1.0388098477359076,-52.366422822707904,-53.40523267044381,2852.118876584239
GLM (LinearRegression),2011,0.8970639271661035,1607.0227740997645,1606.1257101725985,2579639.796877434
GLM (LinearRegression),2011,0.8332121621807917,-803.9923491703156,-804.8255613324964,647744.1841741678
GLM (LinearRegression),2011,1.2222932688409205,0.6966667748973823,-0.5256264939435382,0.2762832111353764
GLM (LinearRegression),2011,0.7692705481847818,-0.4347892574850203,-1.204059805669802,1.4497600156296013
GLM (LinearRegression),2011,0.837559247781796,2714.9363688362046,2714.0988095884227,7366332.348209293
GLM (LinearRegression),2011,1.2780321191302186,-52.366422822707904,-53.64445494183812,2877.7275460069004
GLM (LinearRegression),2011,0.8159418857964071,190.12198141822697,189.30603953243056,35836.776603454164
GLM (LinearRegression),2011,1.0448510571453855,2750.77793702798,2749.7330859708345,7561032.044082689
GLM (LinearRegression),2011,1.1061081948366314,2750.77793702798,2749.6718288331435,7560695.166278604
GLM (LinearRegression),2011,0.6081932698609175,-804.0867338941107,-804.6949271639716,647533.9258034294
GLM (LinearRegression),2011,1.0188880992541507,-772.6740803548236,-773.6929684540777,598600.8094352825
GLM (LinearRegression),2011,1.070132864594867,0.9724670146835326,-0.09766584991133431,0.009538618238903281
GLM (LinearRegression),2011,0.8734484779246734,1607.0227740997645,1606.1493256218398,2579715.6561954906
GLM (LinearRegression),2011,1.031121208460998,-803.9923491703156,-805.0234703787766,648062.7878606889
GLM (LinearRegression),2011,0.8055928065209723,-803.9923491703156,-804.7979419768366,647699.7274101516
GLM (LinearRegression),2011,0.9768128428756112,-630.2213462849921,-631.1981591278677,398411.116086409
GLM (LinearRegression),2011,0.8721842509186707,0.9724670146835326,0.10028276376486189,0.010056632708319097
GLM (LinearRegression),2011,2.621812874701313,-561.8606127172797,-564.4824255919809,318640.4088022063
GLM (LinearRegression),2011,1.3345463939868156,-561.8606127172797,-563.1951591112664,317188.7872463647
GLM (LinearRegression),2011,0.7782585571479638,2714.9536092433677,2714.1753506862196,7366747.834272663
GLM (LinearRegression),2011,0.8608920277799719,2489.2809793168303,2488.4200872890506,6192234.530823646
GLM (LinearRegression),2011,1.7166571818070973,-0.9811818069091185,-2.6978389887162155,7.2783352090373326
GLM (LinearRegression),2011,0.646537454583876,-559.1452057254163,-559.7917431800001,313366.79573250323
GLM (LinearRegression),2011,1.1530484969560464,-397.12249399133077,-398.2755424882868,158623.40774433914
GLM (LinearRegression),2011,0.6324615378337951,-0.9811818069091185,-1.6136433447429135,2.6038448440330972
GLM (LinearRegression),2011,1.2816185788477956,-915.3107937832978,-916.5924123621455,840141.6503998574
GLM (LinearRegression),2011,0.6658940629089221,-52.366422822707904,-53.03231688561682,2812.4266342564792
GLM (LinearRegression),2011,0.7890323862327344,1599.9054468274,1599.1164144411673,2557173.3069351753
GLM (LinearRegression),2011,1.118543119868615,2489.2809793168303,2488.1624361969616,6190952.308901599
GLM (LinearRegression),2011,0.9464947271833696,1607.0227740997645,1606.0762793725812,2579481.0151632736
GLM (LinearRegression),2011,1.0221241561780916,225.17008681881558,224.1479626626375,50242.30916581113
GLM (LinearRegression),2011,0.68222780040418,1599.9054468274,1599.2232190269958,2557514.9042750667
GLM (LinearRegression),2011,0.9265129291689712,0.6682695248502188,-0.25824340431875237,0.06668965587413861
GLM (LinearRegression),2011,0.681096140395448,3081.883413544026,3081.202317403631,9493807.720773505
GLM (LinearRegression),2011,0.6455248237886145,3081.883413544026,3081.2378887202376,9494026.926885147
GLM (LinearRegression),2011,0.8522026467631862,-562.3871553029829,-563.2393579497461,317238.5743436423
GLM (LinearRegression),2011,0.5946710218247815,-562.3871553029829,-562.9818263248077,316948.5367720159
GLM (LinearRegression),2011,0.8979952561820231,-562.3871553029829,-563.285150559165,317290.1608404612
GLM (LinearRegression),2011,0.5779682876653658,1599.9054468274,1599.3274785397348,2557848.383612266
GLM (LinearRegression),2011,0.9772858536243498,-52.366422822707904,-53.343708676332255,2845.551255345405
GLM (LinearRegression),2011,0.9747231994217942,-772.6740803548236,-773.6488035542453,598532.4712409152
GLM (LinearRegression),2011,1.078508103192489,-52.366422822707904,-53.444930925900394,2856.360641674264
GLM (LinearRegression),2011,0.8826652129074283,-52.366422822707904,-53.24908803561533,2835.4653766247116
GLM (LinearRegression),2011,1.030956241811701,2489.2809793168303,2488.250023075019,6191388.177332832
GLM (LinearRegression),2011,1.6483924797053071,2750.77793702798,2749.1295445482747,7557713.252708204
GLM (LinearRegression),2011,0.8917208536494925,-111.13714244152638,-112.02886329517587,12550.466211209203
GLM (LinearRegression),2011,0.3919999999999999,-562.3871553029829,-562.779155302983,316720.37764353905
GLM (LinearRegression),2011,0.779015847682969,3081.883413544026,3081.1043976963433,9493204.309503747
GLM (LinearRegression),2011,0.9577094343998178,190.12198141822697,189.16427198382715,35783.12179517133
GLM (LinearRegression),2011,0.8064167791851329,-803.9923492299185,-804.7987660091037,647701.053769776
GLM (LinearRegression),2011,0.8130241309021906,1599.9054467975902,1599.092422666688,2557096.5762300175
SR (SelectKBest + LR),1996,0.9076188374532914,0.8160806719461091,-0.0915381655071823,0.0083792357444203
SR (SelectKBest + LR),1996,1.3531972192805926,0.9199972585411145,-0.4331999607394781,0.18766220598468536
SR (SelectKBest + LR),1996,1.0113669844663766,0.9602763529765055,-0.05109063148987114,0.002610252626033813
SR (SelectKBest + LR),1996,1.052019558931054,1.0259839384016216,-0.026035620529432313,0.0006778535363525973
SR (SelectKBest + LR),1996,1.2984707276117946,0.8806014667279654,-0.41786926088382925,0.17461471919159774
SR (SelectKBest + LR),1996,1.023076574326516,0.8742700759103157,-0.1488064984162003,0.022143373970890626
SR (SelectKBest + LR),1996,0.827454123702698,0.7753329827464752,-0.05212114095622278,0.0027166133345784436
SR (SelectKBest + LR),1996,1.00744566673764,0.8990098746507995,-0.1084357920868404,0.011758321005500479
SR (SelectKBest + LR),1996,1.2381553711285411,0.9115203146138795,-0.3266350565146616,0.1066904601443362
SR (SelectKBest + LR),1996,0.868873357641703,0.8991983352825612,0.030324977640858175,0.0009196042689185482
SR (SelectKBest + LR),1996,0.8366682862485648,0.9183714213650076,0.08170313511644278,0.006675402287855706
SR (SelectKBest + LR),1996,1.5932526016099349,0.83329010123998,-0.7599625003699548,0.5775430019685536
SR (SelectKBest + LR),1996,1.345442731277534,0.949523356634016,-0.3959193746435181,0.15675215121811445
SR (SelectKBest + LR),1996,1.0337582105841956,0.890501785986997,-0.14325642459719856,0.020522403188372836
SR (SelectKBest + LR),1996,0.9678906647157028,0.9197276570125708,-0.04816300770313209,0.0023196753110119608
SR (SelectKBest + LR),1996,1.1919975301291157,1.0027847475503207,-0.18921278257879504,0.035801477091210364
SR (SelectKBest + LR),1996,1.4033012847352602,1.0671051471508675,-0.3361961375843927,0.11302784292666392
SR (SelectKBest + LR),1996,0.9283888689999004,1.0660628503028404,0.13767398130294006,0.01895412512780229
SR (SelectKBest + LR),1996,0.9812812468155516,0.7709434134667374,-0.21033783334881417,0.04424200413787353
SR (SelectKBest + LR),1996,1.0291860885787636,0.9832705877270185,-0.04591550085174512,0.0021082332184666065
SR (SelectKBest + LR),1996,0.8079544201169555,1.0420789955314815,0.23412457541452603,0.05481431681303209
SR (SelectKBest + LR),1996,1.0120656620699702,0.8806014667279654,-0.13146419534200482,0.017282834656920803
SR (SelectKBest + LR),1996,1.065022435967996,0.9610260660101615,-0.10399636995783457,0.010815244964406796
SR (SelectKBest + LR),1996,0.9362755497067032,1.0780639605145537,0.14178841080785043,0.020103953439415758
SR (SelectKBest + LR),1996,1.5917711555505898,0.899136367697791,-0.6926347878527988,0.47974294934389156
SR (SelectKBest + LR),1996,0.9642987071481712,1.0038902969754402,0.03959158982726896,0.001567493985050707
SR (SelectKBest + LR),1996,1.4697654476990154,1.021699930519388,-0.4480655171796275,0.20076270768544707
SR (SelectKBest + LR),1996,1.0073769485603832,0.9610260660101615,-0.046350882550221684,0.002148404313184445
SR (SelectKBest + LR),1996,1.066720247168906,0.9893385872492202,-0.07738165991968571,0.005987921291925893
SR (SelectKBest + LR),1996,1.0216819487496491,1.0251851185530525,0.003503169803403372,1.2272198671477221e-05
SR (SelectKBest + LR),1996,2.007977683222508,0.9286281291642793,-1.0793495540582285,1.1649954598456969
SR (SelectKBest + LR),1996,1.0553915835675969,1.0482086899937697,-0.007182893573827176,5.159396009292774e-05
SR (SelectKBest + LR),1996,0.8185037389081928,1.033196919895998,0.2146931809878052,0.046093161962662485
SR (SelectKBest + LR),1996,1.107954903654205,1.0416970809819743,-0.06625782267223057,0.004390099065264752
SR (SelectKBest + LR),1996,0.7591862057409975,1.0415995210860258,0.28241331534502834,0.07975728068417041
SR (SelectKBest + LR),1996,0.8788311583856374,0.9464423127137691,0.0676111543281317,0.004571268189582442
SR (SelectKBest + LR),1996,1.2270245814653629,0.9286281291642793,-0.2983964523010836,0.08904044274587285
SR (SelectKBest + LR),1996,1.0306562666359829,0.9754472745480582,-0.055208992087924624,0.0030480328073645238
SR (SelectKBest + LR),1996,1.154863352948794,0.9602763529765055,-0.19458699997228845,0.03786410055821539
SR (SelectKBest + LR),1996,0.9811497022679068,0.9602763529765055,-0.020873349291401277,0.0004356967106408422
SR (SelectKBest + LR),1996,1.118796054888894,0.9086913942373924,-0.21010466065150157,0.04414396842748263
SR (SelectKBest + LR),1996,1.0426798419613257,1.0127263078247764,-0.02995353413654933,0.0008972142072694261
SR (SelectKBest + LR),1996,0.960546333846467,1.14034632725088,0.179799993404413,0.032328037628226954
SR (SelectKBest + LR),1996,1.0494252495086802,1.0482086899937697,-0.001216559514910509,1.480017053319293e-06
SR (SelectKBest + LR),1996,1.3899052706012598,1.033196919895998,-0.35670835070526175,0.127240847462868
SR (SelectKBest + LR),1996,1.0706374940022456,1.033196919895998,-0.03744057410624757,0.001401796589405416
SR (SelectKBest + LR),1996,0.8987685305856873,1.0279990029302992,0.12923047234461194,0.01670051498241151
SR (SelectKBest + LR),1996,0.8297965774327739,1.14034632725088,0.3105497498181061,0.0964411471120883
SR (SelectKBest + LR),1996,2.0822468020866203,1.0038902969754402,-1.07835650511118,1.1628527521155985
SR (SelectKBest + LR),1996,1.397387476464373,1.0038902969754402,-0.3934971794889328,0.15484003026574542
SR (SelectKBest + LR),1996,1.0332458943830274,0.9892905418892026,-0.04395535249382476,0.0019320730128563868
SR (SelectKBest + LR),1996,1.0483812981775336,0.9893385872492202,-0.05904271092831337,0.003486041713764375
SR (SelectKBest + LR),1996,1.809885848101864,0.8946292290711411,-0.915256619030723,0.8376946786795499
SR (SelectKBest + LR),1996,0.7816295653358022,1.080295675179512,0.2986661098437099,0.08920144516917498
SR (SelectKBest + LR),1996,1.590946874545642,0.9894087887150802,-0.6015380858305619,0.36184806870469644
SR (SelectKBest + LR),1996,1.23723819661411,0.8946292290711411,-0.3426089675429689,0.1173809046408591
SR (SelectKBest + LR),1996,1.7268725701408305,0.8803878863764096,-0.8464846837644209,0.7165363198477516
SR (SelectKBest + LR),1996,1.1025841719228056,0.9286281291642793,-0.17395604275852627,0.030260704812206222
SR (SelectKBest + LR),1996,1.1740326018547078,1.024228502363256,-0.1498040994914518,0.022441268224444786
SR (SelectKBest + LR),1996,1.0587033545943625,0.9893385872492202,-0.0693647673451423,0.004811470948845719
SR (SelectKBest + LR),1996,1.0704963464625985,1.0482086899937697,-0.022287656468828798,0.0004967396308725262
SR (SelectKBest + LR),1996,1.0043093218007804,1.0851690092604243,0.08085968745964389,0.006538289056071292
SR (SelectKBest + LR),1996,1.2139334808845226,1.024228502363256,-0.18970497852126655,0.0359879788757542
SR (SelectKBest + LR),1996,0.9723559782976195,1.1680171527914338,0.19566117449381426,0.03828329520429883
SR (SelectKBest + LR),1996,0.864228846900315,1.0194213739378013,0.15519252703748632,0.02408472044828092
SR (SelectKBest + LR),1996,1.1258392585467685,1.0194213739378013,-0.10641788460896717,0.011324766164647452
SR (SelectKBest + LR),1996,1.0392024566287204,1.0264599149304543,-0.012742541698266052,0.0001623723689320491
SR (SelectKBest + LR),1996,1.0519124175070789,1.0264599149304543,-0.02545250257662457,0.0006478298874130804
SR (SelectKBest + LR),1996,1.0549364244330235,1.0264599149304543,-0.02847650950256919,0.0008109115934499134
SR (SelectKBest + LR),1996,1.172810971893567,1.024228502363256,-0.14858246953031107,0.022076750251725816
SR (SelectKBest + LR),1996,2.205,1.024228502363256,-1.180771497636744,1.3942213296313195
SR (SelectKBest + LR),1996,1.229271767168791,0.9286281291642793,-0.30064363800451166,0.09038659707258785
SR (SelectKBest + LR),1996,1.1837592164518531,1.0127263078247764,-0.17103290862707676,0.02925225583343799
SR (SelectKBest + LR),1996,0.9541261445880698,0.9286281291642793,-0.025498015423790488,0.0006501487905518576
SR (SelectKBest + LR),1996,1.1514339715108688,0.9286281291642793,-0.2228058423465895,0.0496424433837733
SR (SelectKBest + LR),1996,1.057027247853645,0.9893385872492202,-0.06768866060442491,0.004581754774421025
SR (SelectKBest + LR),1996,1.323646829753764,0.9602763529765055,-0.36337047677725853,0.1320381033933322
SR (SelectKBest + LR),1996,0.9916694519173028,1.1742079157629617,0.18253846384565886,0.03332029078313291
SR (SelectKBest + LR),1996,0.9815060171906096,1.0264599149304543,0.044953897739844706,0.002020852922004415
SR (SelectKBest + LR),1996,0.9669416198937688,1.0194213739378013,0.05247975404403249,0.0027541245845221444
SR (SelectKBest + LR),1996,1.145876291516292,0.9754472743152276,-0.1704290172010643,0.029046049904120668
SR (SelectKBest + LR),1996,1.0128711836791666,1.0331969196049597,0.02032573592579312,0.0004131355409250771
SR (SelectKBest + LR),1996,1.1629397691291972,1.0242285019266986,-0.1387112672024986,0.019240815648922965
SR (SelectKBest + LR),1997,0.8597996130792982,0.9621976399028347,0.10239802682353649,0.010485355897353698
SR (SelectKBest + LR),1997,0.9458286430612316,1.1299013581011448,0.18407271503991318,0.03388276442216508
SR (SelectKBest + LR),1997,0.8716994941452376,1.1585288859795584,0.28682939183432077,0.08227110002004631
SR (SelectKBest + LR),1997,0.7505928814764826,1.0801230136854607,0.3295301322089781,0.10859010803366657
SR (SelectKBest + LR),1997,1.085317673208864,0.9764430950013954,-0.10887457820746871,0.01185367377985422
SR (SelectKBest + LR),1997,0.8689524976811672,1.0708154620466286,0.20186296436546136,0.04074865638241152
SR (SelectKBest + LR),1997,0.6447610988646859,1.1411708573617223,0.4964097584970364,0.24642264833108599
SR (SelectKBest + LR),1997,0.8693490202943795,1.0428403260772783,0.17349130578289873,0.03009923318225527
SR (SelectKBest + LR),1997,1.1360395186057182,1.0577462901528012,-0.07829322845291697,0.006129829621580648
SR (SelectKBest + LR),1997,0.7860313106606743,1.0553730762325542,0.26934176557187983,0.07254498668137747
SR (SelectKBest + LR),1997,0.7696237112104275,1.041343738720462,0.27172002751003455,0.07383177335005393
SR (SelectKBest + LR),1997,1.3484667029738544,1.1250092167481147,-0.2234574862257397,0.04993324815032664
SR (SelectKBest + LR),1997,0.8756391935223565,1.1985645499758886,0.32292535645353204,0.10428078584064072
SR (SelectKBest + LR),1997,0.9591871342471396,0.9967399974733079,0.03755286322616824,0.001410217536483299
SR (SelectKBest + LR),1997,0.7209172743694012,1.0152502785455495,0.29433300417614827,0.08663191734735652
SR (SelectKBest + LR),1997,0.7247752451734514,1.1411708573617223,0.4163956121882709,0.17338530584964493
SR (SelectKBest + LR),1997,1.1097283564052771,1.0599672377199532,-0.04976111868532396,0.002476168932814897
SR (SelectKBest + LR),1997,0.6241874097091946,1.0468520679462432,0.4226646582370486,0.17864541332264108
SR (SelectKBest + LR),1997,0.8213369337246321,1.1435811609216042,0.3222442271969721,0.10384134196177378
SR (SelectKBest + LR),1997,0.6543086103159583,1.1134059669382432,0.4590973566222849,0.21077038285756944
SR (SelectKBest + LR),1997,0.7431279398406736,1.0758049082356016,0.332676968394928,0.11067396530043992
SR (SelectKBest + LR),1997,0.92917686077763,0.9764430950013954,0.04726623422376541,0.0022340968976958526
SR (SelectKBest + LR),1997,1.0277990979141691,1.0210682633757795,-0.0067308345383896295,4.530413358317874e-05
SR (SelectKBest + LR),1997,0.6089387128149912,0.9854296435011164,0.37649093068612516,0.1417454208889047
SR (SelectKBest + LR),1997,1.0889636560732532,1.0780144260214912,-0.01094923005176196,0.00011988563872640721
SR (SelectKBest + LR),1997,0.8102474467488103,1.0836769788128957,0.2734295320640854,0.0747637090047847
SR (SelectKBest + LR),1997,1.1065025394086532,1.1250092167481147,0.01850667733946154,0.0003424971061469393
SR (SelectKBest + LR),1997,1.041119865653252,1.0210682633757795,-0.020051602277472602,0.0004020667538939444
SR (SelectKBest + LR),1997,1.0275956938296786,1.0599672377199532,0.03237154389027452,0.0010479168538399697
SR (SelectKBest + LR),1997,0.8327043401335178,1.0470186491605795,0.21431430902706172,0.045930623053746907
SR (SelectKBest + LR),1997,1.1328447871311411,1.0152502785455495,-0.11759450858559162,0.013828468449486781
SR (SelectKBest + LR),1997,0.8413165118943252,1.1435811609216042,0.302264649027279,0.09136391805158416
SR (SelectKBest + LR),1997,0.9098557046495002,1.02859764699395,0.11874194234444979,0.014099648871732639
SR (SelectKBest + LR),1997,0.932305213806544,1.0315453663108562,0.09924015250431228,0.00984860786907916
SR (SelectKBest + LR),1997,0.8526993595773268,1.0006968189706118,0.147997459393285,0.021903247986867047
SR (SelectKBest + LR),1997,0.815029821861121,1.0708154620466286,0.25578564018550753,0.06542629372510993
SR (SelectKBest + LR),1997,0.9769416476094892,1.0273931317895324,0.05045148418004319,0.0025453522559691485
SR (SelectKBest + LR),1997,1.0078227069918688,1.1585288859795584,0.15070617898768957,0.022712352385069523
SR (SelectKBest + LR),1997,0.9636064101813286,1.1585288859795584,0.19492247579822974,0.03799477157131146
SR (SelectKBest + LR),1997,0.9497848329948582,0.9323104951953441,-0.017474337799514017,0.0003053524815315244
SR (SelectKBest + LR),1997,0.8311024079093823,1.0833023097396317,0.25219990183024943,0.06360479048318744
SR (SelectKBest + LR),1997,0.810750263834169,0.9749770857036518,0.1642268218694828,0.02697044902135083
SR (SelectKBest + LR),1997,0.9008054146608888,1.1435811609216042,0.2427757462607154,0.05894006297244727
SR (SelectKBest + LR),1997,0.7304305405301819,1.02859764699395,0.2981671064637681,0.08890362337697602
SR (SelectKBest + LR),1997,0.649045235204063,1.02859764699395,0.37955241178988697,0.14406003329551992
SR (SelectKBest + LR),1997,0.7522848769704573,1.082674672259301,0.3303897952888437,0.10915741683100405
SR (SelectKBest + LR),1997,0.7941589353795899,0.9749770857036518,0.1808181503240619,0.032695203486615046
SR (SelectKBest + LR),1997,1.889460910406348,1.0836769788128957,-0.8057839315934523,0.6492877444142015
SR (SelectKBest + LR),1997,1.347097790107921,1.0836769788128957,-0.26342081129502537,0.06939052382332936
SR (SelectKBest + LR),1997,0.9131778278322944,1.1985645499758886,0.2853867221435942,0.08144558117586502
SR (SelectKBest + LR),1997,0.9361598252024425,1.0599672377199532,0.1238074125175107,0.015328275394281067
SR (SelectKBest + LR),1997,1.1220742343945445,0.9527324616452328,-0.16934177274931161,0.028676635997879497
SR (SelectKBest + LR),1997,0.6584611525602418,1.157545012171459,0.49908385961121715,0.2490846989244291
SR (SelectKBest + LR),1997,1.3512347049140037,1.035842421098953,-0.3153922838150507,0.09947229269007349
SR (SelectKBest + LR),1997,1.3192468862142397,0.9527324616452328,-0.36651442456900685,0.13433282341715022
SR (SelectKBest + LR),1997,1.0254771824897315,1.1134059669382432,0.08792878444851171,0.0077314711345928345
SR (SelectKBest + LR),1997,0.856326107535964,1.0152502785455495,0.15892417100958545,0.02525689213108396
SR (SelectKBest + LR),1997,1.0320131410455122,1.0577462901528012,0.025733149107288966,0.000662194962977967
SR (SelectKBest + LR),1997,0.9310987013181476,1.0599672377199532,0.1288685364018055,0.016607099674343474
SR (SelectKBest + LR),1997,0.8338703361570701,1.1435811609216042,0.30971082476453415,0.09592079497632798
SR (SelectKBest + LR),1997,0.9411660462012108,1.1117624054156447,0.17059635921443395,0.029103117777220182
SR (SelectKBest + LR),1997,1.051610290544852,1.0577462901528012,0.006135999607949083,3.76504911887513e-05
SR (SelectKBest + LR),1997,0.9273916482847004,1.0926451697753143,0.1652535214906139,0.027308726365048788
SR (SelectKBest + LR),1997,0.7394155045989408,1.1411708573617223,0.4017553527627815,0.161407363473547
SR (SelectKBest + LR),1997,0.8904514720590138,1.1411708573617223,0.25071938530270854,0.06286021016656802
SR (SelectKBest + LR),1997,0.9015317970767408,1.0428403260772783,0.14130852900053748,0.01996810036829574
SR (SelectKBest + LR),1997,0.9130531342926488,1.0428403260772783,0.1297871917846295,0.016844715151340197
SR (SelectKBest + LR),1997,0.9499395155789884,1.0428403260772783,0.09290081049828991,0.008630560591239173
SR (SelectKBest + LR),1997,1.0845105615028214,1.0577462901528012,-0.02676427135002024,0.0007163262208975143
SR (SelectKBest + LR),1997,0.8965758335363622,1.0577462901528012,0.16117045661643903,0.025975916085951456
SR (SelectKBest + LR),1997,1.1314118579453163,1.0152502785455495,-0.11616157939976679,0.013493512528648324
SR (SelectKBest + LR),1997,1.0020489839210645,1.0833023097396317,0.08125332581856726,0.006602102956578248
SR (SelectKBest + LR),1997,0.6697284059631434,1.0152502785455495,0.3455218725824061,0.11938536443285246
SR (SelectKBest + LR),1997,1.032413443915129,1.0152502785455495,-0.017163165369579403,0.0002945742455035297
SR (SelectKBest + LR),1997,1.015641215051892,1.0599672377199532,0.04432602266806107,0.001964796285569464
SR (SelectKBest + LR),1997,1.1083163935296263,1.1585288859795584,0.05021249244993209,0.002521294398034487
SR (SelectKBest + LR),1997,0.7650961249901367,1.1599921415462364,0.39489601655609974,0.1559428638918754
SR (SelectKBest + LR),1997,0.7637706491942385,1.0428403260772783,0.27906967688303974,0.07787988455560421
SR (SelectKBest + LR),1997,0.7902147093164511,1.1411708573617223,0.3509561480452712,0.12317021785077431
SR (SelectKBest + LR),1997,1.1637883046105846,1.0273931317895324,-0.13639517282105218,0.01860364316888469
SR (SelectKBest + LR),1997,0.9897403146415444,1.0285976470551614,0.038857332413616996,0.00150989228230233
SR (SelectKBest + LR),1997,1.018700334225177,1.0577462900766332,0.039045955851456204,0.001524586668353867
SR (SelectKBest + LR),1998,0.9385021821927714,1.1742719485560578,0.2357697663632864,0.055587382730998655
SR (SelectKBest + LR),1998,1.1062054371474617,0.9722714389738368,-0.13393399817362484,0.017938315866772542
SR (SelectKBest + LR),1998,1.0098322728506668,0.8744767499404177,-0.1353555229102491,0.01832111758230697
SR (SelectKBest + LR),1998,1.1726378420810142,1.1060059294086195,-0.06663191267239466,0.0044398117863816275
SR (SelectKBest + LR),1998,0.9650633464238604,0.994083421571337,0.02902007514747662,0.0008421647615651902
SR (SelectKBest + LR),1998,0.8198125593268719,0.9067622763519422,0.08694971702507026,0.007560253290739794
SR (SelectKBest + LR),1998,0.9491616147109044,1.1097866041071578,0.16062498939625336,0.025800387218546505
SR (SelectKBest + LR),1998,1.0424244572257837,1.0766606204942326,0.034236163268448916,0.0011721148753438908
SR (SelectKBest + LR),1998,0.9232064559162034,1.0862796252990745,0.16307316938287109,0.026592858572574565
SR (SelectKBest + LR),1998,1.0196074230948646,0.9669014693129591,-0.05270595378190557,0.0027779175640603657
SR (SelectKBest + LR),1998,1.0302928689828028,1.0582935565891745,0.028000687606371644,0.0007840385064296145
SR (SelectKBest + LR),1998,0.9174579626560134,0.9196082896424163,0.0021503269864028285,4.6239061484522704e-06
SR (SelectKBest + LR),1998,1.0123473425577536,0.9725700439918017,-0.03977729856595191,0.0015822334812048801
SR (SelectKBest + LR),1998,0.9401267901118092,1.2276852984431996,0.2875585083313904,0.08268989571377433
SR (SelectKBest + LR),1998,0.9646406266683708,0.9067622763519422,-0.05787835031642863,0.003349903435351234
SR (SelectKBest + LR),1998,1.5230179380876,0.9959647795717677,-0.5270531585158325,0.2777850319015152
SR (SelectKBest + LR),1998,0.8256964027551719,0.9833096347799744,0.15761323202480249,0.024841930909304224
SR (SelectKBest + LR),1998,0.8431809361646939,0.8659086025211743,0.02272766635648038,0.0005165468180114901
SR (SelectKBest + LR),1998,0.9599273796390544,1.1797610188834204,0.21983363924436605,0.04832682894342208
SR (SelectKBest + LR),1998,0.6909875094311014,0.9939499799892187,0.3029624705581173,0.0917862585666781
SR (SelectKBest + LR),1998,0.9912464020542452,1.1060059294086195,0.11475952735437434,0.013169749118599392
SR (SelectKBest + LR),1998,0.9446935581929304,1.0138352725246194,0.06914171433168892,0.004780576660724877
SR (SelectKBest + LR),1998,0.8495923469767666,1.1670414532842366,0.31744910630747003,0.10077393509541141
SR (SelectKBest + LR),1998,1.3723948052091466,1.0184043494766728,-0.3539904557324738,0.1253092427496845
SR (SelectKBest + LR),1998,0.9714885911307152,0.9417739217547648,-0.029714669375950353,0.0008829615761220417
SR (SelectKBest + LR),1998,0.974036172416535,1.0582935565891745,0.0842573841726395,0.007099306787615762
SR (SelectKBest + LR),1998,0.7284915716471602,1.0138352725246194,0.2853437008774592,0.08142102763044491
SR (SelectKBest + LR),1998,1.0759430696062418,0.9959647795717677,-0.0799782900344741,0.006396526876838459
SR (SelectKBest + LR),1998,0.9179186377043425,0.9265560516788911,0.008637413974548647,7.460492016772825e-05
SR (SelectKBest + LR),1998,1.0060240000332188,1.2276852984431996,0.22166129840998083,0.04913373121279857
SR (SelectKBest + LR),1998,0.9596710708119436,0.8659086025211743,-0.09376246829076929,0.008791400459977516
SR (SelectKBest + LR),1998,1.0531411548732237,1.1206328911245964,0.06749173625137272,0.004555134462224859
SR (SelectKBest + LR),1998,1.0461750932616878,1.0601618591610453,0.013986765899357545,0.00019562962032343108
SR (SelectKBest + LR),1998,0.9668678119257388,1.0932809545124853,0.12641314258674652,0.015980282618657107
SR (SelectKBest + LR),1998,0.9189016757698604,0.994083421571337,0.07518174580147663,0.0056522949017578485
SR (SelectKBest + LR),1998,0.3783540310701421,1.2276852984431996,0.8493312673730575,0.7213636017375241
SR (SelectKBest + LR),1998,0.9175562706045052,1.1865019373149757,0.2689456667104705,0.07233177164233948
SR (SelectKBest + LR),1998,1.1558164047210162,0.8744767499404177,-0.2813396547805985,0.07915200135206635
SR (SelectKBest + LR),1998,1.0888036614344645,0.8744767499404177,-0.2143269114940468,0.045936024990576974
SR (SelectKBest + LR),1998,1.0700619080139244,1.1680980658745557,0.09803615786063125,0.00961108824807461
SR (SelectKBest + LR),1998,0.958300875982272,0.9434989816541945,-0.014801894328077436,0.00021909607569957096
SR (SelectKBest + LR),1998,0.8241960942145481,1.065333159296617,0.241137065082069,0.05814708415639398
SR (SelectKBest + LR),1998,0.9614742850433472,0.8659086025211743,-0.0955656825221729,0.009132799675928742
SR (SelectKBest + LR),1998,1.0488590342189903,1.1206328911245964,0.07177385690560611,0.005151486535106423
SR (SelectKBest + LR),1998,1.050473334547195,1.1206328911245964,0.07015955657740136,0.004922363379137582
SR (SelectKBest + LR),1998,0.919167095503768,1.0056916576937431,0.08652456218997517,0.007486499862166881
SR (SelectKBest + LR),1998,0.7569213723534018,1.065333159296617,0.30841178694321525,0.09511783032550719
SR (SelectKBest + LR),1998,2.094010003614777,0.9417739217547648,-1.152236081860012,1.327647988340112
SR (SelectKBest + LR),1998,1.335150340063551,0.9417739217547648,-0.3933764183087861,0.15474500648144907
SR (SelectKBest + LR),1998,0.8365816338519445,0.9196082896424163,0.08302665579047175,0.006893425571749476
SR (SelectKBest + LR),1998,1.0706758184056386,0.9959647795717677,-0.07471103883387098,0.005581739323636177
SR (SelectKBest + LR),1998,0.5225959784649487,1.2188969741348215,0.6963009956698728,0.4848350765708562
SR (SelectKBest + LR),1998,0.6529966370697977,0.9908440023699301,0.3378473653001324,0.11414084224024108
SR (SelectKBest + LR),1998,1.4101943515294686,1.0132337810302474,-0.3969605704992212,0.15757769453106715
SR (SelectKBest + LR),1998,0.8956671204345868,1.2188969741348215,0.3232298537002346,0.10447753832307506
SR (SelectKBest + LR),1998,1.2780856542248913,1.1797610188834204,-0.09832463534147085,0.009667733915033217
SR (SelectKBest + LR),1998,0.92412871600741,1.2276852984431996,0.30355658243578965,0.09214659874009636
SR (SelectKBest + LR),1998,1.142585570329595,1.0766606204942326,-0.06592494983536246,0.004346099010795057
SR (SelectKBest + LR),1998,1.170834820014711,0.9959647795717677,-0.1748700404429433,0.030579531044516623
SR (SelectKBest + LR),1998,0.9757348311334813,0.8659086025211743,-0.10982622861230695,0.01206180049120271
SR (SelectKBest + LR),1998,0.8480861770663177,0.9479937760682049,0.09990759900188717,0.009981528338321886
SR (SelectKBest + LR),1998,0.9539020922655442,1.0766606204942326,0.12275852822868838,0.015069656252873681
SR (SelectKBest + LR),1998,0.9251967507117472,1.0214656320314965,0.09626888131974931,0.009267697510555978
SR (SelectKBest + LR),1998,0.7480311924888734,0.9067622763519422,0.15873108386306878,0.025195556984344572
SR (SelectKBest + LR),1998,0.9180268216406846,0.9067622763519422,-0.011264545288742434,0.00012688998056212936
SR (SelectKBest + LR),1998,0.8859401497073345,1.1097866041071578,0.2238464543998233,0.05010723514737218
SR (SelectKBest + LR),1998,0.9766441094376136,1.1097866041071578,0.1331424946695442,0.017726923886829605
SR (SelectKBest + LR),1998,1.140267800018302,1.1097866041071578,-0.030481195911144177,0.0009291033041735525
SR (SelectKBest + LR),1998,1.0121140565764128,1.0766606204942326,0.06454656391781977,0.004166258913597193
SR (SelectKBest + LR),1998,1.0384323982807573,1.0766606204942326,0.03822822221347533,0.0014613969736028485
SR (SelectKBest + LR),1998,0.8849803812702629,1.2276852984431996,0.3427049171729367,0.11744666025450942
SR (SelectKBest + LR),1998,0.9958613771433172,0.9434989816541945,-0.05236239548912269,0.0027418204613592965
SR (SelectKBest + LR),1998,0.9354102775488068,1.2276852984431996,0.29227502089439283,0.08542468783881776
SR (SelectKBest + LR),1998,1.1322688972980524,0.9959647795717677,-0.1363041177262847,0.01857881250914088
SR (SelectKBest + LR),1998,1.3149483173546122,0.8744767499404177,-0.44047156741419446,0.19401520170031725
SR (SelectKBest + LR),1998,0.8673282004699967,0.945892878394037,0.07856467792404032,0.006172408617308188
SR (SelectKBest + LR),1998,0.8639634773821756,1.1097866041071578,0.2458231267249822,0.06042900963284665
SR (SelectKBest + LR),1998,0.8101572853468149,0.9067622763519422,0.09660499100512732,0.00933252428710073
SR (SelectKBest + LR),1998,0.8351922008759645,1.1865019373149757,0.3513097364390112,0.12341853091684751
SR (SelectKBest + LR),1998,1.0325187451004745,1.1206328911245964,0.08811414602412193,0.007764102729560283
SR (SelectKBest + LR),1998,1.095989326195202,1.0766606204768965,-0.019328705718305583,0.00037359886474485894
SR (SelectKBest + LR),1999,1.0138546241757878,0.9949277647715535,-0.01892685940423422,0.0003582260069076493
SR (SelectKBest + LR),1999,1.3832009808990249,1.0343415447138653,-0.3488594361851596,0.12170290621542743
SR (SelectKBest + LR),1999,0.8163432263013691,1.0173842039293584,0.20104097762798923,0.04041747468561766
SR (SelectKBest + LR),1999,0.912781823560484,1.137363038195609,0.22458121463512504,0.0504367219669881
SR (SelectKBest + LR),1999,1.1639076945619702,1.0418837351851025,-0.12202395937686772,0.014889846662007463
SR (SelectKBest + LR),1999,0.7638723695061154,0.9689744837870975,0.20510211428098213,0.04206687728252905
SR (SelectKBest + LR),1999,0.5353233150954912,1.0168899836196081,0.4815666685241169,0.23190645623341669
SR (SelectKBest + LR),1999,1.1090121232404992,1.0786545589868135,-0.030357564253685743,0.0009215817074166584
SR (SelectKBest + LR),1999,1.3507232233357875,1.0823211279429519,-0.26840209539283566,0.07203968481126485
SR (SelectKBest + LR),1999,0.7640014091265099,0.9539177399159505,0.1899163307894406,0.03606821270052422
SR (SelectKBest + LR),1999,0.6584630593724525,0.9838106067729894,0.32534754740053684,0.10585102659954457
SR (SelectKBest + LR),1999,1.2737482615110882,1.1005117555748711,-0.1732365059362171,0.030010886988988978
SR (SelectKBest + LR),1999,0.8287269836485592,1.038217491563192,0.20949050791463286,0.043886272906330855
SR (SelectKBest + LR),1999,1.1350914229223914,1.0144473678549764,-0.12064405506741505,0.014554988023109474
SR (SelectKBest + LR),1999,0.6900762576785864,1.0390472876810641,0.34897103000247776,0.12178077978099024
SR (SelectKBest + LR),1999,1.1950005426525685,1.0168899836196081,-0.17811055903296036,0.031723371239033654
SR (SelectKBest + LR),1999,1.5702435750105384,1.0099548312676911,-0.5602887437428472,0.3139234763649379
SR (SelectKBest + LR),1999,1.276,1.0786545589868135,-0.19734544101318652,0.03894522308868908
SR (SelectKBest + LR),1999,0.7544577543822936,0.9809562868229718,0.2264985324406782,0.05130158519778095
SR (SelectKBest + LR),1999,0.6235683510541773,1.068778652941786,0.4452103018876087,0.19821221290685567
SR (SelectKBest + LR),1999,1.0729162197480284,1.025500685224663,-0.04741553452336533,0.00224823291413645
SR (SelectKBest + LR),1999,0.960815674243086,1.048676052024534,0.08786037778144795,0.0077194459838987525
SR (SelectKBest + LR),1999,0.844061521919075,1.0418837351851025,0.19782221326602745,0.039133628061469646
SR (SelectKBest + LR),1999,1.135629912477654,1.0150114043148932,-0.12061850816276087,0.014548824511410012
SR (SelectKBest + LR),1999,1.0648440009859783,0.9866436525685209,-0.07820034841745738,0.006115294492611729
SR (SelectKBest + LR),1999,1.2720691826689672,0.9710263840024334,-0.30104279866653383,0.09062676662897923
SR (SelectKBest + LR),1999,0.7694445417721667,0.9971068835404303,0.2276623417682636,0.051830141859409665
SR (SelectKBest + LR),1999,1.1828413779877,1.1005117555748711,-0.08232962241282893,0.006778166726638984
SR (SelectKBest + LR),1999,1.0198667543562945,1.0150114043148932,-0.004855350041401252,2.3574424024535138e-05
SR (SelectKBest + LR),1999,1.157382642332594,1.0099548312676911,-0.14742781106490277,0.021734959475388668
SR (SelectKBest + LR),1999,0.8205157142090572,0.9774448137100771,0.15692909950101985,0.02462674227020099
SR (SelectKBest + LR),1999,1.29995781451228,1.0390472876810641,-0.26091052683121596,0.06807430301134267
SR (SelectKBest + LR),1999,0.7544314043995538,1.068778652941786,0.31434724854223217,0.09881419266607189
SR (SelectKBest + LR),1999,1.270320197685772,1.0761381991959196,-0.19418199848985251,0.037706648537513085
SR (SelectKBest + LR),1999,1.2174168568646562,1.023111480624566,-0.19430537624009014,0.037754579235802985
SR (SelectKBest + LR),1999,1.0102429017235377,1.0740576196984453,0.06381471797490756,0.0040723182302169906
SR (SelectKBest + LR),1999,0.7197853395234245,0.9689744837870975,0.249189144263673,0.06209522961886164
SR (SelectKBest + LR),1999,0.7302023810288826,1.0390472876810641,0.30884490665218156,0.09538517636499474
SR (SelectKBest + LR),1999,1.0759775172780406,1.0912306116274595,0.015253094349418905,0.00023265688723227493
SR (SelectKBest + LR),1999,1.1169021700111028,1.0173842039293584,-0.09951796608174446,0.00990382557304724
SR (SelectKBest + LR),1999,1.0780160348628924,1.0173842039293584,-0.06063183093353408,0.00367621892235266
SR (SelectKBest + LR),1999,1.2507804682850627,0.9996870607481821,-0.2510934075368806,0.063047899308482
SR (SelectKBest + LR),1999,0.8488275070153133,1.1121487782104884,0.2633212711951751,0.06933809186384296
SR (SelectKBest + LR),1999,1.1211094039908942,1.0712825100692593,-0.04982689392163486,0.002482719357877853
SR (SelectKBest + LR),1999,0.6323275054845772,1.068778652941786,0.4364511474572088,0.19048960411671423
SR (SelectKBest + LR),1999,1.176450053692201,1.0761381991959196,-0.10031185449628133,0.010062468152483116
SR (SelectKBest + LR),1999,1.1227328842303193,1.0761381991959196,-0.046594685034399674,0.002171064673454909
SR (SelectKBest + LR),1999,1.1523042785287607,1.0946416443997031,-0.05766263412905759,0.003324979374701557
SR (SelectKBest + LR),1999,0.9781717494600892,1.0712825100692593,0.09311076060917012,0.008669613741218185
SR (SelectKBest + LR),1999,1.9353164049194844,0.9971068835404303,-0.9382095213790541,0.8802371060063138
SR (SelectKBest + LR),1999,1.4545376438068622,0.9971068835404303,-0.4574307602664319,0.20924290043792593
SR (SelectKBest + LR),1999,0.6213746353843099,1.038217491563192,0.41684285617888217,0.17375796674736824
SR (SelectKBest + LR),1999,1.1548554219940437,1.0099548312676911,-0.14490059072635253,0.02099618119284592
SR (SelectKBest + LR),1999,0.3467934419141794,0.9945637094848316,0.6477702675706523,0.41960631954855443
SR (SelectKBest + LR),1999,0.639174893290354,1.0832099819341814,0.44403508864382735,0.1971671599469316
SR (SelectKBest + LR),1999,1.4881330994485578,1.0032212017290463,-0.4849118977195115,0.23513954854993796
SR (SelectKBest + LR),1999,1.158497392515409,0.9945637094848316,-0.16393368303057732,0.02687425243196979
SR (SelectKBest + LR),1999,1.410818375992901,1.025500685224663,-0.38531769076823785,0.14846972281896736
SR (SelectKBest + LR),1999,1.247383041696956,1.0390472876810641,-0.20833575401589188,0.04340378640137021
SR (SelectKBest + LR),1999,1.2816058158432797,1.0823211279429519,-0.19928468790032783,0.03971438683153107
SR (SelectKBest + LR),1999,1.1492056024353072,1.0099548312676911,-0.13925077116761608,0.019390777270775778
SR (SelectKBest + LR),1999,0.7711527688137035,1.068778652941786,0.29762588412808244,0.08858116690302276
SR (SelectKBest + LR),1999,0.873295804078234,1.035418260050821,0.162122455972587,0.02628369073058341
SR (SelectKBest + LR),1999,1.295650225268438,1.0823211279429519,-0.21332909732548622,0.04550930376570677
SR (SelectKBest + LR),1999,1.0633777760385517,1.0539463227485886,-0.009431453289963088,8.895231116075555e-05
SR (SelectKBest + LR),1999,0.5560432744730792,1.0168899836196081,0.4608467091465289,0.21237968933118542
SR (SelectKBest + LR),1999,0.7579895567541551,1.0168899836196081,0.258900426865453,0.06702943103111378
SR (SelectKBest + LR),1999,1.270781504956465,1.0786545589868135,-0.19212694596965152,0.0369127633676254
SR (SelectKBest + LR),1999,1.2217349939874316,1.0786545589868135,-0.14308043500061807,0.020472010879966092
SR (SelectKBest + LR),1999,1.1916991113088329,1.0786545589868135,-0.11304455232201938,0.012779070809685777
SR (SelectKBest + LR),1999,1.358744479164896,1.0823211279429519,-0.27642335122194406,0.07640986910077024
SR (SelectKBest + LR),1999,0.722014251488471,1.0823211279429519,0.3603068764544809,0.12982104522038457
SR (SelectKBest + LR),1999,1.524639272967247,1.0390472876810641,-0.48559198528618297,0.23579957617417655
SR (SelectKBest + LR),1999,1.1951050870867572,1.1121487782104884,-0.08295630887626881,0.006881749182374916
SR (SelectKBest + LR),1999,1.3686793284531564,1.0390472876810641,-0.3296320407720923,0.10865728230357431
SR (SelectKBest + LR),1999,1.133153630529398,1.0099548312676911,-0.12319879926170696,0.015177944139526367
SR (SelectKBest + LR),1999,1.3743405442789505,1.0173842039293584,-0.3569563403495921,0.12741782891577386
SR (SelectKBest + LR),1999,0.8170621560334922,1.0243389363657356,0.2072767803322434,0.042963663664901085
SR (SelectKBest + LR),1999,0.9649100219332098,1.0786545589868135,0.11374453705360366,0.012937819709538615
SR (SelectKBest + LR),1999,0.7246002058502048,1.0168899836196081,0.29228977776940335,0.0854333141884872
SR (SelectKBest + LR),1999,1.013103508245699,1.0912306116173298,0.07812710337163087,0.006103844281241495
SR (SelectKBest + LR),1999,1.2801422977317356,1.076138199200041,-0.20400409853169466,0.041617672217729385
SR (SelectKBest + LR),1999,1.3088089871152433,1.082321127915175,-0.2264878592000683,0.05129675036502997
SR (SelectKBest + LR),2000,0.7136701616608675,0.8397401652101495,0.126070003549282,0.015893645794915975
SR (SelectKBest + LR),2000,1.4661328991197724,1.0543065949702204,-0.411826304149552,0.1696009047894793
SR (SelectKBest + LR),2000,1.0597831002124332,0.9529363375795746,-0.10684676263285853,0.011416230685122413
SR (SelectKBest + LR),2000,0.8866497249854846,1.027204226707173,0.14055450172168849,0.019755567954232132
SR (SelectKBest + LR),2000,1.007195581699887,0.9570484706247873,-0.050147111075099726,0.0025147327491783895
SR (SelectKBest + LR),2000,1.072625934765706,0.9870703017645549,-0.08555563300115099,0.007319766338227636
SR (SelectKBest + LR),2000,0.9605538012699292,1.0695879921373892,0.10903419086746002,0.011888454778121702
SR (SelectKBest + LR),2000,0.8271927603229026,0.8962926961035497,0.0690999357806471,0.004774801124889554
SR (SelectKBest + LR),2000,1.0372581783706414,0.965118213803867,-0.0721399645667744,0.005204174487695467
SR (SelectKBest + LR),2000,1.06304486107575,0.9013303268729336,-0.16171453420281634,0.026151590572433856
SR (SelectKBest + LR),2000,0.8677832577084104,1.0308388406290652,0.1630555829206548,0.026587123121594537
SR (SelectKBest + LR),2000,1.4449656491346008,1.0743286862812147,-0.3706369628533861,0.13737175823318232
SR (SelectKBest + LR),2000,1.0148038939092794,1.0314011662690001,0.01659727235972075,0.00027546944978275035
SR (SelectKBest + LR),2000,1.024220425617424,1.048733245476947,0.024512819859522805,0.0006008783374654156
SR (SelectKBest + LR),2000,1.0167513230897431,0.9305890560050839,-0.08616226708465924,0.007423936269168153
SR (SelectKBest + LR),2000,0.9716136876956456,1.0695879921373892,0.0979743044417436,0.00959896433084346
SR (SelectKBest + LR),2000,1.532283571245046,0.9274772486958003,-0.6048063225492457,0.36579068779554225
SR (SelectKBest + LR),2000,0.58,0.8962926961035497,0.3162926961035497,0.10004106960845245
SR (SelectKBest + LR),2000,0.9528876773806534,1.0809676915301727,0.1280800141495193,0.016404490024541064
SR (SelectKBest + LR),2000,0.987926461410726,1.0877138072853887,0.09978734587466265,0.009957514396709553
SR (SelectKBest + LR),2000,1.1322311186799798,1.0434477578977013,-0.08878336078227855,0.007882485151796237
SR (SelectKBest + LR),2000,0.89083377548687,1.110947208093755,0.22011343260688498,0.048449923213985696
SR (SelectKBest + LR),2000,0.8660443456823075,0.9570484706247873,0.09100412494247978,0.00828175075654647
SR (SelectKBest + LR),2000,1.1034086771200895,1.086662374968873,-0.01674630215121642,0.00028043863573983565
SR (SelectKBest + LR),2000,0.7474148609642687,0.9031332796359939,0.1557184186717252,0.024248225913622697
SR (SelectKBest + LR),2000,1.5005383631069225,0.966905183292527,-0.5336331798143955,0.284764370598823
SR (SelectKBest + LR),2000,1.046446794631857,1.0544674674407328,0.008020672808875862,6.43311923070406e-05
SR (SelectKBest + LR),2000,1.083324965306489,1.0743286862812147,-0.008996279025274223,8.093303630058892e-05
SR (SelectKBest + LR),2000,1.0332311431661765,1.086662374968873,0.0534312318026966,0.0028548965319534964
SR (SelectKBest + LR),2000,1.0793794969275885,0.9274772486958003,-0.15190224823178822,0.023074293017871807
SR (SelectKBest + LR),2000,0.9460939040598524,1.0670403303162357,0.1209464262563833,0.014628038024190763
SR (SelectKBest + LR),2000,1.0151507480721391,0.9305890560050839,-0.08456169206705522,0.007150679765243469
SR (SelectKBest + LR),2000,0.8600118787632348,1.0877138072853887,0.22770192852215387,0.05184816825270807
SR (SelectKBest + LR),2000,0.723209656811724,0.9299194827903386,0.20670982597861465,0.042728952156109154
SR (SelectKBest + LR),2000,1.1470215207467307,1.1041724214449005,-0.04284909930183023,0.0018360453109781078
SR (SelectKBest + LR),2000,0.9695652544075536,1.178664713417292,0.20909945900973848,0.043722583758165304
SR (SelectKBest + LR),2000,1.0219882305798365,0.9870703017645549,-0.03491792881528155,0.0012192617527490696
SR (SelectKBest + LR),2000,0.5903106887147653,0.9305890560050839,0.3402783672903186,0.11578936724576495
SR (SelectKBest + LR),2000,0.8084990290310952,0.8669978572789647,0.05849882824786956,0.003422112906373742
SR (SelectKBest + LR),2000,1.1195016009332517,0.9529363375795746,-0.16656526335367705,0.02774398695607979
SR (SelectKBest + LR),2000,1.1497734865500606,0.9529363375795746,-0.196837148970486,0.03874486321482929
SR (SelectKBest + LR),2000,0.8167265784590361,0.8698028499488112,0.05307627148977512,0.002817090595256315
SR (SelectKBest + LR),2000,1.0923666108642154,1.104655548913038,0.012288938048822695,0.00015101799836780215
SR (SelectKBest + LR),2000,1.1681042259693193,1.132606557648565,-0.03549766832075418,0.0012600844562102751
SR (SelectKBest + LR),2000,0.9687733500696948,1.0877138072853887,0.1189404572156939,0.014146832362678313
SR (SelectKBest + LR),2000,1.259782310716149,0.9299194827903386,-0.32986282792581034,0.10880948524721276
SR (SelectKBest + LR),2000,1.0195274870926552,0.9299194827903386,-0.08960800430231652,0.008029594435043978
SR (SelectKBest + LR),2000,1.0143397794600324,1.1087897254910344,0.09444994603100199,0.008920792305259188
SR (SelectKBest + LR),2000,0.9911585907023877,1.132606557648565,0.14144796694617745,0.02000752735320691
SR (SelectKBest + LR),2000,2.22270777779951,1.0544674674407328,-1.168240310358777,1.3647854227471719
SR (SelectKBest + LR),2000,1.5411919865151176,1.0544674674407328,-0.48672451907438474,0.23690075746819111
SR (SelectKBest + LR),2000,1.065499950108993,1.0314011662690001,-0.034098783839992874,0.001162727059366559
SR (SelectKBest + LR),2000,1.1292965898259086,0.9274772486958003,-0.20181934113010835,0.040731046454191046
SR (SelectKBest + LR),2000,0.9535689402031288,0.9110792303650821,-0.042489709838046674,0.0018053754421214004
SR (SelectKBest + LR),2000,0.9519125054443978,1.099439518277721,0.14752701283332326,0.021764219515523524
SR (SelectKBest + LR),2000,1.531674375644982,1.0153607066655688,-0.5163136689794132,0.2665798047749831
SR (SelectKBest + LR),2000,0.8411161587654856,0.9110792303650821,0.06996307159959647,0.004894831387650262
SR (SelectKBest + LR),2000,1.4082567255443077,1.0434477578977013,-0.3648089676466064,0.13308558287538272
SR (SelectKBest + LR),2000,0.7398475362105202,0.9305890560050839,0.19074151979456366,0.03638232737353992
SR (SelectKBest + LR),2000,1.1127943541834595,0.965118213803867,-0.14767614037959254,0.02180824243741312
SR (SelectKBest + LR),2000,1.2004616287715697,0.9274772486958003,-0.2729843800757694,0.07452047176535213
SR (SelectKBest + LR),2000,1.0986476350413446,1.0877138072853887,-0.01093382775595586,0.00011954858939691077
SR (SelectKBest + LR),2000,0.9921707156685432,1.141213122225017,0.14904240655647383,0.02221363895214523
SR (SelectKBest + LR),2000,1.0904339128484235,0.965118213803867,-0.12531569904455653,0.015704024427025867
SR (SelectKBest + LR),2000,1.1051657206495422,1.1781974599509795,0.07303173930143725,0.005333634945393094
SR (SelectKBest + LR),2000,0.8324461781630438,1.0695879921373892,0.23714181397434542,0.05623623993504305
SR (SelectKBest + LR),2000,1.058191332406094,1.0695879921373892,0.011396659731295111,0.00012988385303092356
SR (SelectKBest + LR),2000,0.7474660408614495,0.8962926961035497,0.14882665524210015,0.022149373310550936
SR (SelectKBest + LR),2000,0.8709389150091373,0.8962926961035497,0.02535378109441233,0.0006428142157833801
SR (SelectKBest + LR),2000,0.8611268896984894,0.8962926961035497,0.035165806405060285,0.001236633940118179
SR (SelectKBest + LR),2000,1.2648448585521748,0.965118213803867,-0.2997266447483078,0.0898360615720783
SR (SelectKBest + LR),2000,0.3594684156485677,0.965118213803867,0.6056497981552993,0.36681167800555475
SR (SelectKBest + LR),2000,0.9661496694461622,0.9305890560050839,-0.035560613441078304,0.0012645572283057989
SR (SelectKBest + LR),2000,1.3055904982124276,1.104655548913038,-0.2009349492993895,0.040374853849948225
SR (SelectKBest + LR),2000,0.3248220553238415,0.9305890560050839,0.6057670006812423,0.36695365911434824
SR (SelectKBest + LR),2000,0.8404546004638999,0.9305890560050839,0.09013445554118404,0.008124220075705683
SR (SelectKBest + LR),2000,1.176080749744456,0.9274772486958003,-0.2486035010486558,0.061803700733649006
SR (SelectKBest + LR),2000,1.5573800803757725,0.9529363375795746,-0.6044437427961978,0.3653522382054762
SR (SelectKBest + LR),2000,1.0781644097331795,1.1302800364570476,0.05211562672386805,0.0027160385488215495
SR (SelectKBest + LR),2000,0.5646445884413966,0.8962926961035497,0.331648107662153,0.10999046731588705
SR (SelectKBest + LR),2000,0.9760508949118296,1.0695879921373892,0.09353709722555958,0.008749188557383786
SR (SelectKBest + LR),2000,0.8080066903497003,0.8669978572789647,0.05899116692926443,0.003479957775676341
SR (SelectKBest + LR),2000,0.6795590733439354,0.9299194827903386,0.25036040944640325,0.06268033461817069
SR (SelectKBest + LR),2000,1.1635601264396014,0.965118213803867,-0.1984419126357344,0.03937919269052845
SR (SelectKBest + LR),2001,0.6123180749301418,0.9418169923361324,0.3294989174059906,0.1085695365717198
SR (SelectKBest + LR),2001,1.173893538436494,1.0524177384863076,-0.12147579995018631,0.014756369973537685
SR (SelectKBest + LR),2001,0.9827320581064704,1.0956608663652088,0.11292880825873841,0.012752915734738905
SR (SelectKBest + LR),2001,1.2095693995956336,1.1028324406157355,-0.1067369589798981,0.01139277841227645
SR (SelectKBest + LR),2001,0.7697022061185993,1.036722566133527,0.2670203600149278,0.07129987266250165
SR (SelectKBest + LR),2001,1.071148397553031,1.088044619717102,0.016896222164071162,0.0002854823234176496
SR (SelectKBest + LR),2001,0.8127563153282815,1.2387287383107415,0.42597242298245996,0.1814525051415478
SR (SelectKBest + LR),2001,0.626624496361865,1.106855127056317,0.48023063069445193,0.23062145865719108
SR (SelectKBest + LR),2001,0.7957592426937926,1.136561440311055,0.3408021976172625,0.11614613790075563
SR (SelectKBest + LR),2001,0.9634884251237984,1.0775794189324173,0.11409099380861887,0.01301675486823831
SR (SelectKBest + LR),2001,0.5531078456863346,1.1031133318942152,0.5500054862078806,0.30250603485876715
SR (SelectKBest + LR),2001,1.3518507275078957,1.0680733301262104,-0.2837773973816853,0.08052961126472293
SR (SelectKBest + LR),2001,0.9182744997826108,1.1547293265812821,0.23645482679867136,0.05591088511638967
SR (SelectKBest + LR),2001,0.9657976612405847,1.0796302214856222,0.1138325602450374,0.01295785177194007
SR (SelectKBest + LR),2001,0.9550519095898348,1.1662627300122588,0.211210820422424,0.044610010663513444
SR (SelectKBest + LR),2001,0.4866145455382658,1.2387287383107415,0.7521141927724757,0.5656757589697927
SR (SelectKBest + LR),2001,0.998912239010711,1.1201369330962196,0.12122469408550862,0.014695426456125149
SR (SelectKBest + LR),2001,0.222,1.106855127056317,0.884855127056317,0.7829685958778508
SR (SelectKBest + LR),2001,0.8671844278071634,1.2209624236862067,0.35377799587904324,0.12515887036819234
SR (SelectKBest + LR),2001,0.8440781183751844,1.1648618346411381,0.3207837162659537,0.10290219262139588
SR (SelectKBest + LR),2001,0.5190590037801401,1.146944152040796,0.6278851482606558,0.3942397594063057
SR (SelectKBest + LR),2001,0.9172167665021408,1.1812439573116824,0.2640271908095416,0.0697103574867781
SR (SelectKBest + LR),2001,0.8327501720557919,1.036722566133527,0.20397239407773515,0.041604737545802885
SR (SelectKBest + LR),2001,1.0011210485197228,1.155808857970069,0.1546878094503461,0.023928318392546586
SR (SelectKBest + LR),2001,0.5076286373278419,1.0413706792638016,0.5337420419359596,0.2848805673299677
SR (SelectKBest + LR),2001,1.3602569015307266,1.0595089366940311,-0.3007479648366955,0.09044933835341425
SR (SelectKBest + LR),2001,0.7759031855171358,1.1260426976244378,0.350139512107302,0.12259767793873948
SR (SelectKBest + LR),2001,1.0299456680594257,1.0680733301262104,0.03812766206678475,0.0014537186146789368
SR (SelectKBest + LR),2001,1.0434588922220829,1.155808857970069,0.11234996574798606,0.012622514803573641
SR (SelectKBest + LR),2001,0.6880443433864836,1.1201369330962196,0.4320925897097361,0.1867040060820663
SR (SelectKBest + LR),2001,1.0029655698951283,1.1537014285893143,0.15073585869418604,0.02272129909627362
SR (SelectKBest + LR),2001,0.8659234148369187,1.1662627300122588,0.30033931517534007,0.09020370423999226
SR (SelectKBest + LR),2001,0.8774881705620771,1.1648618346411381,0.28737366407906106,0.08258362280622503
SR (SelectKBest + LR),2001,0.4508226863699279,1.1673882264523856,0.7165655400824578,0.5134661732336644
SR (SelectKBest + LR),2001,1.0914667966629676,1.2468437939619164,0.15537699729894872,0.024142011289637517
SR (SelectKBest + LR),2001,1.073896368654574,1.101541502512506,0.02764513385793199,0.0007642534260229777
SR (SelectKBest + LR),2001,0.9903057916122836,1.088044619717102,0.09773882810481849,0.009552878519303256
SR (SelectKBest + LR),2001,0.6894302699853223,1.0051197029884837,0.31568943300316143,0.09965981810985755
SR (SelectKBest + LR),2001,1.0396093862626803,1.0956608663652088,0.05605148010252847,0.003141768421684145
SR (SelectKBest + LR),2001,1.071748886274271,1.0956608663652088,0.023911980090937757,0.0005717827918694037
SR (SelectKBest + LR),2001,0.5719539939726532,1.118062686423582,0.5461086924509289,0.2982347039704632
SR (SelectKBest + LR),2001,0.8310412903549145,1.1261980277611836,0.29515673740626913,0.08711749963631331
SR (SelectKBest + LR),2001,1.072835576708496,1.3137216541429537,0.24088607743445767,0.05802610230175954
SR (SelectKBest + LR),2001,0.8460981015511784,1.1648618346411381,0.31876373308995976,0.1016103175334471
SR (SelectKBest + LR),2001,0.8477695077667033,1.1673882264523856,0.31961871868568226,0.10215612533427729
SR (SelectKBest + LR),2001,0.6544318399967683,1.1673882264523856,0.5129563864556173,0.26312425440560455
SR (SelectKBest + LR),2001,1.0366202726897646,1.1418887324815856,0.10526845979182098,0.01108144862694223
SR (SelectKBest + LR),2001,0.956300192004353,1.3137216541429537,0.3574214621386007,0.1277501015972952
SR (SelectKBest + LR),2001,2.160935537649148,1.1260426976244378,-1.0348928400247104,1.0710031903344108
SR (SelectKBest + LR),2001,1.381005929577734,1.1260426976244378,-0.2549632319532962,0.06500624964807031
SR (SelectKBest + LR),2001,0.943038476377514,1.1547293265812821,0.2116908502037681,0.04481301605999419
SR (SelectKBest + LR),2001,1.0431134845937498,1.1201369330962196,0.0770234485024699,0.005932611619212632
SR (SelectKBest + LR),2001,0.7961986267857402,1.0382149109999834,0.24201628421424326,0.05857188182486937
SR (SelectKBest + LR),2001,0.8012610379250317,1.292762361008327,0.4915013230832953,0.24157355059262983
SR (SelectKBest + LR),2001,1.296585563555112,1.1284530658421248,-0.16813249771298722,0.02826853678720765
SR (SelectKBest + LR),2001,0.6107615208910732,1.0382149109999834,0.42745339010891026,0.18271640071560022
SR (SelectKBest + LR),2001,1.2382197075331578,1.146944152040796,-0.09127555549236188,0.008331227030439233
SR (SelectKBest + LR),2001,0.5767086585597564,1.1662627300122588,0.5895540714525024,0.3475740031662223
SR (SelectKBest + LR),2001,0.7950736168028995,1.136561440311055,0.34148782350815565,0.11661393360433726
SR (SelectKBest + LR),2001,1.012461075559432,1.1201369330962196,0.10767585753678754,0.011594090296282568
SR (SelectKBest + LR),2001,0.8860284864621458,1.1648618346411381,0.2788333481789923,0.07774803605670715
SR (SelectKBest + LR),2001,0.9768105112020952,1.2170389785393037,0.24022846733720848,0.057709716519184245
SR (SelectKBest + LR),2001,0.7713084801076069,1.136561440311055,0.3652529602034482,0.13340972493738174
SR (SelectKBest + LR),2001,1.0121478137951452,1.2783772494380812,0.266229435642936,0.0708781124027562
SR (SelectKBest + LR),2001,0.7693584380715529,1.2387287383107415,0.4693703002391886,0.22030847874662604
SR (SelectKBest + LR),2001,0.9934874852154176,1.2387287383107415,0.24524125309532385,0.06014327221976469
SR (SelectKBest + LR),2001,0.4760067840042566,1.106855127056317,0.6308483430520604,0.39796963193153007
SR (SelectKBest + LR),2001,0.6353116084719037,1.106855127056317,0.47154351858441323,0.22235328991896888
SR (SelectKBest + LR),2001,0.7564825567069144,1.106855127056317,0.3503725703494025,0.122760938053247
SR (SelectKBest + LR),2001,0.8107397595676491,1.136561440311055,0.325821680743406,0.10615976764245799
SR (SelectKBest + LR),2001,0.4405651054284282,1.136561440311055,0.6959963348826269,0.48441089817004973
SR (SelectKBest + LR),2001,0.9413152233028448,1.1662627300122588,0.224947506709414,0.05060138077478185
SR (SelectKBest + LR),2001,1.0877939536430556,1.1261980277611836,0.03840407411812796,0.001474872908870666
SR (SelectKBest + LR),2001,0.3590192696320944,1.1662627300122588,0.8072434603801644,0.651642004326542
SR (SelectKBest + LR),2001,0.4284882312259687,1.1662627300122588,0.7377744987862901,0.5443112110593615
SR (SelectKBest + LR),2001,1.025009703240498,1.1201369330962196,0.09512722985572175,0.009049189860023319
SR (SelectKBest + LR),2001,1.3974018782591573,1.0956608663652088,-0.30174101189394853,0.091047638258784
SR (SelectKBest + LR),2001,0.9306968771921568,1.325728059135646,0.3950311819434892,0.15604963470767005
SR (SelectKBest + LR),2001,0.5408059334415688,1.106855127056317,0.5660491936147481,0.32041168959190663
SR (SelectKBest + LR),2001,0.8709216966580483,1.2387287383107415,0.3678070416526932,0.13528201988930597
SR (SelectKBest + LR),2001,0.5429471744915279,1.0051197035272765,0.4621725290357487,0.21360344659529995
SR (SelectKBest + LR),2001,0.3591514086959285,1.1673882264212865,0.808236817725358,0.6532467535268136
SR (SelectKBest + LR),2001,0.8814949738352931,1.136561440470365,0.25506646663507193,0.06505890240170026
SR (SelectKBest + LR),2002,0.8927002607469375,0.9122473226539124,0.01954706190697486,0.00038208762919510767
SR (SelectKBest + LR),2002,0.8091959925061475,1.0797280380290606,0.2705320455229131,0.07318758765481152
SR (SelectKBest + LR),2002,0.8643668108894835,1.0705599998822388,0.2061931889927553,0.042515631187002106
SR (SelectKBest + LR),2002,1.0267786667055376,1.0363480650658274,0.009569398360289805,9.15733849779172e-05
SR (SelectKBest + LR),2002,0.9963462174034232,0.9587288823050002,-0.03761733509842302,0.0014150638999070484
SR (SelectKBest + LR),2002,1.0321503360007178,1.0624542345998649,0.03030389859914706,0.0009183262703073872
SR (SelectKBest + LR),2002,0.6634855454437698,1.1134851898634233,0.44999964441965346,0.20249967997781454
SR (SelectKBest + LR),2002,0.9293173562046054,1.0349012374284543,0.10558388122384887,0.011147955974291827
SR (SelectKBest + LR),2002,1.1352784824552882,1.0566928258319257,-0.07858565662336248,0.0061757054269250345
SR (SelectKBest + LR),2002,0.7345818472256009,0.9582535425032271,0.2236716952776262,0.05002902726836727
SR (SelectKBest + LR),2002,0.9219289286621156,1.0565853321506316,0.13465640348851593,0.018132347000462005
SR (SelectKBest + LR),2002,0.7977872920806275,1.0987818615866094,0.3009945695059819,0.09059773087209137
SR (SelectKBest + LR),2002,0.82932114240972,1.1158047979937706,0.28648365558405064,0.08207288491680095
SR (SelectKBest + LR),2002,0.9073566023395808,1.040425799730357,0.13306919739077616,0.017707411294225348
SR (SelectKBest + LR),2002,0.7116353632805686,0.8725522635619779,0.16091690028140926,0.02589424879617701
SR (SelectKBest + LR),2002,0.9456322183795468,1.1134851898634233,0.16785297148387646,0.028174620035967043
SR (SelectKBest + LR),2002,1.2674510872195082,1.0154942562345393,-0.2519568309849689,0.06348224467998818
SR (SelectKBest + LR),2002,0.92806096696164,1.0165518393485424,0.08849087238690245,0.007830634495795056
SR (SelectKBest + LR),2002,0.9807802133617296,1.1196656533622322,0.13888544000050262,0.019289165444133213
SR (SelectKBest + LR),2002,0.8498415915995488,0.9174218193723518,0.06758022777280304,0.004567087185823939
SR (SelectKBest + LR),2002,0.8377668895108237,1.121564224501623,0.2837973349907994,0.08054092734788001
SR (SelectKBest + LR),2002,1.0013355315953023,0.9587288823050002,-0.04260664929030211,0.0018153265637468015
SR (SelectKBest + LR),2002,1.0203608618339983,1.0602426773143834,0.03988181548038505,0.0015905592060114807
SR (SelectKBest + LR),2002,0.7593443676425121,0.9728312705554147,0.21348690291290262,0.04557665771534311
SR (SelectKBest + LR),2002,1.3671584213710608,1.035493256733748,-0.33166516463731277,0.11000178143389579
SR (SelectKBest + LR),2002,0.9746939897123112,1.1655247930129247,0.19083080330061342,0.03641639548835741
SR (SelectKBest + LR),2002,0.9150373153660462,1.0987818615866094,0.18374454622056324,0.0337620582658007
SR (SelectKBest + LR),2002,1.076053289062865,1.0602426773143834,-0.01581061174848153,0.00024997544386122213
SR (SelectKBest + LR),2002,1.0749820224266864,1.0154942562345393,-0.05948776619214713,0.003538794326531563
SR (SelectKBest + LR),2002,1.0426313181107356,1.0613346023294907,0.018703284218755112,0.000349812840567534
SR (SelectKBest + LR),2002,1.2635447380578806,0.8725522635619779,-0.3909924744959027,0.1528751151124291
SR (SelectKBest + LR),2002,0.974149421484051,1.1196656533622322,0.1455162318781812,0.021174973740024597
SR (SelectKBest + LR),2002,0.991002664866769,0.9633953270084185,-0.027607337858350567,0.0007621651036251165
SR (SelectKBest + LR),2002,0.8866345956606718,1.0770656346014824,0.1904310389408106,0.03626398059207652
SR (SelectKBest + LR),2002,0.9194198293497216,1.0129971164744072,0.0935772871246856,0.00875670866561585
SR (SelectKBest + LR),2002,0.8694115791476812,1.0624542345998649,0.1930426554521837,0.0372654668240305
SR (SelectKBest + LR),2002,1.5952483926580936,0.8725522635619779,-0.7226961290961157,0.5222896950105095
SR (SelectKBest + LR),2002,0.8602825235015634,0.9772896544686783,0.1170071309671149,0.01369066869715558
SR (SelectKBest + LR),2002,1.110595989169543,1.0705599998822388,-0.04003598928730412,0.0016028804382131302
SR (SelectKBest + LR),2002,1.0371018960750948,1.0705599998822388,0.03345810380714398,0.0011194447103696225
SR (SelectKBest + LR),2002,1.0045206892209144,0.9042560787664279,-0.10026461045448654,0.010052992109589931
SR (SelectKBest + LR),2002,0.9729971882203464,1.097553680819757,0.1245564925994106,0.015514319848667026
SR (SelectKBest + LR),2002,0.9231243385878436,1.1362178484130248,0.21309350982518116,0.04540884392961458
SR (SelectKBest + LR),2002,0.9989660938128556,1.1196656533622322,0.12069955954937661,0.01456838367541351
SR (SelectKBest + LR),2002,1.062775935567831,0.9633953270084185,-0.09938060855941255,0.009876505357639183
SR (SelectKBest + LR),2002,0.9457855282778934,0.9633953270084185,0.01760979873052504,0.0003101050113296013
SR (SelectKBest + LR),2002,1.035898137373054,1.1417147910196457,0.10581665364659165,0.011197164188962739
SR (SelectKBest + LR),2002,0.8394628680556813,1.1362178484130248,0.2967549803573435,0.08806351836688732
SR (SelectKBest + LR),2002,2.314692370281678,1.1655247930129247,-1.1491675772687535,1.3205861206457365
SR (SelectKBest + LR),2002,1.60621764816258,1.1655247930129247,-0.4406928551496554,0.19421019257995514
SR (SelectKBest + LR),2002,0.9695596749154364,1.1158047979937706,0.14624512307833426,0.021387636024197135
SR (SelectKBest + LR),2002,1.015536438456104,1.0154942562345393,-4.218222156482376e-05,1.779339816143883e-09
SR (SelectKBest + LR),2002,0.7506540466164575,0.7438805252449079,-0.006773521371549629,4.588059177083957e-05
SR (SelectKBest + LR),2002,0.7696407601197945,1.106819020775897,0.33717826065610246,0.11368917945907457
SR (SelectKBest + LR),2002,1.539884100713742,1.1278824597374142,-0.41200164097632785,0.16974535216718695
SR (SelectKBest + LR),2002,0.316480842676577,0.7438805252449079,0.4273996825683309,0.18267048865951
SR (SelectKBest + LR),2002,1.2515756141009455,0.9174218193723518,-0.33415379472859374,0.11165875853151916
SR (SelectKBest + LR),2002,1.046495266621443,0.8725522635619779,-0.1739430030594652,0.030256168313345117
SR (SelectKBest + LR),2002,1.0303075737698957,1.0566928258319257,0.026385252062030018,0.0006961815263768593
SR (SelectKBest + LR),2002,1.1569965351516245,1.0154942562345393,-0.14150227891708522,0.02002289493872858
SR (SelectKBest + LR),2002,0.942095934922743,1.1196656533622322,0.1775697184394892,0.031531004906679476
SR (SelectKBest + LR),2002,1.0739433308079436,1.1166199659778813,0.04267663516993769,0.0018212951894279628
SR (SelectKBest + LR),2002,1.0532698362254156,1.0566928258319257,0.0034229896065101073,1.1716857846276218e-05
SR (SelectKBest + LR),2002,1.0534337870821058,1.1522071691745317,0.09877338209242592,0.009756181009976366
SR (SelectKBest + LR),2002,0.605119528950928,1.1134851898634233,0.5083656609124952,0.2584356451949981
SR (SelectKBest + LR),2002,0.7783893110711828,1.1134851898634233,0.33509587879224045,0.11228924798354391
SR (SelectKBest + LR),2002,0.9519494436922232,1.0349012374284543,0.08295179373623107,0.006881000084058225
SR (SelectKBest + LR),2002,0.9237549476023208,1.0349012374284543,0.1111462898261335,0.012353497742114868
SR (SelectKBest + LR),2002,1.0617954645853271,1.0349012374284543,-0.02689422715687284,0.0007232994543654766
SR (SelectKBest + LR),2002,1.1054460467147476,1.0566928258319257,-0.04875322088282186,0.002376876546449217
SR (SelectKBest + LR),2002,0.4355678996394807,1.0566928258319257,0.621124926192445,0.3857961739375702
SR (SelectKBest + LR),2002,1.0943111120344573,0.8725522635619779,-0.2217588484724794,0.04917698687584008
SR (SelectKBest + LR),2002,0.9602014344789755,1.097553680819757,0.13735224634078147,0.018865639574858716
SR (SelectKBest + LR),2002,0.8597035741963429,0.8725522635619779,0.012848689365634991,0.0001650888184145817
SR (SelectKBest + LR),2002,0.8925044527357111,0.8725522635619779,-0.019952189173733204,0.00039808985282443647
SR (SelectKBest + LR),2002,1.018442428318031,1.0154942562345393,-0.002948172083491629,8.691718633879374e-06
SR (SelectKBest + LR),2002,1.621485735263675,1.0705599998822388,-0.5509257353814361,0.30351916590557615
SR (SelectKBest + LR),2002,0.8711783274949572,1.0534099178192289,0.18223159032427172,0.0332083525121132
SR (SelectKBest + LR),2002,0.6776521745527446,1.0349012374284543,0.3572490628757097,0.12762689292557278
SR (SelectKBest + LR),2002,0.8257265068361858,1.1134851898634233,0.2877586830272375,0.08280505965757015
SR (SelectKBest + LR),2002,0.6118693476533471,0.9772896541878087,0.36542030653446156,0.13353200042773986
SR (SelectKBest + LR),2002,0.6699500396288046,0.9633953273157037,0.29344528768689904,0.08611013686564693
SR (SelectKBest + LR),2002,1.1883184014643344,1.0566928258528439,-0.13162557561149058,0.017325292155056224
SR (SelectKBest + LR),2003,1.063300481138434,0.8382196536082955,-0.22508082753013836,0.050661378921651894
SR (SelectKBest + LR),2003,0.8821328401245884,1.0745222953673563,0.19238945524276796,0.03701370248860902
SR (SelectKBest + LR),2003,0.9893233769170116,0.8943775523238872,-0.0949458245931244,0.009014709607668345
SR (SelectKBest + LR),2003,0.5987870329554135,1.027027092826987,0.42824005987157343,0.1833895488788088
SR (SelectKBest + LR),2003,0.9875680165704164,0.9970108593227028,0.009442842752286462,8.916727924440896e-05
SR (SelectKBest + LR),2003,1.1621867652776212,0.8989898428768867,-0.26319692240073456,0.06927261996121829
SR (SelectKBest + LR),2003,0.8676728609224382,1.077223646562602,0.20955078564016372,0.04391153176240985
SR (SelectKBest + LR),2003,1.2599506817826136,0.9347382950005796,-0.325212386782034,0.10576309651646729
SR (SelectKBest + LR),2003,1.3612971173077513,0.9950105605645069,-0.3662865567432444,0.134165841650822
SR (SelectKBest + LR),2003,1.1021083218944134,0.8659613315355761,-0.23614699035883735,0.05576540105553682
SR (SelectKBest + LR),2003,1.0483032346732866,1.024540413557143,-0.023762821116143584,0.0005646716673978395
SR (SelectKBest + LR),2003,0.711735782959728,1.0103719677063097,0.2986361847465817,0.08918357083999448
SR (SelectKBest + LR),2003,0.8134206148387869,0.9964982497255334,0.18307763488674644,0.03351742039572484
SR (SelectKBest + LR),2003,1.0755889836001251,1.0112892891106067,-0.06429969448951844,0.004134450711445408
SR (SelectKBest + LR),2003,0.9139935083050597,0.8735075333000963,-0.040485975004963315,0.0016391141721025142
SR (SelectKBest + LR),2003,1.30746840776998,1.077223646562602,-0.23024476120737813,0.05301265006344258
SR (SelectKBest + LR),2003,1.9246150146112613,0.8990647282041144,-1.0255502864071468,1.0517533899497808
SR (SelectKBest + LR),2003,1.402,0.9347382950005796,-0.4672617049994203,0.2183335009589653
SR (SelectKBest + LR),2003,0.8699226944605557,1.0208837235412895,0.15096102908073383,0.022789232301114164
SR (SelectKBest + LR),2003,0.9778438590035616,1.104644351442867,0.12680049243930536,0.016078364882850336
SR (SelectKBest + LR),2003,1.2497239507906062,0.8372484630572066,-0.4124754877333996,0.17013602798090588
SR (SelectKBest + LR),2003,0.9662709857464544,1.0562822342388922,0.0900112484924378,0.008102024855167386
SR (SelectKBest + LR),2003,0.822919219848447,0.9970108593227028,0.17409163947425588,0.030307898934834286
SR (SelectKBest + LR),2003,0.8636673198456065,1.0025921591967932,0.1389248393511867,0.019300110988753037
SR (SelectKBest + LR),2003,1.0908382404464296,0.9379596081207124,-0.1528786323257172,0.023371876221781822
SR (SelectKBest + LR),2003,1.303779768385375,0.9011475262249876,-0.4026322421603873,0.16211272242710076
SR (SelectKBest + LR),2003,1.144121578023162,1.035039334555023,-0.10908224346813888,0.011898935840042328
SR (SelectKBest + LR),2003,0.5405136703098741,1.0103719677063097,0.4698582973964356,0.22076681963227732
SR (SelectKBest + LR),2003,0.7858185430989212,1.0025921591967932,0.21677361609787205,0.04699080063614761
SR (SelectKBest + LR),2003,1.4944199179032136,0.8990647282041144,-0.5953551896990992,0.3544478019016504
SR (SelectKBest + LR),2003,0.9858603985763128,1.0091233545110934,0.02326295593478056,0.0005411651188235421
SR (SelectKBest + LR),2003,1.6193625604917117,0.8735075333000963,-0.7458550271916153,0.5562997215870052
SR (SelectKBest + LR),2003,1.0066758089578254,1.104644351442867,0.09796854248504161,0.009597835316643403
SR (SelectKBest + LR),2003,1.2560520581600516,0.8779857756688954,-0.37806628249115626,0.14293411395668276
SR (SelectKBest + LR),2003,0.94177489191368,0.9789369900900613,0.037162098176381275,0.0013810215408710004
SR (SelectKBest + LR),2003,1.1876227491824107,1.0318821366500137,-0.15574061253239702,0.02425513839196622
SR (SelectKBest + LR),2003,1.1651918322476935,0.8989898428768867,-0.26620198937080686,0.07086349914497517
SR (SelectKBest + LR),2003,1.5999754307864449,0.8735075333000963,-0.7264678974863485,0.5277556060782358
SR (SelectKBest + LR),2003,1.1448335784582568,0.9264540603587119,-0.21837951809954492,0.047689613925389465
SR (SelectKBest + LR),2003,1.2917529989120835,0.8943775523238872,-0.39737544658819635,0.15790724555116847
SR (SelectKBest + LR),2003,1.1328999036862748,0.8943775523238872,-0.23852235136238764,0.056892912099442305
SR (SelectKBest + LR),2003,1.4369587807745816,0.850475037261168,-0.5864837435134136,0.3439631814055075
SR (SelectKBest + LR),2003,1.2228156410546496,1.0965479993669187,-0.12626764168773086,0.015943517337381186
SR (SelectKBest + LR),2003,1.1900792555910065,1.0538301656671953,-0.13624908992381113,0.01856381450506677
SR (SelectKBest + LR),2003,1.078727337463971,1.104644351442867,0.02591701397889601,0.0006716916135822911
SR (SelectKBest + LR),2003,1.308542727155798,0.8779857756688954,-0.43055695148690254,0.18537928847369495
SR (SelectKBest + LR),2003,1.2132171035995434,0.8779857756688954,-0.335231327930648,0.11238004322614567
SR (SelectKBest + LR),2003,1.3507676737996357,1.0104373434359026,-0.34033033036373306,0.11582473376548769
SR (SelectKBest + LR),2003,1.0154875941572108,1.0538301656671953,0.03834257150998455,0.0014701527899982786
SR (SelectKBest + LR),2003,2.439593313681345,1.035039334555023,-1.4045539791263217,1.972771880279584
SR (SelectKBest + LR),2003,1.9858695303165816,1.035039334555023,-0.9508301957615586,0.9040780611719638
SR (SelectKBest + LR),2003,0.906546112625046,0.9964982497255334,0.08995213710048733,0.00809138696894487
SR (SelectKBest + LR),2003,1.2559854917311293,0.8990647282041144,-0.35692076352701485,0.12739243143670725
SR (SelectKBest + LR),2003,1.0351658473057408,0.7872441100838256,-0.24792173722191524,0.06146518778713239
SR (SelectKBest + LR),2003,0.8383920295294874,0.9290920024863653,0.09069997295687782,0.008226485094378367
SR (SelectKBest + LR),2003,1.8899523854654,1.0536739789213179,-0.836278406544082,0.699361573251909
SR (SelectKBest + LR),2003,0.7944231248329915,0.7872441100838256,-0.007179014749165935,5.1538252768742034e-05
SR (SelectKBest + LR),2003,1.571203525595545,0.8372484630572066,-0.7339550625383384,0.5386900338256563
SR (SelectKBest + LR),2003,1.4104962092603932,0.8735075333000963,-0.5369886759602969,0.28835683810959273
SR (SelectKBest + LR),2003,1.302390452694654,0.9950105605645069,-0.30737989213014705,0.09448239808594083
SR (SelectKBest + LR),2003,1.4710660189128413,0.8990647282041144,-0.5720012907087269,0.32718547657244945
SR (SelectKBest + LR),2003,1.0993323645228654,1.104644351442867,0.005311986920001566,2.821720503826772e-05
SR (SelectKBest + LR),2003,1.0468239413135372,1.09291293215385,0.046088990840312816,0.0021241950766784385
SR (SelectKBest + LR),2003,1.2990106401437944,0.9950105605645069,-0.30400007957928754,0.09241604838421316
SR (SelectKBest + LR),2003,0.98833955873575,1.0775498217627149,0.08921026302696489,0.007958471029340258
SR (SelectKBest + LR),2003,0.7628984612338211,1.077223646562602,0.31432518532878084,0.09880032213197243
SR (SelectKBest + LR),2003,0.9193159895708491,1.077223646562602,0.1579076569917528,0.024934828136625058
SR (SelectKBest + LR),2003,1.4183876227861651,0.9347382950005796,-0.48364932778558556,0.23391667226744878
SR (SelectKBest + LR),2003,1.3492155686442633,0.9347382950005796,-0.4144772736436837,0.17179141036710105
SR (SelectKBest + LR),2003,1.311229217914428,0.9347382950005796,-0.37649092291384845,0.14174541503652138
SR (SelectKBest + LR),2003,1.239626238401501,0.9950105605645069,-0.24461567783699423,0.05983682984365215
SR (SelectKBest + LR),2003,0.2891008676125291,0.9950105605645069,0.7059096929519777,0.4983084946035554
SR (SelectKBest + LR),2003,1.4049273944512335,0.8735075333000963,-0.5314198611511372,0.2824070688258939
SR (SelectKBest + LR),2003,1.208809367632931,1.0965479993669187,-0.1122613682660123,0.012602614804957233
SR (SelectKBest + LR),2003,0.981579542624565,0.8735075333000963,-0.1080720093244687,0.01167955919942805
SR (SelectKBest + LR),2003,1.3729964570011235,0.8735075333000963,-0.49948892370102715,0.2494891849000105
SR (SelectKBest + LR),2003,1.4815028813116258,0.8990647282041144,-0.5824381531075113,0.3392342021952888
SR (SelectKBest + LR),2003,1.78504150110514,0.8943775523238872,-0.8906639487812528,0.793282269658614
SR (SelectKBest + LR),2003,0.9315025738342728,1.1067577669463455,0.17525519311207272,0.0307143827127499
SR (SelectKBest + LR),2003,0.9369504733680238,0.9347382950005796,-0.0022121783674442508,4.893733129388311e-06
SR (SelectKBest + LR),2003,0.7664036468817211,1.077223646562602,0.3108199996808808,0.09660907220162275
SR (SelectKBest + LR),2003,1.2517885286161958,0.9264540603587119,-0.3253344682574839,0.1058425162363798
SR (SelectKBest + LR),2003,1.5648669644009372,0.8779857756688954,-0.6868811887320418,0.47180576743394287
SR (SelectKBest + LR),2003,1.3766738628297728,0.9950105605645069,-0.3816633022652659,0.14566687629602773
SR (SelectKBest + LR),2004,1.1767169818818612,0.8353054726377731,-0.34141150924408814,0.11656181864432608
SR (SelectKBest + LR),2004,1.306394592394044,1.0004337334804705,-0.3059608589135736,0.09361204718713169
SR (SelectKBest + LR),2004,1.2377087484176237,0.9954225832504069,-0.2422861651672168,0.05870258583143586
SR (SelectKBest + LR),2004,0.9783597797103036,0.9842289162129053,0.0058691365026016795,3.444676328617147e-05
SR (SelectKBest + LR),2004,1.3496758698547973,0.8929137273478577,-0.4567621425069396,0.2086316548275298
SR (SelectKBest + LR),2004,1.1939651419621935,0.9112364496963885,-0.282728692265805,0.07993551343033226
SR (SelectKBest + LR),2004,1.0744420280255658,0.9537278171849024,-0.12071421084066336,0.014571920698884128
SR (SelectKBest + LR),2004,1.2042000475991403,0.9106462595222935,-0.29355378807684684,0.0861738264942663
SR (SelectKBest + LR),2004,1.3573776840168954,0.9689255647397743,-0.3884521192771211,0.1508950489708867
SR (SelectKBest + LR),2004,1.206740433657973,0.9199602219613243,-0.2867802116966487,0.08224288982077464
SR (SelectKBest + LR),2004,0.8042326154129169,0.9239319013024399,0.11969928588952294,0.014327919042461747
SR (SelectKBest + LR),2004,1.2086585248365298,1.0255733805109344,-0.18308514432559542,0.033520170072724106
SR (SelectKBest + LR),2004,1.272833465685565,0.9948171793120145,-0.2780162863735506,0.07729305548894008
SR (SelectKBest + LR),2004,1.2961237248802158,0.9197675861891036,-0.3763561386911122,0.14164394313048367
SR (SelectKBest + LR),2004,1.127882380208051,0.9230928986353659,-0.20478948157268517,0.04193873176280916
SR (SelectKBest + LR),2004,1.0877814003795023,0.9537278171849024,-0.13405358319459992,0.017970363167311522
SR (SelectKBest + LR),2004,1.149097978324665,0.9796607377568818,-0.1694372405677833,0.028708978491224873
SR (SelectKBest + LR),2004,0.96470667411052,0.9080185350940269,-0.056688139016493166,0.003213545105153255
SR (SelectKBest + LR),2004,1.1140742888177546,1.0176553058943199,-0.09641898292343476,0.009296620267989603
SR (SelectKBest + LR),2004,0.9236659760374074,0.990125015610377,0.06645903957296961,0.004416803940961541
SR (SelectKBest + LR),2004,1.1772098526414596,1.0052187300001343,-0.17199112264132532,0.029580946267423407
SR (SelectKBest + LR),2004,1.4397441726993567,0.8929137273478577,-0.546830445351499,0.29902353596331877
SR (SelectKBest + LR),2004,1.313114670095252,0.9277880025056701,-0.385326667589582,0.14847664075569222
SR (SelectKBest + LR),2004,0.9977106406580848,0.844070873112984,-0.15363976754510078,0.023605178171312604
SR (SelectKBest + LR),2004,2.0027003414112388,0.9074147658350371,-1.0952855755762017,1.1996504920652913
SR (SelectKBest + LR),2004,1.2514867962972267,1.0193014838888959,-0.23218531240833085,0.05391001929815419
SR (SelectKBest + LR),2004,1.3487310829096109,1.0255733805109344,-0.32315770239867647,0.10443090061959155
SR (SelectKBest + LR),2004,1.2586475025671398,0.9277880025056701,-0.3308595000614697,0.10946800878092566
SR (SelectKBest + LR),2004,1.2929769434164124,0.9796607377568818,-0.31331620565953067,0.09816704472888532
SR (SelectKBest + LR),2004,0.983822139691196,0.9104871388316691,-0.07333500085952693,0.005378022351066816
SR (SelectKBest + LR),2004,1.041964933542333,0.9230928986353659,-0.11887203490696718,0.014130560682923225
SR (SelectKBest + LR),2004,0.8989512007847483,1.0176553058943199,0.11870410510957152,0.014090664569864204
SR (SelectKBest + LR),2004,1.3415869316046047,0.9579296656766861,-0.3836572659279186,0.14719289769928565
SR (SelectKBest + LR),2004,0.9688070466001888,0.9396925178318627,-0.029114528768326098,0.0008476557854016879
SR (SelectKBest + LR),2004,0.8674505118041108,1.068688551724994,0.20123803992088318,0.040496748711198974
SR (SelectKBest + LR),2004,1.0808898297189793,0.9112364496963885,-0.16965338002259078,0.028782269353089605
SR (SelectKBest + LR),2004,0.7347344776930037,0.9230928986353659,0.18835842094236221,0.03547889473990012
SR (SelectKBest + LR),2004,1.0666954413867964,0.902244980375995,-0.1644504610108014,0.027043954126665114
SR (SelectKBest + LR),2004,1.2320022599274547,0.9954225832504069,-0.23657967667704782,0.055969943416616486
SR (SelectKBest + LR),2004,1.194222971854335,0.9954225832504069,-0.198800388603928,0.03952159450907279
SR (SelectKBest + LR),2004,1.1884853802458095,0.866171331187132,-0.32231404905867755,0.1038863462205996
SR (SelectKBest + LR),2004,1.227666237148055,0.9951644246636249,-0.23250181248443003,0.054057092808545065
SR (SelectKBest + LR),2004,1.1606618609117194,1.0441663996750112,-0.11649546123670818,0.013571192488753377
SR (SelectKBest + LR),2004,1.0866972396569785,1.0176553058943199,-0.06904193376265866,0.004766788617687346
SR (SelectKBest + LR),2004,1.020322584694409,0.9579296656766861,-0.062392919017722925,0.003892876343552131
SR (SelectKBest + LR),2004,0.9774724189438226,0.9579296656766861,-0.019542753267136503,0.00038191920526017446
SR (SelectKBest + LR),2004,1.191570017636809,1.0592071144382338,-0.13236290319857513,0.017519938143155372
SR (SelectKBest + LR),2004,1.0179173857369463,1.0441663996750112,0.02624901393806489,0.0006890107327207249
SR (SelectKBest + LR),2004,2.6243339984466374,1.0193014838888959,-1.6050325145577415,2.576129372787547
SR (SelectKBest + LR),2004,1.7557267808341832,1.0193014838888959,-0.7364252969452874,0.5423222179809547
SR (SelectKBest + LR),2004,1.2467096839623537,0.9948171793120145,-0.2518925046503392,0.06344983389902115
SR (SelectKBest + LR),2004,1.0851882544482256,0.9796607377568818,-0.10552751669134386,0.011136056779041857
SR (SelectKBest + LR),2004,0.935896561808538,0.8916162530707694,-0.04428030873776856,0.0019607457419121028
SR (SelectKBest + LR),2004,1.0354842905593358,0.9603657614090555,-0.07511852915028028,0.005642793421701508
SR (SelectKBest + LR),2004,1.5070634441002717,0.9970120289177479,-0.5100514151825238,0.2601524461296953
SR (SelectKBest + LR),2004,0.8126306607730346,0.8916162530707694,0.07898559229773483,0.006238723790623988
SR (SelectKBest + LR),2004,1.0455942502246949,0.990125015610377,-0.05546923461431785,0.003076835988698238
SR (SelectKBest + LR),2004,1.172992427678933,0.9230928986353659,-0.24989952904356705,0.06244977461619661
SR (SelectKBest + LR),2004,1.3276596329828358,0.9689255647397743,-0.35873406824306153,0.12869013171821753
SR (SelectKBest + LR),2004,1.0269074811511698,0.9796607377568818,-0.04724674339428803,0.002232254761365699
SR (SelectKBest + LR),2004,1.2552072998752313,1.0176553058943199,-0.23755199398091142,0.05643094984430698
SR (SelectKBest + LR),2004,0.7888899136153146,1.0017291023604011,0.21283918874508656,0.04530052026566658
SR (SelectKBest + LR),2004,1.25884173859882,0.9689255647397743,-0.28991617385904567,0.0840513878650684
SR (SelectKBest + LR),2004,0.8853705506869889,1.012537204534055,0.12716665384706616,0.016171357850659547
SR (SelectKBest + LR),2004,1.0566266961352293,0.9537278171849024,-0.1028988789503269,0.010588179289234029
SR (SelectKBest + LR),2004,1.205096236899636,0.9537278171849024,-0.25136841971473367,0.06318608242988251
SR (SelectKBest + LR),2004,1.1068874504382822,0.9106462595222935,-0.19624119091598868,0.03851060501212552
SR (SelectKBest + LR),2004,1.312029619535758,0.9106462595222935,-0.4013833600134644,0.16110860169569838
SR (SelectKBest + LR),2004,1.2543421117731364,0.9106462595222935,-0.34369585225084287,0.11812683885443322
SR (SelectKBest + LR),2004,1.3801000403339778,0.9689255647397743,-0.4111744755942035,0.16906444938016826
SR (SelectKBest + LR),2004,0.4901826525103089,0.9689255647397743,0.4787429122294654,0.2291947760099496
SR (SelectKBest + LR),2004,0.7002414473504125,0.9230928986353659,0.22285145128495343,0.049662769339809974
SR (SelectKBest + LR),2004,1.2822864158522904,0.9951644246636249,-0.28712199118866555,0.08243903782414413
SR (SelectKBest + LR),2004,1.2419104771531448,0.9230928986353659,-0.3188175785177789,0.10164464837194012
SR (SelectKBest + LR),2004,1.0209639820596017,0.9230928986353659,-0.09787108342423578,0.00957874897063372
SR (SelectKBest + LR),2004,1.0668503191961056,0.9796607377568818,-0.08718958143922384,0.007602023111547046
SR (SelectKBest + LR),2004,1.9540460961327064,0.9954225832504069,-0.9586235128822995,0.9189590394508003
SR (SelectKBest + LR),2004,1.1999075992881494,0.9535635723816563,-0.24634402690649304,0.060685379592506965
SR (SelectKBest + LR),2004,0.8941534823884377,0.9106462595222935,0.016492777133855774,0.0002720116975870359
SR (SelectKBest + LR),2004,1.14595936283734,0.9537278171849024,-0.1922315456524375,0.03695296714392516
SR (SelectKBest + LR),2004,0.9718053621913464,0.9022449801567555,-0.06956038203459092,0.004838646748798239
SR (SelectKBest + LR),2004,0.9371410309532467,0.957929665537918,0.020788634584671284,0.000432167327894991
SR (SelectKBest + LR),2004,1.5066357447338463,0.9689255647949214,-0.5377101799389249,0.289132237609951
SR (SelectKBest + LR),2005,0.3677866998473222,1.0404588937031976,0.6726721938558753,0.45248788038687626
SR (SelectKBest + LR),2005,1.1632670469431658,1.1720267475553727,0.008759700612206878,7.673235481549755e-05
SR (SelectKBest + LR),2005,0.9631502992132976,1.1758308547665537,0.21268055555325605,0.04523301871044163
SR (SelectKBest + LR),2005,0.9475282425926524,1.1081564140709987,0.1606281714783463,0.02580140947247702
SR (SelectKBest + LR),2005,0.7659051838697457,1.0829853796982378,0.3170801958284921,0.10053985058663491
SR (SelectKBest + LR),2005,0.9402448632260604,1.1627323231019717,0.22248745987591134,0.04950066980203526
SR (SelectKBest + LR),2005,0.680015863235924,1.225749848845737,0.545733985609813,0.2978255830495716
SR (SelectKBest + LR),2005,0.4654202873088354,1.1175435409182854,0.6521232536094501,0.4252647378981752
SR (SelectKBest + LR),2005,0.2641668551759062,1.1323732809047387,0.8682064257288324,0.7537823976768346
SR (SelectKBest + LR),2005,0.8201460441389108,1.1289648730003703,0.3088188288614595,0.09536906905936342
SR (SelectKBest + LR),2005,0.6178351278150642,1.1370521423465278,0.5192170145314636,0.2695863081789661
SR (SelectKBest + LR),2005,1.254772233006016,1.154067965174926,-0.1007042678310901,0.010141349559395928
SR (SelectKBest + LR),2005,1.0510501338020537,1.184988537404587,0.13393840360253328,0.0179394959595951
SR (SelectKBest + LR),2005,0.9516893504938084,1.124896408816875,0.1732070583230665,0.030000685052930156
SR (SelectKBest + LR),2005,0.7378733742640606,1.1561994639429203,0.41832608967885965,0.17499671730600533
SR (SelectKBest + LR),2005,0.3021469648662025,1.225749848845737,0.9236028839795345,0.8530422872953135
SR (SelectKBest + LR),2005,0.7009044202503393,1.1411743814329556,0.4402699611826163,0.19383763871974247
SR (SelectKBest + LR),2005,0.9151099844501488,1.147075728842191,0.2319657443920421,0.05380810657135421
SR (SelectKBest + LR),2005,0.8166746251320058,1.171190443399263,0.3545158182672572,0.12568146540170294
SR (SelectKBest + LR),2005,0.2604300446055276,1.2056856763753048,0.9452556317697771,0.8935082093924804
SR (SelectKBest + LR),2005,0.9190472792622776,1.1860201833275086,0.266972904065231,0.07127453150502304
SR (SelectKBest + LR),2005,0.9806095931837562,1.0829853796982378,0.10237578651448165,0.010480801664458722
SR (SelectKBest + LR),2005,1.118966810993774,1.1216293804842452,0.002662569490471167,7.0892762915878905e-06
SR (SelectKBest + LR),2005,0.2840505592798406,1.047839361659152,0.7637888023793113,0.5833733346400227
SR (SelectKBest + LR),2005,1.6933301166867691,1.1627323231019717,-0.5305977935847974,0.2815340185570553
SR (SelectKBest + LR),2005,0.822097145719379,1.1482346676726765,0.3261375219532975,0.1063656832258376
SR (SelectKBest + LR),2005,1.1430282554086786,1.154067965174926,0.011039709766247352,0.00012187519172297717
SR (SelectKBest + LR),2005,1.1232800806388148,1.1216293804842452,-0.0016507001545695843,2.7248110002960497e-06
SR (SelectKBest + LR),2005,0.3659187034747928,1.1411743814329556,0.7752556779581627,0.6010213662063706
SR (SelectKBest + LR),2005,0.9042324807566592,1.141452666409913,0.23722018565325376,0.05627341648136418
SR (SelectKBest + LR),2005,0.544663390219367,1.1561994639429203,0.6115360737235532,0.3739763694652191
SR (SelectKBest + LR),2005,0.8724546761468841,1.171190443399263,0.29873576725237894,0.08924305863586753
SR (SelectKBest + LR),2005,0.1414241796205917,1.1601648105512312,1.0187406309306395,1.0378324731089574
SR (SelectKBest + LR),2005,1.3702267115437077,1.1202689776924843,-0.24995773385122333,0.062478868712039
SR (SelectKBest + LR),2005,0.8266850518834951,1.061994393325733,0.23530934144223792,0.05537048616997971
SR (SelectKBest + LR),2005,0.8848667872940331,1.1627323231019717,0.2778655358079386,0.0772092559898328
SR (SelectKBest + LR),2005,0.9811061444043396,1.1561994639429203,0.17509331953858065,0.03065767054703951
SR (SelectKBest + LR),2005,0.3359197985140006,1.112546547499386,0.7766267489853855,0.603149107239609
SR (SelectKBest + LR),2005,0.9567734709644222,1.1758308547665537,0.21905738380213147,0.04798613739823433
SR (SelectKBest + LR),2005,0.9273752245218028,1.1758308547665537,0.24845563024475092,0.06173020020031639
SR (SelectKBest + LR),2005,0.2472941189950124,1.0751545935141793,0.8278604745191669,0.6853529652711001
SR (SelectKBest + LR),2005,0.8431213385682278,1.1830864833406112,0.3399651447723834,0.11557629966010759
SR (SelectKBest + LR),2005,1.276248300266249,1.1177388833544855,-0.15850941691176357,0.02512523524970728
SR (SelectKBest + LR),2005,0.8477627962015524,1.171190443399263,0.32342764719771067,0.1046054429718468
SR (SelectKBest + LR),2005,0.4313442467341011,1.1601648105512312,0.7288205638171301,0.5311794142427194
SR (SelectKBest + LR),2005,0.2710989412514719,1.1601648105512312,0.8890658692997593,0.7904381199537367
SR (SelectKBest + LR),2005,0.998418034151831,1.1722220900206766,0.17380405586884562,0.03020784983646081
SR (SelectKBest + LR),2005,1.0317448185658058,1.1177388833544855,0.08599406478867966,0.0073949791788796345
SR (SelectKBest + LR),2005,2.4828753710820672,1.1482346676726765,-1.3346407034093908,1.7812658071971135
SR (SelectKBest + LR),2005,1.0392367181899798,1.1482346676726765,0.1089979494826967,0.011880552991432501
SR (SelectKBest + LR),2005,0.9148522852655582,1.184988537404587,0.2701362521390288,0.07297359471972095
SR (SelectKBest + LR),2005,0.7584492813307686,1.1411743814329556,0.38272510010218697,0.14647850224822903
SR (SelectKBest + LR),2005,0.817533085542259,1.1363727305521196,0.3188396450098606,0.10165871923001393
SR (SelectKBest + LR),2005,0.6435509296752188,1.252475628133254,0.6089246984580353,0.37078928839220926
SR (SelectKBest + LR),2005,0.6625053447389291,1.1670297544420636,0.5045244097031345,0.2545448799862963
SR (SelectKBest + LR),2005,0.1342124047348655,1.1363727305521196,1.002160325817254,1.0043253186421448
SR (SelectKBest + LR),2005,0.7668512639397124,1.2056856763753048,0.4388344124355924,0.1925756415376916
SR (SelectKBest + LR),2005,0.3165717710437498,1.1561994639429203,0.8396276928991705,0.7049746626831838
SR (SelectKBest + LR),2005,0.656536626167379,1.1323732809047387,0.4758366547373597,0.22642052199164125
SR (SelectKBest + LR),2005,0.7174760869596777,1.1411743814329556,0.4236982944732779,0.17952024473956452
SR (SelectKBest + LR),2005,0.9965594014671332,1.171190443399263,0.17463104193212986,0.0304960008063013
SR (SelectKBest + LR),2005,1.0576726913220835,1.175155790007574,0.11748309868549045,0.013802278476744688
SR (SelectKBest + LR),2005,0.3300873182742699,1.1323732809047387,0.8022859626304688,0.643662765833898
SR (SelectKBest + LR),2005,1.1103588875557604,1.1929192307376242,0.08256034318186378,0.006816210266307122
SR (SelectKBest + LR),2005,0.70304805536552,1.225749848845737,0.5227017934802171,0.2732171649074355
SR (SelectKBest + LR),2005,0.975647775762765,1.225749848845737,0.25010207308297205,0.0625510469604003
SR (SelectKBest + LR),2005,0.2098031081554265,1.1175435409182854,0.907740432762859,0.8239926932725025
SR (SelectKBest + LR),2005,0.4151588024357741,1.1175435409182854,0.7023847384825114,0.4933443208531459
SR (SelectKBest + LR),2005,0.5304220487578715,1.1175435409182854,0.587121492160414,0.3447116465566711
SR (SelectKBest + LR),2005,0.2905521525357015,1.1323732809047387,0.8418211283690371,0.7086628121685189
SR (SelectKBest + LR),2005,0.0979975915080926,1.1323732809047387,1.034375689396646,1.0699330668147868
SR (SelectKBest + LR),2005,0.2252823054285729,1.1561994639429203,0.9309171585143474,0.8666067560164267
SR (SelectKBest + LR),2005,1.141816250139725,1.1830864833406112,0.041270233200886075,0.0017032321484555192
SR (SelectKBest + LR),2005,1.1700169580925115,1.1561994639429203,-0.013817494149591214,0.00019092314457398743
SR (SelectKBest + LR),2005,0.3349323898052548,1.1561994639429203,0.8212670741376655,0.6744796070626418
SR (SelectKBest + LR),2005,0.7796824178096574,1.1411743814329556,0.36149196362329816,0.1306764397642279
SR (SelectKBest + LR),2005,1.487117141651387,1.1758308547665537,-0.3112862868848334,0.0968991524025468
SR (SelectKBest + LR),2005,0.8138681960161693,1.226544056387519,0.4126758603713496,0.17030136573323365
SR (SelectKBest + LR),2005,0.2045276073691517,1.1175435409182854,0.9130159335491337,0.8335980949145961
SR (SelectKBest + LR),2005,0.7450017105133373,1.225749848845737,0.4807481383323997,0.23111877251006813
SR (SelectKBest + LR),2005,0.3669300611245367,1.112546547477422,0.7456164863528854,0.5559439447212224
SR (SelectKBest + LR),2005,0.179099240513306,1.1601648103546442,0.9810655698413382,0.9624896523281097
SR (SelectKBest + LR),2005,0.5989452828357509,1.1323732808973266,0.5334279980615757,0.2845454291159804
SR (SelectKBest + LR),2006,1.0763714886096774,0.9010493664193232,-0.17532212219035415,0.03073784652932947
SR (SelectKBest + LR),2006,1.158628021327636,1.0525887147583943,-0.10603930656924176,0.011244334537685639
SR (SelectKBest + LR),2006,0.9974161522678848,1.0296579139951656,0.03224176172728077,0.0010395311992787472
SR (SelectKBest + LR),2006,1.1209486976691108,1.0406495526769093,-0.08029914499220148,0.006447952686478595
SR (SelectKBest + LR),2006,1.155082158978234,0.95999966965624,-0.19508248932199412,0.03805717764006595
SR (SelectKBest + LR),2006,1.0892317164710688,0.9622859829410827,-0.12694573352998606,0.016115219261466227
SR (SelectKBest + LR),2006,0.911578470319884,0.9904126581307215,0.07883418781083751,0.0062148291677944015
SR (SelectKBest + LR),2006,1.2396465943561408,0.9874489357141092,-0.2521976586420316,0.06360365902452268
SR (SelectKBest + LR),2006,1.013782429200732,1.0196703121948205,0.005887882994088489,3.466716615207643e-05
SR (SelectKBest + LR),2006,1.0505718722007755,0.9935169202097563,-0.057054951991019176,0.003255267546697503
SR (SelectKBest + LR),2006,1.0445697320624705,0.9591922220373502,-0.08537751002512028,0.007289319218089515
SR (SelectKBest + LR),2006,1.0822872841575886,1.0763694076674553,-0.005917876490133311,3.5021262152472563e-05
SR (SelectKBest + LR),2006,1.0279494856798663,1.0060954417873091,-0.021854043892557184,0.000477599234457816
SR (SelectKBest + LR),2006,0.985268748251338,0.9463743612357253,-0.038894387015612764,0.0015127733413202668
SR (SelectKBest + LR),2006,0.956579217149887,0.9961990886967914,0.039619871546904384,0.0015697342213932036
SR (SelectKBest + LR),2006,1.206126747542905,0.9904126581307215,-0.2157140894121834,0.04653256837092745
SR (SelectKBest + LR),2006,1.7022283340790896,1.0541329899275895,-0.6480953441515,0.4200275751108513
SR (SelectKBest + LR),2006,1.0535092919884936,0.9532640312397471,-0.10024526074874651,0.010049112302584179
SR (SelectKBest + LR),2006,1.1151812895582975,1.003797123261725,-0.11138416629657244,0.012406432501582503
SR (SelectKBest + LR),2006,1.1025132574425145,1.0838476357628586,-0.018665621679655908,0.00034840543268804065
SR (SelectKBest + LR),2006,0.8690829646566127,1.106826678176704,0.23774371352009127,0.05652207331832323
SR (SelectKBest + LR),2006,1.2110831185673183,0.95999966965624,-0.25108344891107837,0.0630428983170821
SR (SelectKBest + LR),2006,1.133015883448474,0.9620141306465452,-0.17100175280192886,0.029241599461331987
SR (SelectKBest + LR),2006,0.9191998702242176,0.9243775361969302,0.005177665972712631,2.680822492498623e-05
SR (SelectKBest + LR),2006,1.7506584422079656,0.9858484551489394,-0.7648099870590263,0.5849343163052279
SR (SelectKBest + LR),2006,1.3511686848158628,1.034195936180887,-0.3169727486349758,0.10047172337721157
SR (SelectKBest + LR),2006,1.1025282324762693,1.0763694076674553,-0.02615882480881404,0.0006842841153782249
SR (SelectKBest + LR),2006,1.218931495094896,0.9620141306465452,-0.2569173644483508,0.0660065321550867
SR (SelectKBest + LR),2006,1.121079700431497,1.0541329899275895,-0.06694671050390744,0.00448186204729399
SR (SelectKBest + LR),2006,1.2551687400553453,0.9458697213632918,-0.30929901869205345,0.09566588296386723
SR (SelectKBest + LR),2006,1.72024288362084,0.9961990886967914,-0.7240437949240487,0.5242394169680179
SR (SelectKBest + LR),2006,1.026808553017076,1.003797123261725,-0.023011429755350976,0.0005295258993854523
SR (SelectKBest + LR),2006,0.889745222290109,1.0540343947696933,0.1642891724795843,0.0269909321940266
SR (SelectKBest + LR),2006,1.254893753783615,0.9855782483515322,-0.2693155054320827,0.07253084146613817
SR (SelectKBest + LR),2006,0.9814136364542816,1.142273521789555,0.1608598853352734,0.025875902710077305
SR (SelectKBest + LR),2006,0.980584415008873,0.9622859829410827,-0.01829843206779025,0.00033483261613953454
SR (SelectKBest + LR),2006,1.0480882882181315,0.9961990886967914,-0.05188919952134008,0.0026924890269654396
SR (SelectKBest + LR),2006,1.274158884871175,0.9514724401180897,-0.32268644475308517,0.10412654162738588
SR (SelectKBest + LR),2006,1.185500458420151,1.0296579139951656,-0.15584254442498535,0.024286898652853533
SR (SelectKBest + LR),2006,1.1548739527794876,1.0296579139951656,-0.12521603878432197,0.015679056368836822
SR (SelectKBest + LR),2006,0.9584561259462414,0.9742852219834425,0.015829096037201063,0.0002505602813549344
SR (SelectKBest + LR),2006,1.1058245445392116,1.027819622606116,-0.0780049219330956,0.00608476784578834
SR (SelectKBest + LR),2006,1.2237995559709018,1.148511015848889,-0.07528854012201291,0.005668364273703949
SR (SelectKBest + LR),2006,1.200145747850317,1.003797123261725,-0.19634862458859192,0.03855278237783181
SR (SelectKBest + LR),2006,1.2987394932849703,1.0540343947696933,-0.244705098515277,0.05988058523937142
SR (SelectKBest + LR),2006,1.0616988994745211,1.0540343947696933,-0.007664504704827824,5.874463237032785e-05
SR (SelectKBest + LR),2006,1.1363550660664212,1.1111178589947894,-0.025237207071631795,0.0006369166207764219
SR (SelectKBest + LR),2006,1.031757726218956,1.148511015848889,0.11675328962993303,0.013631330639411028
SR (SelectKBest + LR),2006,2.9777742019200284,1.034195936180887,-1.9435782657391414,3.7774964750535687
SR (SelectKBest + LR),2006,1.60310587620893,1.034195936180887,-0.5689099400280431,0.32365851986271155
SR (SelectKBest + LR),2006,1.0170318330254011,1.0060954417873091,-0.01093639123809198,0.00011960465331261504
SR (SelectKBest + LR),2006,1.150443133127138,1.0541329899275895,-0.09631014319954856,0.009275643683117549
SR (SelectKBest + LR),2006,0.5467846878132774,0.9665081247812181,0.4197234369679407,0.17616776354018088
SR (SelectKBest + LR),2006,0.877659148335611,0.9735162182788268,0.09585706994321586,0.009188577858098576
SR (SelectKBest + LR),2006,1.5379620167685368,1.014691635917857,-0.5232703808506798,0.27381189147561547
SR (SelectKBest + LR),2006,0.5115952741741061,0.9665081247812181,0.45491285060711195,0.20694570164748854
SR (SelectKBest + LR),2006,1.5489744855231606,1.0838476357628586,-0.46512684976030205,0.2163429863679426
SR (SelectKBest + LR),2006,1.0412709384924606,0.9961990886967914,-0.04507184979566914,0.00203147164400336
SR (SelectKBest + LR),2006,1.1647313963262182,1.0196703121948205,-0.14506108413139773,0.021042718129376452
SR (SelectKBest + LR),2006,1.3237243702949255,1.0541329899275895,-0.269591380367336,0.07267951236836563
SR (SelectKBest + LR),2006,1.3244378845135545,1.003797123261725,-0.3206407612518294,0.10281049777615266
SR (SelectKBest + LR),2006,1.1396624562053896,1.0412589473223273,-0.09840350888306237,0.009683250560498936
SR (SelectKBest + LR),2006,1.0289199012244703,1.0196703121948205,-0.009249589029649785,8.555489721741766e-05
SR (SelectKBest + LR),2006,1.146546444999352,1.072544796000886,-0.07400164899846606,0.005476244054492174
SR (SelectKBest + LR),2006,0.668504493345545,0.9904126581307215,0.3219081647851766,0.1036248665553604
SR (SelectKBest + LR),2006,1.3474877281961986,0.9904126581307215,-0.357075070065477,0.12750260566226532
SR (SelectKBest + LR),2006,1.238879627326435,0.9874489357141092,-0.2514306916123259,0.06321739268465253
SR (SelectKBest + LR),2006,1.0648127030294217,0.9874489357141092,-0.07736376731531247,0.00598515249321781
SR (SelectKBest + LR),2006,1.2332334962184712,0.9874489357141092,-0.24578456050436204,0.0604100501823224
SR (SelectKBest + LR),2006,1.0090989493278169,1.0196703121948205,0.010571362867003664,0.00011175371286586393
SR (SelectKBest + LR),2006,0.2899033735182019,1.0196703121948205,0.7297669386766186,0.5325597847854435
SR (SelectKBest + LR),2006,1.4213666435322636,0.9961990886967914,-0.4251675548354722,0.18076744968477426
SR (SelectKBest + LR),2006,1.0490159900428004,1.027819622606116,-0.021196367436684405,0.000449285992510935
SR (SelectKBest + LR),2006,0.7654226043693648,0.9961990886967914,0.2307764843274266,0.05325778571852697
SR (SelectKBest + LR),2006,1.161023720991084,0.9961990886967914,-0.16482463229429267,0.027167159410948785
SR (SelectKBest + LR),2006,1.2779837846759532,1.0541329899275895,-0.22385079474836367,0.05010917830947404
SR (SelectKBest + LR),2006,1.5706177204585634,1.0296579139951656,-0.5409598064633978,0.2926375122089168
SR (SelectKBest + LR),2006,1.045854312138771,1.006929536496251,-0.03892477564251995,0.0015151381588205143
SR (SelectKBest + LR),2006,0.4161462861025503,0.9874489357141092,0.571302649611559,0.3263867174531877
SR (SelectKBest + LR),2006,1.0135548451561789,0.9904126581307215,-0.02314218702545734,0.000535560820321246
SR (SelectKBest + LR),2006,1.385762984110869,0.9514724400911584,-0.43429054401971057,0.18860827662493615
SR (SelectKBest + LR),2006,1.0705321818168925,1.0540343948534467,-0.016497786963445726,0.0002721769746912398
SR (SelectKBest + LR),2006,1.2007122981656928,1.019670312549267,-0.18104198561642582,0.032776200555938134
SR (SelectKBest + LR),2007,0.6077834942407927,0.8917955590299453,0.28401206478915264,0.08066285294579784
SR (SelectKBest + LR),2007,0.9218566248296896,1.0020326132916362,0.08017598846194662,0.006428189125850198
SR (SelectKBest + LR),2007,1.1113027826378938,0.9258038091678019,-0.18549897347009192,0.03440986915845787
SR (SelectKBest + LR),2007,1.1188709670507129,0.9684017100735033,-0.1504692569772096,0.022640997295273534
SR (SelectKBest + LR),2007,1.093719580695288,0.8887197293006279,-0.20499985139466004,0.0420249390718327
SR (SelectKBest + LR),2007,1.1188568341417668,0.8382206976403112,-0.2806361365014557,0.07875664111046367
SR (SelectKBest + LR),2007,1.000843677919858,0.9088480633014391,-0.09199561461841887,0.008463193109020644
SR (SelectKBest + LR),2007,0.8328487881830959,0.9646151561407692,0.13176636795767327,0.017362375724756945
SR (SelectKBest + LR),2007,1.3424967482763015,0.9396831399521688,-0.4028136083241327,0.1622588030511078
SR (SelectKBest + LR),2007,1.064950072698466,0.8818483270814501,-0.18310174561701587,0.03352624924799839
SR (SelectKBest + LR),2007,0.8760308725246598,0.9125543975363357,0.036523525011675884,0.0013339678792785139
SR (SelectKBest + LR),2007,1.5370723495645615,1.0066909113221918,-0.5303814382423697,0.2813044700320446
SR (SelectKBest + LR),2007,0.9766439834103222,0.9303250796965884,-0.04631890371373382,0.0021454408412421443
SR (SelectKBest + LR),2007,0.9006159311695046,1.0046446732399865,0.10402874207048196,0.010821979176766864
SR (SelectKBest + LR),2007,0.9904716071370572,0.973090019813175,-0.017381587323882175,0.0003021195778977415
SR (SelectKBest + LR),2007,1.3093382492606644,0.9088480633014391,-0.40049018595922536,0.16039238904965492
SR (SelectKBest + LR),2007,1.642267470678335,0.9448013704032558,-0.697466100275079,0.48645896103292663
SR (SelectKBest + LR),2007,1.0392390319364715,1.0613266740945282,0.022087642158056697,0.00048786393610236354
SR (SelectKBest + LR),2007,0.9740015123490292,0.9781693255329842,0.004167813183954983,1.737066673634897e-05
SR (SelectKBest + LR),2007,1.2676106091313122,0.9072363489888268,-0.3603742601424854,0.12986960737324374
SR (SelectKBest + LR),2007,0.7833378324945988,1.1090447203084908,0.325706887813892,0.10608497676941124
SR (SelectKBest + LR),2007,1.1797108326112686,0.8887197293006279,-0.2909911033106407,0.08467582220594397
SR (SelectKBest + LR),2007,0.7352250155713547,1.0470513327455224,0.31182631717416776,0.09723565208240467
SR (SelectKBest + LR),2007,0.8905291237905042,0.892218503809735,0.0016893800192308017,2.854004849376264e-06
SR (SelectKBest + LR),2007,1.81550477111118,0.8489029377990946,-0.9666018333120854,0.9343191041622845
SR (SelectKBest + LR),2007,1.1763040264883609,0.9295642671345011,-0.24673975935385972,0.06088050884600061
SR (SelectKBest + LR),2007,1.3261720289942696,1.0066909113221918,-0.31948111767207776,0.102068184549
SR (SelectKBest + LR),2007,0.9273176290716706,1.0470513327455224,0.11973370367385183,0.01433615979545776
SR (SelectKBest + LR),2007,1.3472356547304984,0.9448013704032558,-0.4024342843272426,0.16195335320197993
SR (SelectKBest + LR),2007,0.9297409917031336,1.0044024880237457,0.07466149632061203,0.005574339032832764
SR (SelectKBest + LR),2007,1.7259388836805405,0.973090019813175,-0.7528488638673655,0.566781411826383
SR (SelectKBest + LR),2007,0.8850595117458048,0.9781693255329842,0.09310981378717942,0.008669437423483226
SR (SelectKBest + LR),2007,1.075568511232586,0.9756504038766081,-0.09991810735597784,0.009983628177600712
SR (SelectKBest + LR),2007,0.8686193821159613,1.0730566764399576,0.20443729432399627,0.04179460731051628
SR (SelectKBest + LR),2007,0.5678065162088848,1.0845793370340753,0.5167728208251905,0.26705414834362445
SR (SelectKBest + LR),2007,1.0313728709314858,0.8382206976403112,-0.19315217329117462,0.037307762047103954
SR (SelectKBest + LR),2007,1.5969159060245808,0.973090019813175,-0.6238258862114058,0.3891587363074458
SR (SelectKBest + LR),2007,0.5808850009168598,0.9440677489041474,0.36318274798728756,0.13190170843559762
SR (SelectKBest + LR),2007,1.1212042004749256,0.9258038091678019,-0.19540039130712372,0.03818131292297707
SR (SelectKBest + LR),2007,1.0390876266491191,0.9258038091678019,-0.11328381748131722,0.012833223303140393
SR (SelectKBest + LR),2007,1.068971268053249,0.8755070891881416,-0.19346417886510747,0.0374283885039503
SR (SelectKBest + LR),2007,0.9759682035592016,1.0627675373203465,0.0867993337611449,0.007534124341378629
SR (SelectKBest + LR),2007,0.9771300196016772,1.0775806585103846,0.10045063890870742,0.010090330857167526
SR (SelectKBest + LR),2007,1.021639978969609,0.9781693255329842,-0.04347065343662471,0.0018896977102071315
SR (SelectKBest + LR),2007,1.4275901203186154,0.9756504038766081,-0.45193971644200737,0.20424950729768201
SR (SelectKBest + LR),2007,1.0897762399908697,0.9756504038766081,-0.11412583611426164,0.013024706468779306
SR (SelectKBest + LR),2007,0.9840012651205766,1.0459810019198126,0.06197973679923596,0.0038414877737025645
SR (SelectKBest + LR),2007,0.6939290356705141,1.0775806585103846,0.38365162283987053,0.14718856770766628
SR (SelectKBest + LR),2007,2.678423023593817,0.9295642671345011,-1.7488587564593159,3.058506950044425
SR (SelectKBest + LR),2007,1.6971080271998988,0.9295642671345011,-0.7675437600653977,0.5891234236153288
SR (SelectKBest + LR),2007,0.9506621459722786,0.9303250796965884,-0.020337066275690208,0.000413596264701816
SR (SelectKBest + LR),2007,1.0239823110187447,0.9448013704032558,-0.07918094061548886,0.006269621356753573
SR (SelectKBest + LR),2007,1.1252930806757813,0.9525934034057264,-0.17269967727005486,0.029825178529181106
SR (SelectKBest + LR),2007,0.8828534112968807,0.9280924665530561,0.04523905525617544,0.002046572120471295
SR (SelectKBest + LR),2007,1.466237428014311,0.9719464259166051,-0.4942910020977058,0.2443235947547542
SR (SelectKBest + LR),2007,0.3725145227498597,0.9525934034057264,0.5800788806558668,0.33649150778296333
SR (SelectKBest + LR),2007,1.5808959413748491,0.9072363489888268,-0.6736595923860224,0.4538172464137018
SR (SelectKBest + LR),2007,1.1757186577992682,0.973090019813175,-0.2026286379860932,0.04105836493209922
SR (SelectKBest + LR),2007,1.2136894075915208,0.9396831399521688,-0.274006267639352,0.0750794347056482
SR (SelectKBest + LR),2007,1.2746137955528078,0.9448013704032558,-0.329812425149552,0.10877623578302884
SR (SelectKBest + LR),2007,1.1364118673410228,0.9781693255329842,-0.15824254180803865,0.02504070203786886
SR (SelectKBest + LR),2007,0.9358384613528464,1.1212240979367012,0.18538563658385476,0.034367834251601066
SR (SelectKBest + LR),2007,1.4624939173767104,0.9396831399521688,-0.5228107774245416,0.2733311089912536
SR (SelectKBest + LR),2007,0.9547604352932856,1.1415379648828115,0.18677752958952587,0.03488584555956621
SR (SelectKBest + LR),2007,0.9100499282904464,0.9088480633014391,-0.0012018649890073174,1.4444794518015591e-06
SR (SelectKBest + LR),2007,1.5941872350562152,0.9088480633014391,-0.6853391717547761,0.4696897803415225
SR (SelectKBest + LR),2007,0.949362275023974,0.9646151561407692,0.015252881116795236,0.0002326503823630887
SR (SelectKBest + LR),2007,1.1750858768245278,0.9646151561407692,-0.2104707206837586,0.04429792426514073
SR (SelectKBest + LR),2007,1.096559134935856,0.9646151561407692,-0.1319439787950869,0.017409213540278343
SR (SelectKBest + LR),2007,1.4236997079549376,0.9396831399521688,-0.4840165680027688,0.23427203810117894
SR (SelectKBest + LR),2007,0.3452952877523675,0.9396831399521688,0.5943878521998013,0.3532969188426928
SR (SelectKBest + LR),2007,1.4406922906101234,0.973090019813175,-0.4676022707969484,0.21865188365446264
SR (SelectKBest + LR),2007,0.8735531770199342,1.0627675373203465,0.18921436030041228,0.03580207414389423
SR (SelectKBest + LR),2007,1.2621751554299667,0.973090019813175,-0.2890851356167917,0.08357021563457886
SR (SelectKBest + LR),2007,1.0846381609465352,0.973090019813175,-0.1115481411333602,0.012442987790308046
SR (SelectKBest + LR),2007,1.1943183463470906,0.9448013704032558,-0.2495169759438347,0.06225872128415619
SR (SelectKBest + LR),2007,1.4974211653261291,0.9258038091678019,-0.5716173561583272,0.3267464018614359
SR (SelectKBest + LR),2007,0.9721196687998964,1.0997128635460858,0.12759319474618935,0.016280023345539
SR (SelectKBest + LR),2007,0.6240174737549784,0.9646151561407692,0.3405976823857908,0.11600678124657203
SR (SelectKBest + LR),2007,0.9193477510899478,0.9088480633014391,-0.010499687788508738,0.00011024344365615952
SR (SelectKBest + LR),2007,0.7963584400948706,0.9440677489041474,0.1477093088092768,0.021818039908914295
SR (SelectKBest + LR),2007,0.9738262742639464,0.9756504036437773,0.0018241293798308966,3.3274479943622514e-06
SR (SelectKBest + LR),2007,1.4229833466147088,0.9396831399521688,-0.48330020666254003,0.2335790897600539
SR (SelectKBest + LR),2008,1.0466342243685374,0.9080702449055855,-0.13856397946295185,0.01919997640460934
SR (SelectKBest + LR),2008,0.9311029342275255,1.0062554331298919,0.0751524989023663,0.005647898091270169
SR (SelectKBest + LR),2008,1.1602450470358163,1.1111626382276802,-0.04908240880813608,0.0024090828544089944
SR (SelectKBest + LR),2008,0.7548126455538525,1.0259368759571692,0.2711242304033167,0.07350834831179075
SR (SelectKBest + LR),2008,0.7743813927495575,0.9425571983657313,0.16817580561617373,0.028283101594649054
SR (SelectKBest + LR),2008,1.2576752627581729,1.0363278965033635,-0.22134736625480933,0.048994656547940704
SR (SelectKBest + LR),2008,0.9382848082325708,1.1183930334728678,0.18010822524029702,0.03243897279920956
SR (SelectKBest + LR),2008,1.1294846800023768,1.0438088796741716,-0.08567580032820521,0.007340342761878488
SR (SelectKBest + LR),2008,1.356437301225072,1.0384072113875766,-0.31803008983749526,0.1011431380420453
SR (SelectKBest + LR),2008,1.250224840959607,1.074462783929531,-0.17576205703007597,0.030892300691443678
SR (SelectKBest + LR),2008,1.4060244112248232,0.9925558224705049,-0.41346858875431836,0.17095627388648763
SR (SelectKBest + LR),2008,1.574484551616265,1.0199741333554733,-0.5545104182607918,0.3074818039597583
SR (SelectKBest + LR),2008,1.27358236037336,1.119269303299999,-0.15431305707336107,0.02381251958332639
SR (SelectKBest + LR),2008,1.1668091146692905,0.9329241455626209,-0.23388496910666956,0.054702178774027777
SR (SelectKBest + LR),2008,1.0130901281193343,0.9955563603958502,-0.01753376772348414,0.0003074330105810942
SR (SelectKBest + LR),2008,1.454601384315574,1.1183930334728678,-0.3362083508427063,0.11303605517637227
SR (SelectKBest + LR),2008,2.015705368469628,1.0505122061359464,-0.9651931623336814,0.9315978406156922
SR (SelectKBest + LR),2008,1.1601202807210598,1.010234813794424,-0.14988546692663585,0.022465653195815647
SR (SelectKBest + LR),2008,1.1941378191109957,1.0599677279488708,-0.13417009116212486,0.018001613362452897
SR (SelectKBest + LR),2008,1.4613325742951937,1.0753627395380057,-0.38596983475718805,0.14897271334249104
SR (SelectKBest + LR),2008,1.0249541891926746,0.9499983150663787,-0.0749558741262959,0.005618383066037114
SR (SelectKBest + LR),2008,0.8408862258819458,0.9425571983657313,0.10167097248378543,0.010336986645798654
SR (SelectKBest + LR),2008,1.2913675017340078,0.9695527382055764,-0.3218147635284314,0.10356474202486023
SR (SelectKBest + LR),2008,0.513903415272034,0.9691718156310265,0.4552684003589925,0.2072693163654359
SR (SelectKBest + LR),2008,2.2129102240515164,1.0570037869420879,-1.1559064371094285,1.3361196913510132
SR (SelectKBest + LR),2008,1.1853626427109702,1.0338794788927692,-0.15148316381820104,0.022947148920371932
SR (SelectKBest + LR),2008,1.1545050657073672,1.0199741333554733,-0.13453093235189395,0.018098571759469866
SR (SelectKBest + LR),2008,1.342433176467415,0.9695527382055764,-0.3728804382618385,0.13903982123834074
SR (SelectKBest + LR),2008,1.453793963662234,1.0505122061359464,-0.4032817575262875,0.16263617595349134
SR (SelectKBest + LR),2008,1.1976034604412378,1.0082422043879808,-0.18936125605325693,0.03585768529406713
SR (SelectKBest + LR),2008,1.8909984373357,0.9955563603958502,-0.8954420769398499,0.8018165131543521
SR (SelectKBest + LR),2008,1.1196136098752762,1.0599677279488708,-0.05964588192640541,0.0035576312307786955
SR (SelectKBest + LR),2008,0.7960304079685299,1.0205590089454666,0.22452860097693672,0.05041309265666047
SR (SelectKBest + LR),2008,1.3187397509027752,1.0044882895373042,-0.314251461365471,0.09875398097033411
SR (SelectKBest + LR),2008,1.1999764422832169,1.0207058824808803,-0.17927055980233653,0.03213793361184312
SR (SelectKBest + LR),2008,1.2729411079649315,1.0363278965033635,-0.236613211461568,0.05598581183815669
SR (SelectKBest + LR),2008,1.3650202579128086,0.9955563603958502,-0.3694638975169584,0.13650357156842155
SR (SelectKBest + LR),2008,1.0198462752041353,0.9723838942728356,-0.04746238093129973,0.0022526776036678044
SR (SelectKBest + LR),2008,1.3880696551185476,1.1111626382276802,-0.2769070168908674,0.07667749600339911
SR (SelectKBest + LR),2008,1.4287763193582486,1.1111626382276802,-0.3176136811305683,0.10087845044131033
SR (SelectKBest + LR),2008,1.336136337237675,0.9934783802228515,-0.3426579570148236,0.1174144755055727
SR (SelectKBest + LR),2008,1.1379573204004312,0.9990742712317036,-0.13888304916872762,0.019288501346403215
SR (SelectKBest + LR),2008,1.2618456903627098,0.9819004060182954,-0.27994528434441435,0.078369362226675
SR (SelectKBest + LR),2008,1.263638174135561,1.0599677279488708,-0.20367044618669006,0.04148165064988541
SR (SelectKBest + LR),2008,1.505363172612196,1.0205590089454666,-0.4848041636667295,0.23503507710859706
SR (SelectKBest + LR),2008,1.2866498524394052,1.0205590089454666,-0.26609084349393863,0.07080433699131575
SR (SelectKBest + LR),2008,1.059704141927202,0.8638021283178126,-0.1959020136093894,0.0383775989362134
SR (SelectKBest + LR),2008,0.997047699079384,0.9819004060182954,-0.01514729306108853,0.00022944048707850071
SR (SelectKBest + LR),2008,2.8927459326507803,1.0338794788927692,-1.858866453758011,3.4553844929068838
SR (SelectKBest + LR),2008,1.865154348937388,1.0338794788927692,-0.8312748700446189,0.6910179095676979
SR (SelectKBest + LR),2008,1.2011470529195634,1.119269303299999,-0.0818777496195644,0.006703965882764078
SR (SelectKBest + LR),2008,1.3802856209718288,1.0505122061359464,-0.3297734148358824,0.10875050513251898
SR (SelectKBest + LR),2008,1.2821758332651951,0.991465839258209,-0.29070999400698616,0.08451230061554194
SR (SelectKBest + LR),2008,1.074975524988636,1.1298019610904624,0.05482643610182647,0.003005938095627661
SR (SelectKBest + LR),2008,1.5639928629484057,1.0301992291197997,-0.533793633828606,0.2849356435159479
SR (SelectKBest + LR),2008,0.9892167298518908,0.991465839258209,0.0022491094063181727,5.0584931215888834e-06
SR (SelectKBest + LR),2008,1.7033356893581568,1.0753627395380057,-0.6279729498201512,0.3943500257058221
SR (SelectKBest + LR),2008,1.3829156950164694,0.9955563603958502,-0.3873593346206192,0.15004725411772885
SR (SelectKBest + LR),2008,1.2507278899664052,1.0384072113875766,-0.21232067857882853,0.045080070552174216
SR (SelectKBest + LR),2008,1.5214413860886973,1.0505122061359464,-0.47092917995275085,0.2217742925309704
SR (SelectKBest + LR),2008,1.290093504859578,1.0599677279488708,-0.23012577691070724,0.0529578731987566
SR (SelectKBest + LR),2008,1.2240270383942815,1.0289727043774213,-0.19505433401686023,0.038046193218760876
SR (SelectKBest + LR),2008,1.3956018960718397,1.0384072113875766,-0.3571946846842631,0.1275880427666901
SR (SelectKBest + LR),2008,1.178647205203827,1.04851057348341,-0.13013663172041712,0.016935542915535475
SR (SelectKBest + LR),2008,1.0622038815608932,1.1183930334728678,0.0561891519119746,0.003157220792586959
SR (SelectKBest + LR),2008,1.6580956235395474,1.1183930334728678,-0.5397025900666796,0.29127888572468247
SR (SelectKBest + LR),2008,1.294414234088029,1.0438088796741716,-0.25060535441385734,0.06280304366089505
SR (SelectKBest + LR),2008,1.1480790427697092,1.0438088796741716,-0.1042701630955376,0.010872266911970012
SR (SelectKBest + LR),2008,1.2513162088654493,1.0438088796741716,-0.20750732919127768,0.04305929166809728
SR (SelectKBest + LR),2008,1.3626331120391777,1.0384072113875766,-0.32422590065160106,0.10512243465334188
SR (SelectKBest + LR),2008,1.6981102334935785,0.9955563603958502,-0.7025538730977283,0.49358194460461896
SR (SelectKBest + LR),2008,1.4231396534803504,0.9990742712317036,-0.42406538224864687,0.179831448421691
SR (SelectKBest + LR),2008,1.0529783536916737,0.9955563603958502,-0.05742199329582354,0.003297285314065603
SR (SelectKBest + LR),2008,1.355786466430156,0.9955563603958502,-0.36023010603430583,0.12976572929348723
SR (SelectKBest + LR),2008,1.4928597695176264,1.0505122061359464,-0.44234756338168,0.19567136682970943
SR (SelectKBest + LR),2008,1.819070260120416,1.1111626382276802,-0.7079076218927358,0.5011332011338286
SR (SelectKBest + LR),2008,1.2126412561828144,1.0527431084111334,-0.159898147771681,0.02556741766081433
SR (SelectKBest + LR),2008,0.4078616926125251,1.0438088796741716,0.6359471870616464,0.40442882473162073
SR (SelectKBest + LR),2008,1.1022669903242823,1.1183930334728678,0.016126043148585456,0.0002600492676300399
SR (SelectKBest + LR),2008,1.1149624034527112,0.9723838942728356,-0.1425785091798757,0.020328631279955895
SR (SelectKBest + LR),2008,1.0754340429953284,1.020559009054606,-0.05487503394072246,0.0030112693499954424
SR (SelectKBest + LR),2008,1.4565010669273517,1.038407211329369,-0.41809385559798273,0.17480247208878683
SR (SelectKBest + LR),2009,0.6202019937434363,1.2494683697247682,0.6292663759813318,0.39597617194067886
SR (SelectKBest + LR),2009,0.899112240470888,1.386605594465651,0.487493353994763,0.23764977018906333
SR (SelectKBest + LR),2009,1.3460745754057062,1.274333314199322,-0.07174126120638413,0.0051468085594826365
SR (SelectKBest + LR),2009,0.7558071877786675,1.312036924896602,0.5562297371179344,0.3093915204542865
SR (SelectKBest + LR),2009,0.6527419861286986,1.2470666243637245,0.5943246382350259,0.3532217756131944
SR (SelectKBest + LR),2009,1.4587883063983982,1.1903238071525202,-0.268464499245878,0.07207318735534003
SR (SelectKBest + LR),2009,1.274942458729299,1.3928497398107713,0.1179072810814723,0.013902126932025317
SR (SelectKBest + LR),2009,0.8720703699466182,1.3566429404953877,0.48457257054876945,0.23481057612824216
SR (SelectKBest + LR),2009,1.3152556829940698,1.4383363431229403,0.12308066012887053,0.01514884889775854
SR (SelectKBest + LR),2009,1.303651993633515,1.204622599425455,-0.09902939420806,0.009806820917215348
SR (SelectKBest + LR),2009,1.1796057645750655,1.2671678836837181,0.08756211910865264,0.007667124702797871
SR (SelectKBest + LR),2009,1.3529436787281344,1.4424979762821453,0.0895542975540109,0.008019972210392322
SR (SelectKBest + LR),2009,1.3101211420411156,1.2953099313588545,-0.0148112106822611,0.00021937196187432533
SR (SelectKBest + LR),2009,1.0687545809960892,1.3144617139183297,0.24570713292224045,0.060371995168867536
SR (SelectKBest + LR),2009,1.3507116952617186,1.4266151933312088,0.07590349806949015,0.005761341019185095
SR (SelectKBest + LR),2009,1.024075866843357,1.3928497398107713,0.3687738729674144,0.13599416938338668
SR (SelectKBest + LR),2009,1.475067950814704,1.2684637025586305,-0.20660424825607349,0.04268531539745724
SR (SelectKBest + LR),2009,1.0607293748918771,1.3159254229831348,0.2551960480912576,0.06512502296139547
SR (SelectKBest + LR),2009,1.19296592613744,1.381542867157399,0.18857694101995914,0.03556126268444515
SR (SelectKBest + LR),2009,0.995697757168026,1.2909425478971825,0.29524479072915655,0.08716948645270345
SR (SelectKBest + LR),2009,0.7690116368371345,1.3399335646107597,0.5709219277736253,0.3259518476127526
SR (SelectKBest + LR),2009,0.8865283650499953,1.2470666243637245,0.3605382593137292,0.12998783642897382
SR (SelectKBest + LR),2009,1.0536066302617346,1.2920275555742373,0.2384209253125027,0.05684453762686999
SR (SelectKBest + LR),2009,0.2754464545484341,1.2694549004076132,0.9940084458591791,0.9880527904393807
SR (SelectKBest + LR),2009,2.1595169263799927,1.1258839600054502,-1.0336329663745425,1.068397109176236
SR (SelectKBest + LR),2009,1.5590092376444973,1.4433510122344604,-0.1156582254100369,0.013376825104998904
SR (SelectKBest + LR),2009,1.0548557990402574,1.4424979762821453,0.3876421772418879,0.1502664575768312
SR (SelectKBest + LR),2009,1.12465923132426,1.2920275555742373,0.16736832424997727,0.02801215596224553
SR (SelectKBest + LR),2009,1.2994123344539763,1.2684637025586305,-0.0309486318953458,0.0009578178161936154
SR (SelectKBest + LR),2009,1.4830874576848685,1.2623574169124012,-0.22073004077246727,0.048721750899415064
SR (SelectKBest + LR),2009,0.9089897610103358,1.4266151933312088,0.517625432320873,0.2679360881853707
SR (SelectKBest + LR),2009,1.01356877257217,1.381542867157399,0.367974094585229,0.13540493428581907
SR (SelectKBest + LR),2009,0.7932884809230621,1.4104150542461502,0.6171265733230881,0.3808452075014968
SR (SelectKBest + LR),2009,1.182014014705408,1.3629809940914044,0.18096697938599648,0.03274904762809168
SR (SelectKBest + LR),2009,1.2291386489254106,1.1791760313875899,-0.04996261753782072,0.0024962631512305505
SR (SelectKBest + LR),2009,1.391812661095054,1.1903238071525202,-0.2014888539425339,0.04059775826307576
SR (SelectKBest + LR),2009,0.8682614409919732,1.4266151933312088,0.5583537523392356,0.3117589127513044
SR (SelectKBest + LR),2009,0.618245854484086,1.3277850018009347,0.7095391473168488,0.5034458015751208
SR (SelectKBest + LR),2009,1.4343214686433543,1.274333314199322,-0.15998815444403225,0.025596209562407515
SR (SelectKBest + LR),2009,1.5202785080722294,1.274333314199322,-0.24594519387290736,0.06048903838918199
SR (SelectKBest + LR),2009,1.1785862091333212,1.3037627182838696,0.12517650915054834,0.015669158443117313
SR (SelectKBest + LR),2009,1.1182362847739002,1.3905679772575,0.2723316924835997,0.0741645507309819
SR (SelectKBest + LR),2009,1.2410689854304542,1.2863523857031542,0.04528340027270006,0.0020505863402575718
SR (SelectKBest + LR),2009,1.343524999458257,1.381542867157399,0.03801786769914206,0.0014453582643894692
SR (SelectKBest + LR),2009,1.1402125477038263,1.4104150542461502,0.2702025065423239,0.0730093945417546
SR (SelectKBest + LR),2009,1.071998434550098,1.4104150542461502,0.3384166196960523,0.1145258084865025
SR (SelectKBest + LR),2009,0.9949198620870506,1.514303141350813,0.5193832792637624,0.26975899077877935
SR (SelectKBest + LR),2009,1.0250976846717146,1.2863523857031542,0.26125470103143966,0.06825401881102693
SR (SelectKBest + LR),2009,2.829107977724249,1.4433510122344604,-1.3857569654897888,1.9203223674034677
SR (SelectKBest + LR),2009,1.7770207240963098,1.4433510122344604,-0.33366971186184946,0.11133547661396964
SR (SelectKBest + LR),2009,1.3628583436336985,1.2953099313588545,-0.06754841227484398,0.004562788000852293
SR (SelectKBest + LR),2009,1.2902551464131322,1.2684637025586305,-0.021791443854501713,0.0004748670252639005
SR (SelectKBest + LR),2009,0.9712367877096084,1.3245611575915486,0.35332436988194016,0.12483811035247006
SR (SelectKBest + LR),2009,1.0764635857344516,1.465291719493965,0.3888281337595134,0.15118731760290605
SR (SelectKBest + LR),2009,1.561833263088351,1.4277220972295788,-0.13411116585877214,0.01798580480799909
SR (SelectKBest + LR),2009,0.3661832042126914,1.3245611575915486,0.9583779533788572,0.918488301522647
SR (SelectKBest + LR),2009,1.1665660664441,1.2909425478971825,0.12437648145308255,0.01546950913864899
SR (SelectKBest + LR),2009,1.0500948927716096,1.4266151933312088,0.3765203005595992,0.1417675367334909
SR (SelectKBest + LR),2009,1.2167290499366836,1.4383363431229403,0.22160729318625672,0.04910979239333954
SR (SelectKBest + LR),2009,1.2372255463088226,1.2684637025586305,0.031238156249807858,0.0009758224058874097
SR (SelectKBest + LR),2009,1.3705457028350847,1.381542867157399,0.010997164322314346,0.00012093762313198354
SR (SelectKBest + LR),2009,1.0958977909446197,1.392051115101709,0.2961533241570893,0.08770679140929401
SR (SelectKBest + LR),2009,1.166388029512574,1.4383363431229403,0.2719483136103664,0.0739558852755222
SR (SelectKBest + LR),2009,1.0909831288128382,1.4824282235214838,0.39144509470864564,0.15322926217146055
SR (SelectKBest + LR),2009,0.7790994037493487,1.3928497398107713,0.6137503360614226,0.3766894750155092
SR (SelectKBest + LR),2009,1.258388127632842,1.3928497398107713,0.1344616121779294,0.01807992514948789
SR (SelectKBest + LR),2009,0.8586313972882338,1.3566429404953877,0.4980115432071539,0.24801549716757093
SR (SelectKBest + LR),2009,0.8703937065242353,1.3566429404953877,0.4862492339711524,0.2364383175375325
SR (SelectKBest + LR),2009,0.9646834829251276,1.3566429404953877,0.3919594575702601,0.1536322163787725
SR (SelectKBest + LR),2009,1.1985145412364366,1.4383363431229403,0.2398218018865037,0.05751449666008943
SR (SelectKBest + LR),2009,0.0534879563712586,1.4383363431229403,1.3848483867516816,1.9178050542887353
SR (SelectKBest + LR),2009,1.0293748638675613,1.4266151933312088,0.3972403294636475,0.15779987935238723
SR (SelectKBest + LR),2009,1.3661090258991686,1.3905679772575,0.024458951358331316,0.0005982403015492173
SR (SelectKBest + LR),2009,0.7623465830837585,1.4266151933312088,0.6642686102474503,0.44125278656007905
SR (SelectKBest + LR),2009,0.9424239565428044,1.4266151933312088,0.48419123678840437,0.23444115378268465
SR (SelectKBest + LR),2009,1.4101359539098997,1.2684637025586305,-0.14167225135126915,0.020071026802937184
SR (SelectKBest + LR),2009,1.8552387696221488,1.274333314199322,-0.5809054554228268,0.3374511481400018
SR (SelectKBest + LR),2009,1.2382563730624725,1.393894547232783,0.15563817417031056,0.024223241259067926
SR (SelectKBest + LR),2009,0.1396167577677832,1.3566429404953877,1.2170261827276045,1.4811527294445246
SR (SelectKBest + LR),2009,1.1777791610464936,1.3928497398107713,0.2150705787642777,0.04625535385000138
SR (SelectKBest + LR),2009,0.7590161376380616,1.3277850018009347,0.5687688641628731,0.3234980208411248
SR (SelectKBest + LR),2009,0.664144038750027,1.4104150542461502,0.7462710154961232,0.5569204285696149
SR (SelectKBest + LR),2009,1.642546258569952,1.4383363431229403,-0.20420991544701161,0.04170168956687563
SR (SelectKBest + LR),2010,0.6017259068072013,0.9650429489122581,0.3633170421050568,0.1319992730839676
SR (SelectKBest + LR),2010,0.6838523203210657,1.0103798545934484,0.3265275342723827,0.10662023063800205
SR (SelectKBest + LR),2010,1.3176980231128812,1.061460693032467,-0.25623733008041416,0.06565756932673912
SR (SelectKBest + LR),2010,0.589182232686007,0.9561747669335517,0.36699253424754474,0.1346835201934353
SR (SelectKBest + LR),2010,0.4692370698942288,0.941329056452966,0.47209198655873724,0.22287084377297495
SR (SelectKBest + LR),2010,1.088311861083814,1.0500339214061716,-0.03827793967764248,0.0014652006659652366
SR (SelectKBest + LR),2010,1.0365604643302109,1.0667579523673725,0.0301974880371616,0.0009118882837545181
SR (SelectKBest + LR),2010,0.6854485139589255,1.054957289071228,0.3695087751123025,0.13653673488499415
SR (SelectKBest + LR),2010,0.8295753566575402,1.0231009192027016,0.1935255625451614,0.037452143358421175
SR (SelectKBest + LR),2010,1.2021199082104757,1.0143555607840322,-0.18776434742644343,0.035255450164478154
SR (SelectKBest + LR),2010,0.963318154171929,1.0160622357847413,0.0527440816128123,0.0027819381451790045
SR (SelectKBest + LR),2010,1.534005605089456,0.9883040714722631,-0.5457015336171929,0.2977901637921563
SR (SelectKBest + LR),2010,1.0561835178535557,1.0743534559690635,0.018169938115507822,0.00033014665112138394
SR (SelectKBest + LR),2010,0.5692542474317639,0.966730491180969,0.3974762437492051,0.1579873643449775
SR (SelectKBest + LR),2010,1.0314768085985064,1.0657074969473426,0.034230688348836136,0.001171740024835146
SR (SelectKBest + LR),2010,1.1780992766495224,1.0667579523673725,-0.11134132428214993,0.01239689049290287
SR (SelectKBest + LR),2010,1.476558738703249,1.081302742330555,-0.39525599637269404,0.15622730266857113
SR (SelectKBest + LR),2010,1.097258395875614,1.0191797401739737,-0.07807865570164019,0.00609627647617527
SR (SelectKBest + LR),2010,1.11975613917436,1.0220769514320662,-0.09767918774229378,0.009541223717994277
SR (SelectKBest + LR),2010,1.1251577876638807,1.0656859675094719,-0.05947182015440888,0.0035368973924783547
SR (SelectKBest + LR),2010,0.4109319839253098,0.9719898662402183,0.5610578823149086,0.31478594730768983
SR (SelectKBest + LR),2010,0.5452357326819852,0.941329056452966,0.39609332377098083,0.15688992113594305
SR (SelectKBest + LR),2010,0.698947462152416,0.9498166294279555,0.25086916727553954,0.06293533908952263
SR (SelectKBest + LR),2010,0.2027942641277207,0.9424713317416531,0.7396770676139324,0.5471221643539459
SR (SelectKBest + LR),2010,2.3145477698693746,1.0223242927171385,-1.292223477152236,1.6698415149034156
SR (SelectKBest + LR),2010,0.8648880001552709,1.0753737382199005,0.21048573806462956,0.044304245928611846
SR (SelectKBest + LR),2010,0.9200671707420306,0.9883040714722631,0.06823690073023247,0.004656274621267601
SR (SelectKBest + LR),2010,0.7730180369021529,0.9498166294279555,0.17679859252580266,0.0312577423191048
SR (SelectKBest + LR),2010,1.0510312190676938,1.081302742330555,0.0302715232628612,0.0009163651206539467
SR (SelectKBest + LR),2010,1.05671846678644,1.0151532134080392,-0.04156525337840078,0.0017276702884106575
SR (SelectKBest + LR),2010,1.1414347153047395,1.0657074969473426,-0.07572721835739693,0.005734611600148875
SR (SelectKBest + LR),2010,0.9094656962944486,1.0220769514320662,0.1126112551376176,0.012681294783669608
SR (SelectKBest + LR),2010,0.6366114635309291,1.103694552775059,0.4670830892441299,0.21816661225783981
SR (SelectKBest + LR),2010,1.251535771302688,0.945296230252221,-0.306239541050467,0.09378265650280068
SR (SelectKBest + LR),2010,0.963203741143998,1.1426939098483104,0.17949016870431245,0.032216720661502544
SR (SelectKBest + LR),2010,1.1431112483879755,1.0500339214061716,-0.09307732698180393,0.008663388798077647
SR (SelectKBest + LR),2010,0.8317387321769724,1.0657074969473426,0.2339687647703702,0.054741382888172825
SR (SelectKBest + LR),2010,0.4334796546218162,1.015665958452035,0.5821863038302186,0.33894089236749164
SR (SelectKBest + LR),2010,1.3315097177643742,1.061460693032467,-0.2700490247319072,0.07292647575865421
SR (SelectKBest + LR),2010,1.4228280206595258,1.061460693032467,-0.3613673276270588,0.13058634547632206
SR (SelectKBest + LR),2010,0.8096526853816791,1.0166530345897713,0.20700034920809218,0.04284914457227211
SR (SelectKBest + LR),2010,0.8283562531829226,0.9786415439258046,0.150285290742882,0.02258566861367257
SR (SelectKBest + LR),2010,0.9174633158150932,1.0252175510232042,0.107754235208111,0.01161097520528491
SR (SelectKBest + LR),2010,0.9725691170584844,1.0220769514320662,0.04950783437358186,0.0024510256643620137
SR (SelectKBest + LR),2010,1.262367762231765,1.103694552775059,-0.15867320945670604,0.025177187399291708
SR (SelectKBest + LR),2010,1.086800052560052,1.103694552775059,0.016894500215006936,0.0002854241375148694
SR (SelectKBest + LR),2010,0.4650927374865927,0.9482344001771753,0.4831416626905826,0.2334258662274207
SR (SelectKBest + LR),2010,0.6251738921560729,1.0252175510232042,0.40004365886713134,0.16003492899980173
SR (SelectKBest + LR),2010,3.0040715268509675,1.0753737382199005,-1.928697788631067,3.719875159870368
SR (SelectKBest + LR),2010,1.5956008196299882,1.0753737382199005,-0.5202270814100878,0.2706362162324581
SR (SelectKBest + LR),2010,1.133939434111827,1.0743534559690635,-0.05958597814276345,0.0035504887912298838
SR (SelectKBest + LR),2010,1.1585136289306002,1.081302742330555,-0.07721088660004516,0.005961521009565033
SR (SelectKBest + LR),2010,1.1224821377776162,1.0303322983963006,-0.0921498393813156,0.008491592898002264
SR (SelectKBest + LR),2010,0.9368728119446472,1.0890797618268502,0.15220694988220296,0.023166955592443444
SR (SelectKBest + LR),2010,1.384912494986804,1.0413145988697396,-0.34359789611706426,0.11805951421607289
SR (SelectKBest + LR),2010,0.6417378356517209,1.0303322983963006,0.38859446274457965,0.1510056564757485
SR (SelectKBest + LR),2010,1.4453417179653012,1.0656859675094719,-0.37965575045582933,0.14413848885417896
SR (SelectKBest + LR),2010,0.8678085098515455,1.0657074969473426,0.19789898709579712,0.03916400909354247
SR (SelectKBest + LR),2010,0.8110573294087108,1.0231009192027016,0.21204358979399085,0.04496248397272226
SR (SelectKBest + LR),2010,1.382322604267902,1.081302742330555,-0.301019861937347,0.09061295728077944
SR (SelectKBest + LR),2010,1.0867169484493917,1.0220769514320662,-0.06463999701732548,0.0041783292143998466
SR (SelectKBest + LR),2010,1.225515963634444,0.9501842750678817,-0.2753316885665622,0.0758075387289144
SR (SelectKBest + LR),2010,0.8162003263796684,1.0231009192027016,0.2069005928230332,0.04280785531052257
SR (SelectKBest + LR),2010,1.0492574875868923,0.9610337470577506,-0.08822374052914173,0.007783428392953325
SR (SelectKBest + LR),2010,0.7878167831312609,1.0667579523673725,0.27894116923611156,0.07780817589480903
SR (SelectKBest + LR),2010,1.0727285112001166,1.0667579523673725,-0.005970558832744111,3.564757277525871e-05
SR (SelectKBest + LR),2010,0.5422783076480066,1.054957289071228,0.5126789814232214,0.26283973799315186
SR (SelectKBest + LR),2010,0.5144091751409574,1.054957289071228,0.5405481139302706,0.2921922634735728
SR (SelectKBest + LR),2010,0.8062849330016202,1.054957289071228,0.2486723560696078,0.06183794067320981
SR (SelectKBest + LR),2010,0.7679821762687854,1.0231009192027016,0.25511874293391623,0.06508557299618163
SR (SelectKBest + LR),2010,0.0059082091862607,1.0231009192027016,1.0171927100164408,1.0346810093105911
SR (SelectKBest + LR),2010,0.8098846467592387,1.0657074969473426,0.2558228501881039,0.06544533067836505
SR (SelectKBest + LR),2010,0.8731107894364775,0.9786415439258046,0.10553075448932714,0.01113674014308664
SR (SelectKBest + LR),2010,0.903368478191863,1.0657074969473426,0.16233901875547962,0.026353957010491966
SR (SelectKBest + LR),2010,0.6861411494142383,1.0657074969473426,0.37956634753310425,0.14407061217962128
SR (SelectKBest + LR),2010,1.3582033539573848,1.081302742330555,-0.2769006116268298,0.07667394871931242
SR (SelectKBest + LR),2010,1.8984105557507645,1.061460693032467,-0.8369498627182974,0.7004850727041769
SR (SelectKBest + LR),2010,1.114030932455348,1.025147780494996,-0.0888831519603519,0.007900214702407008
SR (SelectKBest + LR),2010,0.3774336310084706,1.054957289071228,0.6775236580627574,0.4590383072347402
SR (SelectKBest + LR),2010,0.9046991745057756,1.0667579523673725,0.16205877786159684,0.02626304748199439
SR (SelectKBest + LR),2010,0.5635634986540836,1.0156659584496903,0.4521024597956067,0.20439663415323817
SR (SelectKBest + LR),2010,0.6603889247471897,1.1036945529077151,0.44330562816052543,0.19651987995879805
SR (SelectKBest + LR),2010,1.0855654306868945,1.0231009192313052,-0.06246451145558929,0.0039018151913854456
SR (SelectKBest + LR),2011,0.6444260752696405,0.9799079753363462,0.33548190006670575,0.11254810527236714
SR (SelectKBest + LR),2011,0.653411816656897,1.1605875163513746,0.5071756996944776,0.25722719036058295
SR (SelectKBest + LR),2011,1.0129403527781873,1.0243579834512662,0.011417630673078882,0.00013036229018683173
SR (SelectKBest + LR),2011,0.4964780012929619,1.1496913573873269,0.6532133560943649,0.4266876885800636
SR (SelectKBest + LR),2011,0.8145381526548888,1.1007034257341353,0.28616527307924644,0.08189056351651969
SR (SelectKBest + LR),2011,0.9076401745937056,1.0069874251308,0.09934725053709437,0.009869876189280197
SR (SelectKBest + LR),2011,0.7093346212397619,1.0881860070044465,0.3788513857646846,0.14352837249582184
SR (SelectKBest + LR),2011,0.903009452921242,1.1253652585529763,0.2223558056317343,0.0494421042981376
SR (SelectKBest + LR),2011,0.5221801755885632,1.1134218672222882,0.591241691633725,0.34956673792590875
SR (SelectKBest + LR),2011,0.8922298969363789,0.9756891620031161,0.08345926506673718,0.006965448925479897
SR (SelectKBest + LR),2011,0.937639447942034,1.083368217061593,0.145728769119559,0.021236874149101737
SR (SelectKBest + LR),2011,1.2734649351146852,1.153631378269468,-0.11983355684521713,0.014360081346175885
SR (SelectKBest + LR),2011,0.8847082315775056,1.0696274804106678,0.18491924883316224,0.034195128589020976
SR (SelectKBest + LR),2011,0.8353173439216086,1.0766788130936307,0.24136146917202206,0.058255358800876955
SR (SelectKBest + LR),2011,0.7186060207563478,0.9935209319421239,0.27491491118577605,0.07557820839228313
SR (SelectKBest + LR),2011,1.00372858800737,1.0881860070044465,0.08445741899707637,0.007133055623647717
SR (SelectKBest + LR),2011,1.234557350961598,1.033820616276631,-0.2007367346849669,0.040295236651982785
SR (SelectKBest + LR),2011,0.9189710131991862,1.0784119138586215,0.15944090065943528,0.02542140080309191
SR (SelectKBest + LR),2011,0.7785199240404548,1.1592004250395935,0.38068050099913875,0.1449176438409553
SR (SelectKBest + LR),2011,0.9848082369471896,0.9901049419141028,0.005296704966913257,2.8055083506523567e-05
SR (SelectKBest + LR),2011,0.6375922734449461,1.065557489649709,0.427965216204763,0.18315422628118955
SR (SelectKBest + LR),2011,0.8100285992056107,1.1007034257341353,0.2906748265285246,0.08449185477738788
SR (SelectKBest + LR),2011,0.7683372445465444,1.0668125218430415,0.29847527729649714,0.08908749115722087
SR (SelectKBest + LR),2011,0.727831239272742,1.1077764553700256,0.3799452160972836,0.14435836723521153
SR (SelectKBest + LR),2011,2.0743331778715914,1.0032555849693234,-1.071077592902268,1.1472072100173165
SR (SelectKBest + LR),2011,0.8631356545996984,1.1349513346653022,0.27181568006560375,0.07388376392952666
SR (SelectKBest + LR),2011,0.8697964957528389,1.153631378269468,0.28383488251662914,0.08056224053322866
SR (SelectKBest + LR),2011,0.8618931009877171,1.0668125218430415,0.20491942085532444,0.041991969043681576
SR (SelectKBest + LR),2011,0.6652236775271108,1.033820616276631,0.36859693874952026,0.13586370325551758
SR (SelectKBest + LR),2011,0.8269486694637714,1.0713001567786977,0.24435148731492629,0.05970764935301658
SR (SelectKBest + LR),2011,1.0388098477359076,0.9935209319421239,-0.04528891579378369,0.00205108589377643
SR (SelectKBest + LR),2011,0.8970639271661035,1.1592004250395935,0.26213649787349,0.06871554351737824
SR (SelectKBest + LR),2011,0.8332121621807917,1.0211888366601132,0.18797667447932143,0.03533523014830477
SR (SelectKBest + LR),2011,1.2222932688409205,1.0941947274616128,-0.12809854137930765,0.016409236303506193
SR (SelectKBest + LR),2011,0.7692705481847818,0.9655912495924597,0.19632070140767788,0.03854181780120262
SR (SelectKBest + LR),2011,0.837559247781796,1.0069874251308,0.16942817734900395,0.028705907279805536
SR (SelectKBest + LR),2011,1.2780321191302186,0.9935209319421239,-0.28451118718809476,0.08094661563517909
SR (SelectKBest + LR),2011,0.8159418857964071,1.0746367097105265,0.25869482391411935,0.06692301191995721
SR (SelectKBest + LR),2011,1.0448510571453855,1.0243579834512662,-0.020493073694119346,0.00041996606943260634
SR (SelectKBest + LR),2011,1.1061081948366314,1.0243579834512662,-0.0817502113853652,0.0066830970615518945
SR (SelectKBest + LR),2011,0.6081932698609175,0.9539554575992517,0.3457621877383342,0.11955149046959908
SR (SelectKBest + LR),2011,1.0188880992541507,1.1205663076525976,0.10167820839844688,0.010338458063117993
SR (SelectKBest + LR),2011,1.070132864594867,1.077516707905327,0.007383843310460048,5.45211420334256e-05
SR (SelectKBest + LR),2011,0.8734484779246734,1.1592004250395935,0.28575194711492014,0.08165417527996811
SR (SelectKBest + LR),2011,1.031121208460998,1.0211888366601132,-0.009932371800884798,9.865200959101153e-05
SR (SelectKBest + LR),2011,0.8055928065209723,1.0211888366601132,0.21559603013914086,0.046481648211757334
SR (SelectKBest + LR),2011,0.9768128428756112,1.1398466123784665,0.1630337695028553,0.026580009998310155
SR (SelectKBest + LR),2011,0.8721842509186707,1.077516707905327,0.20533245698665625,0.04216141789217704
SR (SelectKBest + LR),2011,2.621812874701313,1.1349513346653022,-1.4868615400360108,2.2107572392382577
SR (SelectKBest + LR),2011,1.3345463939868156,1.1349513346653022,-0.19959505932151345,0.03983818770555847
SR (SelectKBest + LR),2011,0.7782585571479638,1.0696274804106678,0.291368923262704,0.0848958494432675
SR (SelectKBest + LR),2011,0.8608920277799719,1.033820616276631,0.17292858849665915,0.029904296719446877
SR (SelectKBest + LR),2011,1.7166571818070973,0.8971701445345358,-0.8194870372725614,0.6715590042577605
SR (SelectKBest + LR),2011,0.646537454583876,1.1115797299854902,0.46504227540161414,0.21626431791071074
SR (SelectKBest + LR),2011,1.1530484969560464,1.1239069162920186,-0.029141580664027833,0.0008492317235980408
SR (SelectKBest + LR),2011,0.6324615378337951,0.8971701445345358,0.2647086067007407,0.07007064646144742
SR (SelectKBest + LR),2011,1.2816185788477956,0.9901049419141028,-0.2915136369336928,0.08498020051830887
SR (SelectKBest + LR),2011,0.6658940629089221,0.9935209319421239,0.3276268690332018,0.10733936531249878
SR (SelectKBest + LR),2011,0.7890323862327344,1.1134218672222882,0.3243894809895538,0.10522853537667207
SR (SelectKBest + LR),2011,1.118543119868615,1.033820616276631,-0.08472250359198408,0.007177902614893755
SR (SelectKBest + LR),2011,0.9464947271833696,1.1592004250395935,0.21270569785622395,0.04524371390050323
SR (SelectKBest + LR),2011,1.0221241561780916,1.1434484759028716,0.12132431972477997,0.014719590556680635
SR (SelectKBest + LR),2011,0.68222780040418,1.1134218672222882,0.43119406681810823,0.1859283232591392
SR (SelectKBest + LR),2011,0.9265129291689712,1.141687539534403,0.21517461036543184,0.046300112945915406
SR (SelectKBest + LR),2011,0.681096140395448,1.0881860070044465,0.4070898666089985,0.16572215949573219
SR (SelectKBest + LR),2011,0.6455248237886145,1.0881860070044465,0.4426611832158319,0.19594892312604031
SR (SelectKBest + LR),2011,0.8522026467631862,1.1253652585529763,0.27316261178979007,0.07461781247981955
SR (SelectKBest + LR),2011,0.5946710218247815,1.1253652585529763,0.5306942367281948,0.28163637289652127
SR (SelectKBest + LR),2011,0.8979952561820231,1.1253652585529763,0.22737000237095317,0.05169711797816725
SR (SelectKBest + LR),2011,0.5779682876653658,1.1134218672222882,0.5354535795569224,0.2867105358603214
SR (SelectKBest + LR),2011,0.9772858536243498,0.9935209319421239,0.016235078317774043,0.00026357776798425684
SR (SelectKBest + LR),2011,0.9747231994217942,1.1205663076525976,0.14584310823080338,0.021270212218421826
SR (SelectKBest + LR),2011,1.078508103192489,0.9935209319421239,-0.08498717125036515,0.007222819277138892
SR (SelectKBest + LR),2011,0.8826652129074283,0.9935209319421239,0.1108557190346956,0.012288990442699372
SR (SelectKBest + LR),2011,1.030956241811701,1.033820616276631,0.0028643744649299308,8.204641075342627e-06
SR (SelectKBest + LR),2011,1.6483924797053071,1.0243579834512662,-0.624034496254041,0.38941905251503467
SR (SelectKBest + LR),2011,0.8917208536494925,1.143018602878547,0.25129774922905446,0.06315055876758874
SR (SelectKBest + LR),2011,0.3919999999999999,1.1253652585529763,0.7333652585529764,0.537824602452474
SR (SelectKBest + LR),2011,0.779015847682969,1.0881860070044465,0.3091701593214774,0.09558618741486771
SR (SelectKBest + LR),2011,0.9577094343998178,1.0746367097105265,0.11692727531070868,0.013671987711586264
SR (SelectKBest + LR),2011,0.8064167791851329,1.021188836488424,0.2147720573032912,0.04612703659828819
SR (SelectKBest + LR),2011,0.8130241309021906,1.1134218670795841,0.3003977361773935,0.09023879990050292
PCASR (SelectKBest + PCA + LR),1996,0.9076188374532914,1.0000350057725163,0.09241616831922483,0.008540748166807296
PCASR (SelectKBest + PCA + LR),1996,1.3531972192805926,1.0019607744929202,-0.35123644478767235,0.1233670401470836
PCASR (SelectKBest + PCA + LR),1996,1.0113669844663766,1.021305810892072,0.009938826425695435,9.87802707201019e-05
PCASR (SelectKBest + PCA + LR),1996,1.052019558931054,1.0417175713154565,-0.010301987615597419,0.00010613094883192259
PCASR (SelectKBest + PCA + LR),1996,1.2984707276117946,1.011505971184333,-0.28696475642746155,0.08234877143147233
PCASR (SelectKBest + PCA + LR),1996,1.023076574326516,0.9956709992507193,-0.027405575075796662,0.0007510655452351272
PCASR (SelectKBest + PCA + LR),1996,0.827454123702698,1.0122219923358804,0.1847678686331824,0.03413916527924895
PCASR (SelectKBest + PCA + LR),1996,1.00744566673764,1.0025605180721096,-0.004885148665530359,2.3864677484333045e-05
PCASR (SelectKBest + PCA + LR),1996,1.2381553711285411,1.0034581864113281,-0.23469718471721301,0.05508276851418561
PCASR (SelectKBest + PCA + LR),1996,0.868873357641703,0.9787235346404113,0.10985017699870825,0.01206706138664753
PCASR (SelectKBest + PCA + LR),1996,0.8366682862485648,1.0065900784763229,0.16992179222775805,0.028873415473893375
PCASR (SelectKBest + PCA + LR),1996,1.5932526016099349,1.0095628311061846,-0.5836897705037503,0.3406937481907206
PCASR (SelectKBest + PCA + LR),1996,1.345442731277534,1.0080976276728966,-0.33734510360463754,0.11380171892602364
PCASR (SelectKBest + PCA + LR),1996,1.0337582105841956,1.0207579573072223,-0.013000253276973295,0.0001690065852654549
PCASR (SelectKBest + PCA + LR),1996,0.9678906647157028,0.9900811352393551,0.022190470523652306,0.0004924169820610818
PCASR (SelectKBest + PCA + LR),1996,1.1919975301291157,1.0092963403347008,-0.18270118979441485,0.033379724752294795
PCASR (SelectKBest + PCA + LR),1996,1.4033012847352602,0.9914942610176508,-0.41180702371760936,0.16958502478315568
PCASR (SelectKBest + PCA + LR),1996,0.9283888689999004,1.0341031325986119,0.1057142635987115,0.011175505528217859
PCASR (SelectKBest + PCA + LR),1996,0.9812812468155516,1.007657429143189,0.026376182327637387,0.0006957029941807708
PCASR (SelectKBest + PCA + LR),1996,1.0291860885787636,0.9742704070079473,-0.05491568157081628,0.0030157320823872907
PCASR (SelectKBest + PCA + LR),1996,0.8079544201169555,1.0463884161182948,0.2384339960013393,0.056850770449166685
PCASR (SelectKBest + PCA + LR),1996,1.0120656620699702,1.011505971184333,-0.0005596908856371208,3.132538874652646e-07
PCASR (SelectKBest + PCA + LR),1996,1.065022435967996,1.0303581775127422,-0.034664258455253893,0.001201610814252641
PCASR (SelectKBest + PCA + LR),1996,0.9362755497067032,1.0081674207376605,0.07189187103095729,0.005168441120331796
PCASR (SelectKBest + PCA + LR),1996,1.5917711555505898,0.9914536959173327,-0.6003174596332571,0.3603810523405273
PCASR (SelectKBest + PCA + LR),1996,0.9642987071481712,1.025761323218013,0.06146261606984171,0.003777653174148765
PCASR (SelectKBest + PCA + LR),1996,1.4697654476990154,1.0351468719664774,-0.43461857573253804,0.1888933063717799
PCASR (SelectKBest + PCA + LR),1996,1.0073769485603832,1.0303581775127422,0.02298122895235899,0.0005281368841607431
PCASR (SelectKBest + PCA + LR),1996,1.066720247168906,1.01682689627851,-0.049893350890395816,0.002489346463072161
PCASR (SelectKBest + PCA + LR),1996,1.0216819487496491,1.021332309627573,-0.00034963912207608416,1.222475156861349e-07
PCASR (SelectKBest + PCA + LR),1996,2.007977683222508,1.0138314925158847,-0.9941461907066231,0.9883266484964895
PCASR (SelectKBest + PCA + LR),1996,1.0553915835675969,1.038234251270439,-0.01715733229715788,0.00029437405155509686
PCASR (SelectKBest + PCA + LR),1996,0.8185037389081928,1.0130250349851102,0.19452129607691737,0.03783853462744375
PCASR (SelectKBest + PCA + LR),1996,1.107954903654205,1.0375149545605584,-0.07043994909364648,0.004961786428315507
PCASR (SelectKBest + PCA + LR),1996,0.7591862057409975,1.0552932519791223,0.2961070462381248,0.08767938283186696
PCASR (SelectKBest + PCA + LR),1996,0.8788311583856374,0.9960461022444176,0.11721494385878017,0.013739343063816988
PCASR (SelectKBest + PCA + LR),1996,1.2270245814653629,1.0138314925158847,-0.2131930889494782,0.04545129317582012
PCASR (SelectKBest + PCA + LR),1996,1.0306562666359829,1.029435169725019,-0.001221096910963837,1.4910776659654248e-06
PCASR (SelectKBest + PCA + LR),1996,1.154863352948794,1.021305810892072,-0.13355754205672188,0.017837617040233032
PCASR (SelectKBest + PCA + LR),1996,0.9811497022679068,1.021305810892072,0.0401561086241653,0.0016125130598357627
PCASR (SelectKBest + PCA + LR),1996,1.118796054888894,0.9831407383233249,-0.13565531656556906,0.018402364912504757
PCASR (SelectKBest + PCA + LR),1996,1.0426798419613257,1.0490179166561429,0.006338074694817175,4.0171190837081827e-05
PCASR (SelectKBest + PCA + LR),1996,0.960546333846467,1.040347578487551,0.07980124464108407,0.006368238646266149
PCASR (SelectKBest + PCA + LR),1996,1.0494252495086802,1.038234251270439,-0.011190998238241212,0.00012523844156831792
PCASR (SelectKBest + PCA + LR),1996,1.3899052706012598,1.0130250349851102,-0.3768802356161496,0.14203871199808443
PCASR (SelectKBest + PCA + LR),1996,1.0706374940022456,1.0130250349851102,-0.05761245901713541,0.0033191954340011072
PCASR (SelectKBest + PCA + LR),1996,0.8987685305856873,1.030905054360023,0.13213652377433582,0.017460060915165616
PCASR (SelectKBest + PCA + LR),1996,0.8297965774327739,1.040347578487551,0.2105510010547772,0.04433172404516879
PCASR (SelectKBest + PCA + LR),1996,2.0822468020866203,1.025761323218013,-1.0564854788686073,1.1161615670602305
PCASR (SelectKBest + PCA + LR),1996,1.397387476464373,1.025761323218013,-0.37162615324636006,0.13810599777668708
PCASR (SelectKBest + PCA + LR),1996,1.0332458943830274,1.0275078567250846,-0.005738037657942785,3.292507616396952e-05
PCASR (SelectKBest + PCA + LR),1996,1.0483812981775336,1.01682689627851,-0.031554401899023476,0.0009956802792050964
PCASR (SelectKBest + PCA + LR),1996,1.809885848101864,1.021663478118329,-0.7882223699835351,0.6212945045424609
PCASR (SelectKBest + PCA + LR),1996,0.7816295653358022,1.0399854315683617,0.25835586623255946,0.06674775361677616
PCASR (SelectKBest + PCA + LR),1996,1.590946874545642,1.0226175745299118,-0.5683293000157303,0.32299819325637
PCASR (SelectKBest + PCA + LR),1996,1.23723819661411,1.021663478118329,-0.21557471849578103,0.046472459254535234
PCASR (SelectKBest + PCA + LR),1996,1.7268725701408305,1.000814470072818,-0.7260581000680124,0.5271603646743719
PCASR (SelectKBest + PCA + LR),1996,1.1025841719228056,1.0138314925158847,-0.08875267940692089,0.00787703810190768
PCASR (SelectKBest + PCA + LR),1996,1.1740326018547078,1.0264260359934352,-0.14760656586127263,0.021787698285358214
PCASR (SelectKBest + PCA + LR),1996,1.0587033545943625,1.01682689627851,-0.041876458315852405,0.001753637761079324
PCASR (SelectKBest + PCA + LR),1996,1.0704963464625985,1.038234251270439,-0.0322620951921595,0.0010408427861879612
PCASR (SelectKBest + PCA + LR),1996,1.0043093218007804,1.0584962100644053,0.054186888263624944,0.0029362188596945746
PCASR (SelectKBest + PCA + LR),1996,1.2139334808845226,1.0264260359934352,-0.1875074448910874,0.03515904188958418
PCASR (SelectKBest + PCA + LR),1996,0.9723559782976195,1.0652012288901338,0.09284525059251425,0.008620240557586768
PCASR (SelectKBest + PCA + LR),1996,0.864228846900315,1.033004133734731,0.16877528683441612,0.028485097446039435
PCASR (SelectKBest + PCA + LR),1996,1.1258392585467685,1.033004133734731,-0.09283512481203737,0.008618360398866556
PCASR (SelectKBest + PCA + LR),1996,1.0392024566287204,1.028032437353024,-0.011170019275696275,0.00012476933061942634
PCASR (SelectKBest + PCA + LR),1996,1.0519124175070789,1.028032437353024,-0.023879980154054792,0.0005702534521580508
PCASR (SelectKBest + PCA + LR),1996,1.0549364244330235,1.028032437353024,-0.026903987079999414,0.0007238245208007754
PCASR (SelectKBest + PCA + LR),1996,1.172810971893567,1.0264260359934352,-0.1463849359001319,0.021428549458485727
PCASR (SelectKBest + PCA + LR),1996,2.205,1.0264260359934352,-1.178573964006565,1.3890365886341478
PCASR (SelectKBest + PCA + LR),1996,1.229271767168791,1.0138314925158847,-0.21544027465290627,0.046414511942519686
PCASR (SelectKBest + PCA + LR),1996,1.1837592164518531,1.0490179166561429,-0.13474129979571026,0.01815521787063747
PCASR (SelectKBest + PCA + LR),1996,0.9541261445880698,1.0138314925158847,0.0597053479278149,0.003564728571181431
PCASR (SelectKBest + PCA + LR),1996,1.1514339715108688,1.0138314925158847,-0.13760247899498412,0.01893444222556505
PCASR (SelectKBest + PCA + LR),1996,1.057027247853645,1.01682689627851,-0.04020035157513502,0.0016160682667644606
PCASR (SelectKBest + PCA + LR),1996,1.323646829753764,1.021305810892072,-0.30234101886169196,0.09141009168632597
PCASR (SelectKBest + PCA + LR),1996,0.9916694519173028,1.0639994872019465,0.07233003528464366,0.005231634004277797
PCASR (SelectKBest + PCA + LR),1996,0.9815060171906096,1.028032437353024,0.046526420162414484,0.002164707773129529
PCASR (SelectKBest + PCA + LR),1996,0.9669416198937688,1.033004133734731,0.06606251384096229,0.004364255734987334
PCASR (SelectKBest + PCA + LR),1996,1.145876291516292,1.029435169725019,-0.11644112179127286,0.01355853484401004
PCASR (SelectKBest + PCA + LR),1996,1.0128711836791666,1.0130250349851102,0.00015385130594358642,2.367022434054703e-08
PCASR (SelectKBest + PCA + LR),1996,1.1629397691291972,1.0264260359934352,-0.13651373313576198,0.018635999334662038
PCASR (SelectKBest + PCA + LR),1997,0.8597996130792982,1.0352741433600483,0.1754745302807501,0.030791310777249885
PCASR (SelectKBest + PCA + LR),1997,0.9458286430612316,1.042729023816829,0.09690038075559737,0.009389683790579745
PCASR (SelectKBest + PCA + LR),1997,0.8716994941452376,1.0538770803157527,0.18217758617051505,0.03318867290291544
PCASR (SelectKBest + PCA + LR),1997,0.7505928814764826,1.0481539170340166,0.297561035557534,0.08854256988207201
PCASR (SelectKBest + PCA + LR),1997,1.085317673208864,1.024587642605131,-0.060730030603733054,0.003688136617130353
PCASR (SelectKBest + PCA + LR),1997,0.8689524976811672,1.028874986803576,0.1599224891224088,0.025575202527106964
PCASR (SelectKBest + PCA + LR),1997,0.6447610988646859,1.0362037817173315,0.3914426828526456,0.1532273739588769
PCASR (SelectKBest + PCA + LR),1997,0.8693490202943795,1.0560730679566421,0.18672404766226258,0.03486586997537891
PCASR (SelectKBest + PCA + LR),1997,1.1360395186057182,1.0532216148600015,-0.08281790374571663,0.006858805180834784
PCASR (SelectKBest + PCA + LR),1997,0.7860313106606743,1.0229383324367574,0.23690702177608303,0.05612493696681348
PCASR (SelectKBest + PCA + LR),1997,0.7696237112104275,1.032404638612814,0.26278092740238657,0.06905381580645836
PCASR (SelectKBest + PCA + LR),1997,1.3484667029738544,1.0410470981355409,-0.30741960483831354,0.09450681343894485
PCASR (SelectKBest + PCA + LR),1997,0.8756391935223565,1.053622862009428,0.17798366848707137,0.03167818624811572
PCASR (SelectKBest + PCA + LR),1997,0.9591871342471396,1.035394516735411,0.07620738248827141,0.005807565145713696
PCASR (SelectKBest + PCA + LR),1997,0.7209172743694012,1.052112851902346,0.3311955775329447,0.10969051057738079
PCASR (SelectKBest + PCA + LR),1997,0.7247752451734514,1.0362037817173315,0.31142853654388014,0.09698773337386289
PCASR (SelectKBest + PCA + LR),1997,1.1097283564052771,1.0546920964213602,-0.055036259983916924,0.003028989913017295
PCASR (SelectKBest + PCA + LR),1997,0.6241874097091946,1.0385319422534127,0.4143445325442181,0.1716813916492866
PCASR (SelectKBest + PCA + LR),1997,0.8213369337246321,1.057391128057166,0.23605419433253383,0.05572158266198165
PCASR (SelectKBest + PCA + LR),1997,0.6543086103159583,1.052290588720387,0.3979819784044287,0.15838965513470318
PCASR (SelectKBest + PCA + LR),1997,0.7431279398406736,1.0781166081132676,0.334988668272594,0.11221740787104602
PCASR (SelectKBest + PCA + LR),1997,0.92917686077763,1.024587642605131,0.09541078182750107,0.009103217288935008
PCASR (SelectKBest + PCA + LR),1997,1.0277990979141691,1.0482391183317932,0.02044002041762405,0.00041779443467288805
PCASR (SelectKBest + PCA + LR),1997,0.6089387128149912,1.0365298165103194,0.42759110369532816,0.18283415195938887
PCASR (SelectKBest + PCA + LR),1997,1.0889636560732532,1.0288002920317925,-0.06016336404146072,0.003619630372785329
PCASR (SelectKBest + PCA + LR),1997,0.8102474467488103,1.046178781312957,0.23593133456414672,0.05566359462921933
PCASR (SelectKBest + PCA + LR),1997,1.1065025394086532,1.0410470981355409,-0.06545544127311231,0.004284414792257855
PCASR (SelectKBest + PCA + LR),1997,1.041119865653252,1.0482391183317932,0.007119252678541077,5.06837587009143e-05
PCASR (SelectKBest + PCA + LR),1997,1.0275956938296786,1.0546920964213602,0.027096402591681557,0.000734215033410487
PCASR (SelectKBest + PCA + LR),1997,0.8327043401335178,1.035692563385461,0.2029882232519432,0.04120421877898074
PCASR (SelectKBest + PCA + LR),1997,1.1328447871311411,1.052112851902346,-0.08073193522879518,0.00651764536578638
PCASR (SelectKBest + PCA + LR),1997,0.8413165118943252,1.057391128057166,0.21607461616284074,0.04668823974991895
PCASR (SelectKBest + PCA + LR),1997,0.9098557046495002,1.0547371254528386,0.14488142080333843,0.020990626093994026
PCASR (SelectKBest + PCA + LR),1997,0.932305213806544,1.0557902516991093,0.12348503789256537,0.015248554583328307
PCASR (SelectKBest + PCA + LR),1997,0.8526993595773268,1.0589055310392483,0.20620617146192155,0.04252098514898339
PCASR (SelectKBest + PCA + LR),1997,0.815029821861121,1.028874986803576,0.21384516494245498,0.04572975456926578
PCASR (SelectKBest + PCA + LR),1997,0.9769416476094892,1.0571834311622001,0.08024178355271094,0.006438743827720112
PCASR (SelectKBest + PCA + LR),1997,1.0078227069918688,1.0538770803157527,0.046054373323883846,0.002121005302255664
PCASR (SelectKBest + PCA + LR),1997,0.9636064101813286,1.0538770803157527,0.09027067013442402,0.008148793886517994
PCASR (SelectKBest + PCA + LR),1997,0.9497848329948582,1.0305913394772883,0.08080650648243015,0.006529691489895026
PCASR (SelectKBest + PCA + LR),1997,0.8311024079093823,1.05861802411929,0.22751561620990768,0.05176335561937401
PCASR (SelectKBest + PCA + LR),1997,0.810750263834169,1.0857458308051522,0.27499556697098315,0.07562256185369248
PCASR (SelectKBest + PCA + LR),1997,0.9008054146608888,1.057391128057166,0.15658571339627714,0.024519085639821046
PCASR (SelectKBest + PCA + LR),1997,0.7304305405301819,1.0547371254528386,0.32430658492265674,0.10517476102419637
PCASR (SelectKBest + PCA + LR),1997,0.649045235204063,1.0547371254528386,0.4056918902487756,0.1645859098136246
PCASR (SelectKBest + PCA + LR),1997,0.7522848769704573,1.05112013305822,0.29883525608776274,0.08930251028103874
PCASR (SelectKBest + PCA + LR),1997,0.7941589353795899,1.0857458308051522,0.29158689542556226,0.08502291758391778
PCASR (SelectKBest + PCA + LR),1997,1.889460910406348,1.046178781312957,-0.843282129093391,0.7111247492482825
PCASR (SelectKBest + PCA + LR),1997,1.347097790107921,1.046178781312957,-0.300919008794964,0.09055224985414363
PCASR (SelectKBest + PCA + LR),1997,0.9131778278322944,1.053622862009428,0.1404450341771335,0.019724807625016196
PCASR (SelectKBest + PCA + LR),1997,0.9361598252024425,1.0546920964213602,0.11853227121891774,0.014049899320315074
PCASR (SelectKBest + PCA + LR),1997,1.1220742343945445,1.0550068727524968,-0.06706736164204763,0.004498030997625201
PCASR (SelectKBest + PCA + LR),1997,0.6584611525602418,0.998712990910781,0.3402518383505392,0.11577131350092144
PCASR (SelectKBest + PCA + LR),1997,1.3512347049140037,1.046692935926258,-0.30454176898774565,0.09274568905818543
PCASR (SelectKBest + PCA + LR),1997,1.3192468862142397,1.0550068727524968,-0.26424001346174286,0.06982278471426205
PCASR (SelectKBest + PCA + LR),1997,1.0254771824897315,1.052290588720387,0.026813406230655534,0.0007189587536901571
PCASR (SelectKBest + PCA + LR),1997,0.856326107535964,1.052112851902346,0.19578674436638188,0.03833244926958697
PCASR (SelectKBest + PCA + LR),1997,1.0320131410455122,1.0532216148600015,0.021208473814489315,0.00044979936153987895
PCASR (SelectKBest + PCA + LR),1997,0.9310987013181476,1.0546920964213602,0.12359339510321254,0.015275327313138803
PCASR (SelectKBest + PCA + LR),1997,0.8338703361570701,1.057391128057166,0.22352079190009588,0.04996154441164597
PCASR (SelectKBest + PCA + LR),1997,0.9411660462012108,1.0713810872688014,0.13021504106759063,0.016955956920234314
PCASR (SelectKBest + PCA + LR),1997,1.051610290544852,1.0532216148600015,0.0016113243151494316,2.596366048591785e-06
PCASR (SelectKBest + PCA + LR),1997,0.9273916482847004,1.078080311311103,0.1506886630264026,0.022707073164684715
PCASR (SelectKBest + PCA + LR),1997,0.7394155045989408,1.0362037817173315,0.29678827711839073,0.0880832814349027
PCASR (SelectKBest + PCA + LR),1997,0.8904514720590138,1.0362037817173315,0.14575230965831776,0.021243735770734146
PCASR (SelectKBest + PCA + LR),1997,0.9015317970767408,1.0560730679566421,0.15454127087990133,0.02388300440517504
PCASR (SelectKBest + PCA + LR),1997,0.9130531342926488,1.0560730679566421,0.14301993366399335,0.020454701425253057
PCASR (SelectKBest + PCA + LR),1997,0.9499395155789884,1.0560730679566421,0.10613355237765376,0.011264330940300174
PCASR (SelectKBest + PCA + LR),1997,1.0845105615028214,1.0532216148600015,-0.03128894664281989,0.0009789981820172303
PCASR (SelectKBest + PCA + LR),1997,0.8965758335363622,1.0532216148600015,0.15664578132363938,0.024537900806493446
PCASR (SelectKBest + PCA + LR),1997,1.1314118579453163,1.052112851902346,-0.07929900604297035,0.006288332359403049
PCASR (SelectKBest + PCA + LR),1997,1.0020489839210645,1.05861802411929,0.056569040198225506,0.0032000563089484534
PCASR (SelectKBest + PCA + LR),1997,0.6697284059631434,1.052112851902346,0.3823844459392025,0.1462178644962309
PCASR (SelectKBest + PCA + LR),1997,1.032413443915129,1.052112851902346,0.019699407987217032,0.00038806667504683024
PCASR (SelectKBest + PCA + LR),1997,1.015641215051892,1.0546920964213602,0.039050881369468105,0.0015249713357322712
PCASR (SelectKBest + PCA + LR),1997,1.1083163935296263,1.0538770803157527,-0.05443931321387363,0.002963638823198236
PCASR (SelectKBest + PCA + LR),1997,0.7650961249901367,1.0634451448058795,0.2983490198157428,0.08901213762501449
PCASR (SelectKBest + PCA + LR),1997,0.7637706491942385,1.0560730679566421,0.2923024187624036,0.08544070401435155
PCASR (SelectKBest + PCA + LR),1997,0.7902147093164511,1.0362037817173315,0.24598907240088042,0.060510623740645586
PCASR (SelectKBest + PCA + LR),1997,1.1637883046105846,1.0571834311622001,-0.10660487344838443,0.01136459904294606
PCASR (SelectKBest + PCA + LR),1997,0.9897403146415444,1.0547371254528386,0.06499681081129416,0.004224585415639165
PCASR (SelectKBest + PCA + LR),1997,1.018700334225177,1.0532216148600015,0.034521280634824514,0.00119171881666831
PCASR (SelectKBest + PCA + LR),1998,0.9385021821927714,1.0391195656878747,0.1006173834951033,0.010123857861400685
PCASR (SelectKBest + PCA + LR),1998,1.1062054371474617,1.0876678042623895,-0.018537632885072153,0.0003436438329817085
PCASR (SelectKBest + PCA + LR),1998,1.0098322728506668,1.0959478237310132,0.08611555088034639,0.007415888103425528
PCASR (SelectKBest + PCA + LR),1998,1.1726378420810142,1.0408303271651547,-0.1318075149158595,0.017373220988294528
PCASR (SelectKBest + PCA + LR),1998,0.9650633464238604,1.0572059880736486,0.09214264164978825,0.008490266410201293
PCASR (SelectKBest + PCA + LR),1998,0.8198125593268719,1.0968716473618723,0.27705908803500034,0.07676173826278607
PCASR (SelectKBest + PCA + LR),1998,0.9491616147109044,1.0771022449163656,0.1279406302054612,0.01636880485737057
PCASR (SelectKBest + PCA + LR),1998,1.0424244572257837,1.0741371091026615,0.03171265187687777,0.0010056922890640393
PCASR (SelectKBest + PCA + LR),1998,0.9232064559162034,1.0406116439451756,0.11740518802897215,0.013783978176118306
PCASR (SelectKBest + PCA + LR),1998,1.0196074230948646,1.072362498535612,0.05275507544074731,0.00278309798475894
PCASR (SelectKBest + PCA + LR),1998,1.0302928689828028,1.0828466774845336,0.05255380850173075,0.002761902788036587
PCASR (SelectKBest + PCA + LR),1998,0.9174579626560134,1.102618724042712,0.18516076138669868,0.03428450755730197
PCASR (SelectKBest + PCA + LR),1998,1.0123473425577536,1.0776686804209374,0.06532133786318384,0.0042668771802362145
PCASR (SelectKBest + PCA + LR),1998,0.9401267901118092,1.083275701153142,0.14314891104133276,0.0204916107323194
PCASR (SelectKBest + PCA + LR),1998,0.9646406266683708,1.0968716473618723,0.13223102069350146,0.01748504283364521
PCASR (SelectKBest + PCA + LR),1998,1.5230179380876,1.085732329761277,-0.437285608326323,0.19121870324932239
PCASR (SelectKBest + PCA + LR),1998,0.8256964027551719,1.1018006456576535,0.2761042429024816,0.07623355294875256
PCASR (SelectKBest + PCA + LR),1998,0.8431809361646939,1.1157071664557778,0.2725262302910839,0.07427054619666891
PCASR (SelectKBest + PCA + LR),1998,0.9599273796390544,1.0653476407179188,0.10542026107886437,0.011113431445935927
PCASR (SelectKBest + PCA + LR),1998,0.6909875094311014,1.147031066734903,0.45604355730380164,0.2079757261583058
PCASR (SelectKBest + PCA + LR),1998,0.9912464020542452,1.0408303271651547,0.04958392511090948,0.0024585656294042794
PCASR (SelectKBest + PCA + LR),1998,0.9446935581929304,1.1074553138356613,0.16276175564273088,0.026491389099904037
PCASR (SelectKBest + PCA + LR),1998,0.8495923469767666,1.0521638576539905,0.2025715106772239,0.041035216938052635
PCASR (SelectKBest + PCA + LR),1998,1.3723948052091466,1.0523494202156836,-0.320045384993463,0.10242904845561397
PCASR (SelectKBest + PCA + LR),1998,0.9714885911307152,1.0878128044854214,0.11632421335470622,0.013531322612591212
PCASR (SelectKBest + PCA + LR),1998,0.974036172416535,1.0828466774845336,0.10881050506799861,0.011839726013152951
PCASR (SelectKBest + PCA + LR),1998,0.7284915716471602,1.1074553138356613,0.37896374218850115,0.14361351789351276
PCASR (SelectKBest + PCA + LR),1998,1.0759430696062418,1.085732329761277,0.00978926015503534,9.582961438296252e-05
PCASR (SelectKBest + PCA + LR),1998,0.9179186377043425,1.0924853234461607,0.17456668574181822,0.03047352777088272
PCASR (SelectKBest + PCA + LR),1998,1.0060240000332188,1.083275701153142,0.07725170111992319,0.005967825325921942
PCASR (SelectKBest + PCA + LR),1998,0.9596710708119436,1.1157071664557778,0.15603609564383425,0.02434726314377179
PCASR (SelectKBest + PCA + LR),1998,1.0531411548732237,1.080537169721024,0.0273960148478003,0.0007505416295408944
PCASR (SelectKBest + PCA + LR),1998,1.0461750932616878,1.1263795651994826,0.08020447193779479,0.0064327573188205115
PCASR (SelectKBest + PCA + LR),1998,0.9668678119257388,1.0905465538146186,0.12367874188887984,0.01529643119521616
PCASR (SelectKBest + PCA + LR),1998,0.9189016757698604,1.0572059880736486,0.13830431230378826,0.019128082801823796
PCASR (SelectKBest + PCA + LR),1998,0.3783540310701421,1.083275701153142,0.7049216700829999,0.4969145609526057
PCASR (SelectKBest + PCA + LR),1998,0.9175562706045052,1.0816792493666973,0.16412297876219217,0.026936352157774984
PCASR (SelectKBest + PCA + LR),1998,1.1558164047210162,1.0959478237310132,-0.05986858099000303,0.003584246989756552
PCASR (SelectKBest + PCA + LR),1998,1.0888036614344645,1.0959478237310132,0.007144162296548684,5.103905491942777e-05
PCASR (SelectKBest + PCA + LR),1998,1.0700619080139244,1.0357881249218635,-0.03427378309206097,0.0011746922074416446
PCASR (SelectKBest + PCA + LR),1998,0.958300875982272,1.1211554980608573,0.16285462207858536,0.026521627932358863
PCASR (SelectKBest + PCA + LR),1998,0.8241960942145481,1.1512295517944113,0.32703345757986324,0.10695088237664022
PCASR (SelectKBest + PCA + LR),1998,0.9614742850433472,1.1157071664557778,0.15423288141243063,0.023787781708780893
PCASR (SelectKBest + PCA + LR),1998,1.0488590342189903,1.080537169721024,0.03167813550203369,0.0010035042688852072
PCASR (SelectKBest + PCA + LR),1998,1.050473334547195,1.080537169721024,0.030063835173828934,0.0009038341853591539
PCASR (SelectKBest + PCA + LR),1998,0.919167095503768,1.1023154323736317,0.18314833686986376,0.0335433132981971
PCASR (SelectKBest + PCA + LR),1998,0.7569213723534018,1.1512295517944113,0.3943081794410095,0.15547894037408333
PCASR (SelectKBest + PCA + LR),1998,2.094010003614777,1.0878128044854214,-1.0061971991293555,1.0124328035357597
PCASR (SelectKBest + PCA + LR),1998,1.335150340063551,1.0878128044854214,-0.24733753557812954,0.0611758565058625
PCASR (SelectKBest + PCA + LR),1998,0.8365816338519445,1.102618724042712,0.2660370901907676,0.07077573335717062
PCASR (SelectKBest + PCA + LR),1998,1.0706758184056386,1.085732329761277,0.015056511355638458,0.00022669853420246983
PCASR (SelectKBest + PCA + LR),1998,0.5225959784649487,1.101554084992929,0.5789581065279804,0.3351924891144643
PCASR (SelectKBest + PCA + LR),1998,0.6529966370697977,1.0898227324294023,0.4368260953596046,0.19081703758711838
PCASR (SelectKBest + PCA + LR),1998,1.4101943515294686,1.074184956963115,-0.3360093945663536,0.11290231323684749
PCASR (SelectKBest + PCA + LR),1998,0.8956671204345868,1.101554084992929,0.2058869645583422,0.04238944217504806
PCASR (SelectKBest + PCA + LR),1998,1.2780856542248913,1.0653476407179188,-0.21273801350697252,0.04525746239089282
PCASR (SelectKBest + PCA + LR),1998,0.92412871600741,1.083275701153142,0.159146985145732,0.02532776288097584
PCASR (SelectKBest + PCA + LR),1998,1.142585570329595,1.0741371091026615,-0.0684484612269336,0.0046851918443350325
PCASR (SelectKBest + PCA + LR),1998,1.170834820014711,1.085732329761277,-0.08510249025343386,0.007242433847335805
PCASR (SelectKBest + PCA + LR),1998,0.9757348311334813,1.1157071664557778,0.13997233532229658,0.019592254655577436
PCASR (SelectKBest + PCA + LR),1998,0.8480861770663177,1.1508212749228013,0.30273509785648356,0.09164853947417467
PCASR (SelectKBest + PCA + LR),1998,0.9539020922655442,1.0741371091026615,0.12023501683711724,0.014456459273821866
PCASR (SelectKBest + PCA + LR),1998,0.9251967507117472,1.1694768391967054,0.2442800884849582,0.05967276163021901
PCASR (SelectKBest + PCA + LR),1998,0.7480311924888734,1.0968716473618723,0.34884045487299886,0.12168966295600075
PCASR (SelectKBest + PCA + LR),1998,0.9180268216406846,1.0968716473618723,0.17884482572118765,0.03198547168724199
PCASR (SelectKBest + PCA + LR),1998,0.8859401497073345,1.0771022449163656,0.19116209520903116,0.03654294664470669
PCASR (SelectKBest + PCA + LR),1998,0.9766441094376136,1.0771022449163656,0.10045813547875204,0.0100918369838673
PCASR (SelectKBest + PCA + LR),1998,1.140267800018302,1.0771022449163656,-0.06316555510193633,0.003989887351335755
PCASR (SelectKBest + PCA + LR),1998,1.0121140565764128,1.0741371091026615,0.06202305252624862,0.0038468590446737957
PCASR (SelectKBest + PCA + LR),1998,1.0384323982807573,1.0741371091026615,0.035704710821904184,0.0012748263748758018
PCASR (SelectKBest + PCA + LR),1998,0.8849803812702629,1.083275701153142,0.19829531988287907,0.03932103388745334
PCASR (SelectKBest + PCA + LR),1998,0.9958613771433172,1.1211554980608573,0.1252941209175401,0.015698616736499162
PCASR (SelectKBest + PCA + LR),1998,0.9354102775488068,1.083275701153142,0.1478654236043352,0.021864183497689486
PCASR (SelectKBest + PCA + LR),1998,1.1322688972980524,1.085732329761277,-0.046536567536775264,0.0021656521181048455
PCASR (SelectKBest + PCA + LR),1998,1.3149483173546122,1.0959478237310132,-0.21900049362359897,0.04796121620738001
PCASR (SelectKBest + PCA + LR),1998,0.8673282004699967,1.1467890218855734,0.2794608214155767,0.07809835070626886
PCASR (SelectKBest + PCA + LR),1998,0.8639634773821756,1.0771022449163656,0.21313876753419003,0.0454281342259935
PCASR (SelectKBest + PCA + LR),1998,0.8101572853468149,1.0968716473618723,0.2867143620150574,0.08220512538570139
PCASR (SelectKBest + PCA + LR),1998,0.8351922008759645,1.0816792493666973,0.24648704849073289,0.06075586507367291
PCASR (SelectKBest + PCA + LR),1998,1.0325187451004745,1.080537169721024,0.048018424620549505,0.0023057691030393948
PCASR (SelectKBest + PCA + LR),1998,1.095989326195202,1.0741371091026615,-0.021852217092540593,0.00047751939185952327
PCASR (SelectKBest + PCA + LR),1999,1.0138546241757878,1.062639031361985,0.04878440718619714,0.0023799183845086835
PCASR (SelectKBest + PCA + LR),1999,1.3832009808990249,1.076464130372225,-0.3067368505267998,0.0940874954711003
PCASR (SelectKBest + PCA + LR),1999,0.8163432263013691,1.0612416936254216,0.24489846732405252,0.05997525929767002
PCASR (SelectKBest + PCA + LR),1999,0.912781823560484,1.0762766720226482,0.16349484846216422,0.02673056547366604
PCASR (SelectKBest + PCA + LR),1999,1.1639076945619702,1.063551838528127,-0.10035585603384312,0.010071297840285445
PCASR (SelectKBest + PCA + LR),1999,0.7638723695061154,1.0492244932463823,0.28535212374026697,0.08142583452308064
PCASR (SelectKBest + PCA + LR),1999,0.5353233150954912,1.0604944893207557,0.5251711742252645,0.2758047622371431
PCASR (SelectKBest + PCA + LR),1999,1.1090121232404992,1.0695922268803173,-0.03941989636018195,0.001553928229047486
PCASR (SelectKBest + PCA + LR),1999,1.3507232233357875,1.0643760673884965,-0.286347155947291,0.08199469371910219
PCASR (SelectKBest + PCA + LR),1999,0.7640014091265099,1.0347454504379052,0.2707440413113953,0.07330233590562651
PCASR (SelectKBest + PCA + LR),1999,0.6584630593724525,1.0669953453330123,0.4085322859605598,0.1668986286721606
PCASR (SelectKBest + PCA + LR),1999,1.2737482615110882,1.07691005967432,-0.19683820183676826,0.03874527770233232
PCASR (SelectKBest + PCA + LR),1999,0.8287269836485592,1.0630342690043015,0.2343072853557423,0.05489990397077725
PCASR (SelectKBest + PCA + LR),1999,1.1350914229223914,1.0831413898694797,-0.05195003305291168,0.0026988059341986163
PCASR (SelectKBest + PCA + LR),1999,0.6900762576785864,1.0571614378370806,0.36708518015849423,0.13475152949199418
PCASR (SelectKBest + PCA + LR),1999,1.1950005426525685,1.0604944893207557,-0.13450605333181276,0.018091878382900457
PCASR (SelectKBest + PCA + LR),1999,1.5702435750105384,1.0536414869118333,-0.516602088098705,0.26687771742794214
PCASR (SelectKBest + PCA + LR),1999,1.276,1.0695922268803173,-0.20640777311968272,0.04260416880422642
PCASR (SelectKBest + PCA + LR),1999,0.7544577543822936,1.0709388160777795,0.31648106169548595,0.10016026241190198
PCASR (SelectKBest + PCA + LR),1999,0.6235683510541773,1.0802671085567712,0.4566987575025939,0.2085737551044131
PCASR (SelectKBest + PCA + LR),1999,1.0729162197480284,1.0367401946408166,-0.03617602510721185,0.0013087047925576221
PCASR (SelectKBest + PCA + LR),1999,0.960815674243086,1.11407640952774,0.153260735284654,0.02348885297999279
PCASR (SelectKBest + PCA + LR),1999,0.844061521919075,1.063551838528127,0.21949031660905205,0.04817599908514191
PCASR (SelectKBest + PCA + LR),1999,1.135629912477654,1.0931130093406412,-0.04251690313701295,0.0018076870523621418
PCASR (SelectKBest + PCA + LR),1999,1.0648440009859783,1.071576022184075,0.006732021198096794,4.532010941162459e-05
PCASR (SelectKBest + PCA + LR),1999,1.2720691826689672,1.0475341916939762,-0.22453499097499097,0.05041596217213928
PCASR (SelectKBest + PCA + LR),1999,0.7694445417721667,1.0697797924841634,0.30033525071199674,0.09020126282023794
PCASR (SelectKBest + PCA + LR),1999,1.1828413779877,1.07691005967432,-0.1059313183133801,0.011221444199610657
PCASR (SelectKBest + PCA + LR),1999,1.0198667543562945,1.0931130093406412,0.07324625498434667,0.0053650138692319296
PCASR (SelectKBest + PCA + LR),1999,1.157382642332594,1.0536414869118333,-0.10374115542076057,0.0107622273280344
PCASR (SelectKBest + PCA + LR),1999,0.8205157142090572,1.0694249727963119,0.24890925858725466,0.061955819010456804
PCASR (SelectKBest + PCA + LR),1999,1.29995781451228,1.0571614378370806,-0.2427963766751995,0.05895008052660535
PCASR (SelectKBest + PCA + LR),1999,0.7544314043995538,1.0802671085567712,0.3258357041572174,0.10616890610362971
PCASR (SelectKBest + PCA + LR),1999,1.270320197685772,1.0516334532416831,-0.21868674444408898,0.04782389219555428
PCASR (SelectKBest + PCA + LR),1999,1.2174168568646562,1.0954967069788972,-0.12192014988575894,0.014864522948165926
PCASR (SelectKBest + PCA + LR),1999,1.0102429017235377,1.1110548807796594,0.10081197905612171,0.010163055121211923
PCASR (SelectKBest + PCA + LR),1999,0.7197853395234245,1.0492244932463823,0.32943915372295784,0.10853015600569865
PCASR (SelectKBest + PCA + LR),1999,0.7302023810288826,1.0571614378370806,0.32695905680819803,0.10690222482890648
PCASR (SelectKBest + PCA + LR),1999,1.0759775172780406,1.0750351473491937,-0.0009423699288468868,8.880610827948864e-07
PCASR (SelectKBest + PCA + LR),1999,1.1169021700111028,1.0612416936254216,-0.05566047638568117,0.003098088631480971
PCASR (SelectKBest + PCA + LR),1999,1.0780160348628924,1.0612416936254216,-0.01677434123747079,0.0002813785239511131
PCASR (SelectKBest + PCA + LR),1999,1.2507804682850627,1.037417358439289,-0.21336310984577378,0.045523816643059725
PCASR (SelectKBest + PCA + LR),1999,0.8488275070153133,1.0958082591486042,0.24698075213329096,0.060999491924326105
PCASR (SelectKBest + PCA + LR),1999,1.1211094039908942,1.1191589309774503,-0.0019504730134438653,3.8043449761727924e-06
PCASR (SelectKBest + PCA + LR),1999,0.6323275054845772,1.0802671085567712,0.44793960307219405,0.20064988800047476
PCASR (SelectKBest + PCA + LR),1999,1.176450053692201,1.0516334532416831,-0.12481660045051779,0.015579183748024198
PCASR (SelectKBest + PCA + LR),1999,1.1227328842303193,1.0516334532416831,-0.07109943098863614,0.005055129086907833
PCASR (SelectKBest + PCA + LR),1999,1.1523042785287607,1.0945735514743766,-0.05773072705438409,0.003332836846227795
PCASR (SelectKBest + PCA + LR),1999,0.9781717494600892,1.1191589309774503,0.14098718151736112,0.019877385352209332
PCASR (SelectKBest + PCA + LR),1999,1.9353164049194844,1.0697797924841634,-0.865536612435321,0.749153627466011
PCASR (SelectKBest + PCA + LR),1999,1.4545376438068622,1.0697797924841634,-0.3847578513226988,0.14803860415446
PCASR (SelectKBest + PCA + LR),1999,0.6213746353843099,1.0630342690043015,0.4416596336199916,0.19506323196934522
PCASR (SelectKBest + PCA + LR),1999,1.1548554219940437,1.0536414869118333,-0.10121393508221033,0.010244260654825886
PCASR (SelectKBest + PCA + LR),1999,0.3467934419141794,1.0677510399650383,0.7209575980508589,0.5197798581872638
PCASR (SelectKBest + PCA + LR),1999,0.639174893290354,1.060452153752289,0.42127726046193503,0.17747453018231305
PCASR (SelectKBest + PCA + LR),1999,1.4881330994485578,1.0641354232152507,-0.4239976762333071,0.1797740294512443
PCASR (SelectKBest + PCA + LR),1999,1.158497392515409,1.0677510399650383,-0.09074635255037067,0.008234900501196164
PCASR (SelectKBest + PCA + LR),1999,1.410818375992901,1.0367401946408166,-0.37407818135208437,0.13993448576368292
PCASR (SelectKBest + PCA + LR),1999,1.247383041696956,1.0571614378370806,-0.1902216038598754,0.036184258575023366
PCASR (SelectKBest + PCA + LR),1999,1.2816058158432797,1.0643760673884965,-0.21722974845478316,0.04718876361372836
PCASR (SelectKBest + PCA + LR),1999,1.1492056024353072,1.0536414869118333,-0.09556411552347388,0.009132500175783861
PCASR (SelectKBest + PCA + LR),1999,0.7711527688137035,1.0802671085567712,0.3091143397430677,0.09555167503479267
PCASR (SelectKBest + PCA + LR),1999,0.873295804078234,1.1051448298293522,0.2318490257511182,0.05375397074174267
PCASR (SelectKBest + PCA + LR),1999,1.295650225268438,1.0643760673884965,-0.23127415787994154,0.053487736103076125
PCASR (SelectKBest + PCA + LR),1999,1.0633777760385517,1.1070466437414226,0.04366886770287093,0.0019069700064508436
PCASR (SelectKBest + PCA + LR),1999,0.5560432744730792,1.0604944893207557,0.5044512148476765,0.2544710281612967
PCASR (SelectKBest + PCA + LR),1999,0.7579895567541551,1.0604944893207557,0.3025049325666006,0.09150923422712358
PCASR (SelectKBest + PCA + LR),1999,1.270781504956465,1.0695922268803173,-0.20118927807614773,0.04047712561280149
PCASR (SelectKBest + PCA + LR),1999,1.2217349939874316,1.0695922268803173,-0.15214276710711427,0.023147421583009614
PCASR (SelectKBest + PCA + LR),1999,1.1916991113088329,1.0695922268803173,-0.12210688442851558,0.014910091224838861
PCASR (SelectKBest + PCA + LR),1999,1.358744479164896,1.0643760673884965,-0.2943684117763994,0.08665276185175982
PCASR (SelectKBest + PCA + LR),1999,0.722014251488471,1.0643760673884965,0.34236181590002557,0.117211612986363
PCASR (SelectKBest + PCA + LR),1999,1.524639272967247,1.0571614378370806,-0.4674778351301665,0.21853552633798712
PCASR (SelectKBest + PCA + LR),1999,1.1951050870867572,1.0958082591486042,-0.09929682793815298,0.009859860038579157
PCASR (SelectKBest + PCA + LR),1999,1.3686793284531564,1.0571614378370806,-0.3115178906160758,0.09704339617388938
PCASR (SelectKBest + PCA + LR),1999,1.133153630529398,1.0536414869118333,-0.07951214361756476,0.006322180982660244
PCASR (SelectKBest + PCA + LR),1999,1.3743405442789505,1.0612416936254216,-0.3130988506535288,0.09803089028056075
PCASR (SelectKBest + PCA + LR),1999,0.8170621560334922,1.0844993660224047,0.2674372099889125,0.07152266128665369
PCASR (SelectKBest + PCA + LR),1999,0.9649100219332098,1.0695922268803173,0.10468220494710745,0.010958364032588206
PCASR (SelectKBest + PCA + LR),1999,0.7246002058502048,1.0604944893207557,0.33589428347055095,0.11282496966819483
PCASR (SelectKBest + PCA + LR),1999,1.013103508245699,1.0750351473491937,0.06193163910349475,0.0038355279220455203
PCASR (SelectKBest + PCA + LR),1999,1.2801422977317356,1.0516334532416831,-0.2285088444900525,0.052216292010178994
PCASR (SelectKBest + PCA + LR),1999,1.3088089871152433,1.0643760673884965,-0.24443291972674674,0.05974745224614222
PCASR (SelectKBest + PCA + LR),2000,0.7136701616608675,0.8643249985488781,0.15065483688801062,0.022696879877753085
PCASR (SelectKBest + PCA + LR),2000,1.4661328991197724,1.0471440851713758,-0.4189888139483966,0.1755516262138841
PCASR (SelectKBest + PCA + LR),2000,1.0597831002124332,0.944189933684263,-0.1155931665281702,0.013361780148009287
PCASR (SelectKBest + PCA + LR),2000,0.8866497249854846,1.0192879560020576,0.13263823101657302,0.017592900327205792
PCASR (SelectKBest + PCA + LR),2000,1.007195581699887,0.9850428590640425,-0.022152722635844446,0.0004907431201806549
PCASR (SelectKBest + PCA + LR),2000,1.072625934765706,1.003955784885601,-0.06867014988010478,0.004715589484556054
PCASR (SelectKBest + PCA + LR),2000,0.9605538012699292,1.064848227312791,0.10429442604286188,0.010877327303609985
PCASR (SelectKBest + PCA + LR),2000,0.8271927603229026,0.8907078707088536,0.06351511038595103,0.004034169247339545
PCASR (SelectKBest + PCA + LR),2000,1.0372581783706414,0.9528048336494334,-0.08445334472120802,0.007132367434599195
PCASR (SelectKBest + PCA + LR),2000,1.06304486107575,0.9337228736013525,-0.12932198747439738,0.016724176444328193
PCASR (SelectKBest + PCA + LR),2000,0.8677832577084104,1.0488407789168022,0.1810575212083918,0.03278182598612725
PCASR (SelectKBest + PCA + LR),2000,1.4449656491346008,1.0658307377982135,-0.3791349113363873,0.1437432809940503
PCASR (SelectKBest + PCA + LR),2000,1.0148038939092794,1.0243512341333618,0.009547340224082435,9.115170535438243e-05
PCASR (SelectKBest + PCA + LR),2000,1.024220425617424,1.0771224895266285,0.05290206390920438,0.0027986283658535446
PCASR (SelectKBest + PCA + LR),2000,1.0167513230897431,0.9306671111411965,-0.08608421194854665,0.007410491546802302
PCASR (SelectKBest + PCA + LR),2000,0.9716136876956456,1.064848227312791,0.09323453961714545,0.008692679377621065
PCASR (SelectKBest + PCA + LR),2000,1.532283571245046,0.9156560004092342,-0.6166275708358118,0.38022956111487405
PCASR (SelectKBest + PCA + LR),2000,0.58,0.8907078707088536,0.31070787070885364,0.09653938092042971
PCASR (SelectKBest + PCA + LR),2000,0.9528876773806534,1.0946510823980082,0.14176340501735485,0.02009686300211459
PCASR (SelectKBest + PCA + LR),2000,0.987926461410726,1.081754363663568,0.09382790225284199,0.00880367524116887
PCASR (SelectKBest + PCA + LR),2000,1.1322311186799798,1.038801071498724,-0.09343004718125592,0.008729173716291706
PCASR (SelectKBest + PCA + LR),2000,0.89083377548687,1.1119518913804547,0.22111811589358465,0.04889322117632874
PCASR (SelectKBest + PCA + LR),2000,0.8660443456823075,0.9850428590640425,0.11899851338173506,0.014160646187062979
PCASR (SelectKBest + PCA + LR),2000,1.1034086771200895,1.1153326799494585,0.011924002829369007,0.00014218184347480008
PCASR (SelectKBest + PCA + LR),2000,0.7474148609642687,0.9067114289150158,0.1592965679507471,0.025375396560886984
PCASR (SelectKBest + PCA + LR),2000,1.5005383631069225,0.9819741268898298,-0.5185642362170927,0.2689088670834167
PCASR (SelectKBest + PCA + LR),2000,1.046446794631857,1.0465484117413488,0.00010161710949185832,1.0326036941480321e-08
PCASR (SelectKBest + PCA + LR),2000,1.083324965306489,1.0658307377982135,-0.01749422750827545,0.00030604799611130145
PCASR (SelectKBest + PCA + LR),2000,1.0332311431661765,1.1153326799494585,0.08210153678328203,0.006740662342176611
PCASR (SelectKBest + PCA + LR),2000,1.0793794969275885,0.9156560004092342,-0.16372349651835427,0.026805383312195563
PCASR (SelectKBest + PCA + LR),2000,0.9460939040598524,1.0802039289980345,0.13411002493818214,0.017985498788919835
PCASR (SelectKBest + PCA + LR),2000,1.0151507480721391,0.9306671111411965,-0.08448363693094263,0.007137484909079333
PCASR (SelectKBest + PCA + LR),2000,0.8600118787632348,1.081754363663568,0.22174248490033321,0.049169729609774504
PCASR (SelectKBest + PCA + LR),2000,0.723209656811724,0.9202937877075182,0.19708413089579424,0.03884215465095056
PCASR (SelectKBest + PCA + LR),2000,1.1470215207467307,1.1325909678118735,-0.014430552934857177,0.00020824085800571509
PCASR (SelectKBest + PCA + LR),2000,0.9695652544075536,1.202796533635272,0.23323127922771836,0.05439682961019793
PCASR (SelectKBest + PCA + LR),2000,1.0219882305798365,1.003955784885601,-0.018032445694235344,0.0003251690977155468
PCASR (SelectKBest + PCA + LR),2000,0.5903106887147653,0.9306671111411965,0.34035642242643116,0.11584249428691926
PCASR (SelectKBest + PCA + LR),2000,0.8084990290310952,0.8676824391442979,0.05918341011320272,0.0035026760326275458
PCASR (SelectKBest + PCA + LR),2000,1.1195016009332517,0.944189933684263,-0.17531166724898872,0.030734180673620146
PCASR (SelectKBest + PCA + LR),2000,1.1497734865500606,0.944189933684263,-0.20558355286579766,0.04226459720892422
PCASR (SelectKBest + PCA + LR),2000,0.8167265784590361,0.8901061098461943,0.07337953138715825,0.005384555626598942
PCASR (SelectKBest + PCA + LR),2000,1.0923666108642154,1.1031244766463784,0.010757865782162979,0.00011573167618703308
PCASR (SelectKBest + PCA + LR),2000,1.1681042259693193,1.1332601782484777,-0.0348440477208416,0.0012141076615722866
PCASR (SelectKBest + PCA + LR),2000,0.9687733500696948,1.081754363663568,0.11298101359387325,0.012764709432698971
PCASR (SelectKBest + PCA + LR),2000,1.259782310716149,0.9202937877075182,-0.33948852300863075,0.11525245725458161
PCASR (SelectKBest + PCA + LR),2000,1.0195274870926552,0.9202937877075182,-0.09923369938513693,0.009847327093659725
PCASR (SelectKBest + PCA + LR),2000,1.0143397794600324,1.1089870150277712,0.0946472355677388,0.008958099200615039
PCASR (SelectKBest + PCA + LR),2000,0.9911585907023877,1.1332601782484777,0.14210158754609004,0.020192861183119092
PCASR (SelectKBest + PCA + LR),2000,2.22270777779951,1.0465484117413488,-1.176159366058161,1.3833508543663353
PCASR (SelectKBest + PCA + LR),2000,1.5411919865151176,1.0465484117413488,-0.49464357477376875,0.24467226606497294
PCASR (SelectKBest + PCA + LR),2000,1.065499950108993,1.0243512341333618,-0.04114871597563119,0.0016932168264431654
PCASR (SelectKBest + PCA + LR),2000,1.1292965898259086,0.9156560004092342,-0.2136405894166744,0.04564230144630405
PCASR (SelectKBest + PCA + LR),2000,0.9535689402031288,0.9150993413676971,-0.03846959883543166,0.0014799100345590452
PCASR (SelectKBest + PCA + LR),2000,0.9519125054443978,1.0967695900693248,0.14485708462492708,0.020983574966033286
PCASR (SelectKBest + PCA + LR),2000,1.531674375644982,1.0036708415940483,-0.5280035340509337,0.2787877319702755
PCASR (SelectKBest + PCA + LR),2000,0.8411161587654856,0.9150993413676971,0.07398318260221148,0.005473511307952168
PCASR (SelectKBest + PCA + LR),2000,1.4082567255443077,1.038801071498724,-0.3694556540455838,0.13649748030625009
PCASR (SelectKBest + PCA + LR),2000,0.7398475362105202,0.9306671111411965,0.19081957493067625,0.036412110176723966
PCASR (SelectKBest + PCA + LR),2000,1.1127943541834595,0.9528048336494334,-0.15998952053402615,0.025596646680707574
PCASR (SelectKBest + PCA + LR),2000,1.2004616287715697,0.9156560004092342,-0.2848056283623355,0.08111424594686474
PCASR (SelectKBest + PCA + LR),2000,1.0986476350413446,1.081754363663568,-0.01689327137777652,0.0002853826178432034
PCASR (SelectKBest + PCA + LR),2000,0.9921707156685432,1.139965935709835,0.14779522004129186,0.021843427067053882
PCASR (SelectKBest + PCA + LR),2000,1.0904339128484235,0.9528048336494334,-0.13762907919899015,0.018941763441161902
PCASR (SelectKBest + PCA + LR),2000,1.1051657206495422,1.1766584073427406,0.07149268669319842,0.005111204250611829
PCASR (SelectKBest + PCA + LR),2000,0.8324461781630438,1.064848227312791,0.23240204914974727,0.05401071244900155
PCASR (SelectKBest + PCA + LR),2000,1.058191332406094,1.064848227312791,0.006656894906696964,4.4314249798807984e-05
PCASR (SelectKBest + PCA + LR),2000,0.7474660408614495,0.8907078707088536,0.14324182984740408,0.020518221818032662
PCASR (SelectKBest + PCA + LR),2000,0.8709389150091373,0.8907078707088536,0.019768955699716262,0.0003908116094573441
PCASR (SelectKBest + PCA + LR),2000,0.8611268896984894,0.8907078707088536,0.029580981010364216,0.0008750344375355283
PCASR (SelectKBest + PCA + LR),2000,1.2648448585521748,0.9528048336494334,-0.3120400249027414,0.09736897714130348
PCASR (SelectKBest + PCA + LR),2000,0.3594684156485677,0.9528048336494334,0.5933364180008657,0.352048104926098
PCASR (SelectKBest + PCA + LR),2000,0.9661496694461622,0.9306671111411965,-0.03548255830496572,0.0012590119438652915
PCASR (SelectKBest + PCA + LR),2000,1.3055904982124276,1.1031244766463784,-0.2024660215660492,0.0409924898887839
PCASR (SelectKBest + PCA + LR),2000,0.3248220553238415,0.9306671111411965,0.6058450558173549,0.3670482316583339
PCASR (SelectKBest + PCA + LR),2000,0.8404546004638999,0.9306671111411965,0.09021251067729663,0.008138297082701359
PCASR (SelectKBest + PCA + LR),2000,1.176080749744456,0.9156560004092342,-0.26042474933522186,0.06782105006631314
PCASR (SelectKBest + PCA + LR),2000,1.5573800803757725,0.944189933684263,-0.6131901466915095,0.37600215599955494
PCASR (SelectKBest + PCA + LR),2000,1.0781644097331795,1.125978781822612,0.0478143720894324,0.0022862141783066923
PCASR (SelectKBest + PCA + LR),2000,0.5646445884413966,0.8907078707088536,0.32606328226745696,0.10631726404302731
PCASR (SelectKBest + PCA + LR),2000,0.9760508949118296,1.064848227312791,0.08879733240096144,0.007884966241526835
PCASR (SelectKBest + PCA + LR),2000,0.8080066903497003,0.8676824391442979,0.05967574879459758,0.003561194994195915
PCASR (SelectKBest + PCA + LR),2000,0.6795590733439354,0.9202937877075182,0.24073471436358285,0.05795320269971582
PCASR (SelectKBest + PCA + LR),2000,1.1635601264396014,0.9528048336494334,-0.21075529279016803,0.04441779343906945
PCASR (SelectKBest + PCA + LR),2001,0.6123180749301418,1.0318217732497124,0.4195036983195706,0.17598335290379727
PCASR (SelectKBest + PCA + LR),2001,1.173893538436494,1.0954321422337667,-0.07846139620272718,0.006156190694081332
PCASR (SelectKBest + PCA + LR),2001,0.9827320581064704,1.0904522944704294,0.107720236363959,0.011603649322307195
PCASR (SelectKBest + PCA + LR),2001,1.2095693995956336,1.098819366798664,-0.11075003279696949,0.012265569764529817
PCASR (SelectKBest + PCA + LR),2001,0.7697022061185993,1.0306073444254351,0.2609051383068358,0.06807149119490913
PCASR (SelectKBest + PCA + LR),2001,1.071148397553031,1.0324396078951776,-0.03870878965785329,0.00149837039677593
PCASR (SelectKBest + PCA + LR),2001,0.8127563153282815,1.1108968384385456,0.29814052311026407,0.0888877715204619
PCASR (SelectKBest + PCA + LR),2001,0.626624496361865,1.1031219788046052,0.47649748244274015,0.22704985077426945
PCASR (SelectKBest + PCA + LR),2001,0.7957592426937926,1.1013894644515987,0.3056302217578061,0.09340983245172572
PCASR (SelectKBest + PCA + LR),2001,0.9634884251237984,1.0171376349111505,0.0536492097873521,0.0028782377108073167
PCASR (SelectKBest + PCA + LR),2001,0.5531078456863346,1.0429544655796268,0.48984661989329215,0.23994971102088344
PCASR (SelectKBest + PCA + LR),2001,1.3518507275078957,1.0947232281169352,-0.25712749939096047,0.06611455094304837
PCASR (SelectKBest + PCA + LR),2001,0.9182744997826108,1.1020541769941952,0.1837796772115844,0.03377496975599415
PCASR (SelectKBest + PCA + LR),2001,0.9657976612405847,1.0486861617844874,0.08288850054390262,0.006870503522416545
PCASR (SelectKBest + PCA + LR),2001,0.9550519095898348,1.0951314635852298,0.14007955399539507,0.019622281447548802
PCASR (SelectKBest + PCA + LR),2001,0.4866145455382658,1.1108968384385456,0.6242822929002798,0.38972838122883074
PCASR (SelectKBest + PCA + LR),2001,0.998912239010711,1.0899919925849109,0.09107975357419984,0.008295521511136968
PCASR (SelectKBest + PCA + LR),2001,0.222,1.1031219788046052,0.8811219788046052,0.7763759415325431
PCASR (SelectKBest + PCA + LR),2001,0.8671844278071634,1.0794664863760561,0.2122820585688927,0.04506367239024679
PCASR (SelectKBest + PCA + LR),2001,0.8440781183751844,1.1117612498537852,0.2676831314786008,0.07165425887818988
PCASR (SelectKBest + PCA + LR),2001,0.5190590037801401,1.0784576732732456,0.5593986694931055,0.3129268714306566
PCASR (SelectKBest + PCA + LR),2001,0.9172167665021408,1.1420964552132047,0.2248796887110639,0.050570874394785
PCASR (SelectKBest + PCA + LR),2001,0.8327501720557919,1.0306073444254351,0.19785717236964318,0.03914746065811069
PCASR (SelectKBest + PCA + LR),2001,1.0011210485197228,1.069200163487982,0.06807911496825914,0.004634765894861445
PCASR (SelectKBest + PCA + LR),2001,0.5076286373278419,1.044897428304649,0.5372687909768071,0.28865775375768005
PCASR (SelectKBest + PCA + LR),2001,1.3602569015307266,1.0207948760451386,-0.339462025485588,0.11523446674677801
PCASR (SelectKBest + PCA + LR),2001,0.7759031855171358,1.09160436640446,0.31570118088732413,0.09966723561365096
PCASR (SelectKBest + PCA + LR),2001,1.0299456680594257,1.0947232281169352,0.06477756005750956,0.004196132287004259
PCASR (SelectKBest + PCA + LR),2001,1.0434588922220829,1.069200163487982,0.02574127126589909,0.0006626130463846022
PCASR (SelectKBest + PCA + LR),2001,0.6880443433864836,1.0899919925849109,0.4019476491984273,0.16156191269614198
PCASR (SelectKBest + PCA + LR),2001,1.0029655698951283,1.0624084168116432,0.05944284691651491,0.0035334520495402264
PCASR (SelectKBest + PCA + LR),2001,0.8659234148369187,1.0951314635852298,0.22920804874831113,0.052536329611008174
PCASR (SelectKBest + PCA + LR),2001,0.8774881705620771,1.1117612498537852,0.23427307929170815,0.054883875680818976
PCASR (SelectKBest + PCA + LR),2001,0.4508226863699279,1.0961089025859765,0.6452862162160486,0.4163943008384251
PCASR (SelectKBest + PCA + LR),2001,1.0914667966629676,1.0925911539519946,0.0011243572890269338,1.2641793133879959e-06
PCASR (SelectKBest + PCA + LR),2001,1.073896368654574,1.0482771953368346,-0.02561917331773933,0.0006563420414843668
PCASR (SelectKBest + PCA + LR),2001,0.9903057916122836,1.0324396078951776,0.04213381628289403,0.0017752584745606662
PCASR (SelectKBest + PCA + LR),2001,0.6894302699853223,1.093089176899348,0.40365890691402573,0.1629405131310261
PCASR (SelectKBest + PCA + LR),2001,1.0396093862626803,1.0904522944704294,0.05084290820774906,0.002585001315021597
PCASR (SelectKBest + PCA + LR),2001,1.071748886274271,1.0904522944704294,0.018703408196158344,0.00034981747815212314
PCASR (SelectKBest + PCA + LR),2001,0.5719539939726532,1.028992289369942,0.4570382953972887,0.20888400345965932
PCASR (SelectKBest + PCA + LR),2001,0.8310412903549145,1.1195199046392925,0.28847861428437804,0.08321991089943497
PCASR (SelectKBest + PCA + LR),2001,1.072835576708496,1.1609491553578102,0.08811357864931413,0.007764002742388866
PCASR (SelectKBest + PCA + LR),2001,0.8460981015511784,1.1117612498537852,0.26566314830260684,0.07057690836605288
PCASR (SelectKBest + PCA + LR),2001,0.8477695077667033,1.0961089025859765,0.24833939481927314,0.06167245501920283
PCASR (SelectKBest + PCA + LR),2001,0.6544318399967683,1.0961089025859765,0.44167706258920814,0.19507862761743128
PCASR (SelectKBest + PCA + LR),2001,1.0366202726897646,1.1141409947076986,0.07752072201793392,0.006009462342181785
PCASR (SelectKBest + PCA + LR),2001,0.956300192004353,1.1609491553578102,0.20464896335345717,0.041881198201644654
PCASR (SelectKBest + PCA + LR),2001,2.160935537649148,1.09160436640446,-1.0693311712446882,1.1434691537955368
PCASR (SelectKBest + PCA + LR),2001,1.381005929577734,1.09160436640446,-0.28940156317327403,0.08375326476713452
PCASR (SelectKBest + PCA + LR),2001,0.943038476377514,1.1020541769941952,0.15901570061668113,0.025285993042613964
PCASR (SelectKBest + PCA + LR),2001,1.0431134845937498,1.0899919925849109,0.04687850799116111,0.0021975945114773563
PCASR (SelectKBest + PCA + LR),2001,0.7961986267857402,1.0847192368124057,0.2885206100266655,0.0832441424101592
PCASR (SelectKBest + PCA + LR),2001,0.8012610379250317,1.1158966243966155,0.31463558647158385,0.09899555227431751
PCASR (SelectKBest + PCA + LR),2001,1.296585563555112,1.095195676647107,-0.20138988690800508,0.040557886548819075
PCASR (SelectKBest + PCA + LR),2001,0.6107615208910732,1.0847192368124057,0.4739577159213325,0.22463591648136652
PCASR (SelectKBest + PCA + LR),2001,1.2382197075331578,1.0784576732732456,-0.1597620342599122,0.02552390759086536
PCASR (SelectKBest + PCA + LR),2001,0.5767086585597564,1.0951314635852298,0.5184228050254734,0.2687622047704801
PCASR (SelectKBest + PCA + LR),2001,0.7950736168028995,1.1013894644515987,0.30631584764869924,0.09382939852074113
PCASR (SelectKBest + PCA + LR),2001,1.012461075559432,1.0899919925849109,0.07753091702547876,0.006011043094811673
PCASR (SelectKBest + PCA + LR),2001,0.8860284864621458,1.1117612498537852,0.2257327633916394,0.05095528046842585
PCASR (SelectKBest + PCA + LR),2001,0.9768105112020952,1.142847591799075,0.16603708059697986,0.027568312133167985
PCASR (SelectKBest + PCA + LR),2001,0.7713084801076069,1.1013894644515987,0.3300809843439918,0.10895345622549855
PCASR (SelectKBest + PCA + LR),2001,1.0121478137951452,1.1645505541069758,0.15240274031183065,0.023226595254555293
PCASR (SelectKBest + PCA + LR),2001,0.7693584380715529,1.1108968384385456,0.3415384003669927,0.11664847892524419
PCASR (SelectKBest + PCA + LR),2001,0.9934874852154176,1.1108968384385456,0.11740935322312795,0.013784956224273226
PCASR (SelectKBest + PCA + LR),2001,0.4760067840042566,1.1031219788046052,0.6271151948003486,0.39327346754947917
PCASR (SelectKBest + PCA + LR),2001,0.6353116084719037,1.1031219788046052,0.46781037033270145,0.2188465425908193
PCASR (SelectKBest + PCA + LR),2001,0.7564825567069144,1.1031219788046052,0.3466394220976907,0.12015888895222099
PCASR (SelectKBest + PCA + LR),2001,0.8107397595676491,1.1013894644515987,0.2906497048839496,0.08447725094912699
PCASR (SelectKBest + PCA + LR),2001,0.4405651054284282,1.1013894644515987,0.6608243590231705,0.4366888334783841
PCASR (SelectKBest + PCA + LR),2001,0.9413152233028448,1.0951314635852298,0.15381624028238505,0.023659435774608415
PCASR (SelectKBest + PCA + LR),2001,1.0877939536430556,1.1195199046392925,0.031725950996236874,0.0010065359666156235
PCASR (SelectKBest + PCA + LR),2001,0.3590192696320944,1.0951314635852298,0.7361121939531354,0.5418611620864985
PCASR (SelectKBest + PCA + LR),2001,0.4284882312259687,1.0951314635852298,0.6666432323592612,0.44441319925040385
PCASR (SelectKBest + PCA + LR),2001,1.025009703240498,1.0899919925849109,0.06498228934441297,0.004222697928441007
PCASR (SelectKBest + PCA + LR),2001,1.3974018782591573,1.0904522944704294,-0.30694958378872794,0.09421804698807332
PCASR (SelectKBest + PCA + LR),2001,0.9306968771921568,1.1517505489858775,0.2210536717937207,0.04886472581348599
PCASR (SelectKBest + PCA + LR),2001,0.5408059334415688,1.1031219788046052,0.5623160453630364,0.3161993348727244
PCASR (SelectKBest + PCA + LR),2001,0.8709216966580483,1.1108968384385456,0.23997514178049728,0.05758806867256977
PCASR (SelectKBest + PCA + LR),2001,0.5429471744915279,1.093089176899348,0.5501420024078202,0.302656222813286
PCASR (SelectKBest + PCA + LR),2001,0.3591514086959285,1.0961089025859765,0.736957493890048,0.5431063478007002
PCASR (SelectKBest + PCA + LR),2001,0.8814949738352931,1.1013894644515987,0.21989449061630562,0.048353587003404516
PCASR (SelectKBest + PCA + LR),2002,0.8927002607469375,1.0802699758369565,0.18756971509001896,0.035182398018950886
PCASR (SelectKBest + PCA + LR),2002,0.8091959925061475,1.1075555819801033,0.2983595894739558,0.08901844463106744
PCASR (SelectKBest + PCA + LR),2002,0.8643668108894835,1.1027070836629975,0.238340272773514,0.05680608562575306
PCASR (SelectKBest + PCA + LR),2002,1.0267786667055376,1.10304050321437,0.07626183650883234,0.005815867707699872
PCASR (SelectKBest + PCA + LR),2002,0.9963462174034232,1.0952690137119796,0.09892279630855638,0.009785719629504136
PCASR (SelectKBest + PCA + LR),2002,1.0321503360007178,1.100382616334727,0.06823228033400919,0.004655644079578817
PCASR (SelectKBest + PCA + LR),2002,0.6634855454437698,1.1106065569508357,0.44712101150706585,0.19991719893110171
PCASR (SelectKBest + PCA + LR),2002,0.9293173562046054,1.0955145497280814,0.16619719352347595,0.027621507135079715
PCASR (SelectKBest + PCA + LR),2002,1.1352784824552882,1.0967430523024695,-0.038535430152818684,0.0014849793770627675
PCASR (SelectKBest + PCA + LR),2002,0.7345818472256009,1.0851629852170297,0.35058113799142876,0.12290713431536521
PCASR (SelectKBest + PCA + LR),2002,0.9219289286621156,1.1217033904648188,0.1997744618027032,0.03990983558855972
PCASR (SelectKBest + PCA + LR),2002,0.7977872920806275,1.1008210489051145,0.30303375682448697,0.0918294577751623
PCASR (SelectKBest + PCA + LR),2002,0.82932114240972,1.1080186550111135,0.2786975126013935,0.0776723035302039
PCASR (SelectKBest + PCA + LR),2002,0.9073566023395808,1.1257381956310806,0.21838159329149975,0.04769052028853401
PCASR (SelectKBest + PCA + LR),2002,0.7116353632805686,1.0823164262489462,0.37068106296837755,0.13740445044336627
PCASR (SelectKBest + PCA + LR),2002,0.9456322183795468,1.1106065569508357,0.16497433857128885,0.027216532387034243
PCASR (SelectKBest + PCA + LR),2002,1.2674510872195082,1.0940296878596367,-0.17342139935987144,0.03007498175593602
PCASR (SelectKBest + PCA + LR),2002,0.92806096696164,1.1414632526684043,0.21340228570676434,0.045540535544871474
PCASR (SelectKBest + PCA + LR),2002,0.9807802133617296,1.1294966264696022,0.14871641310787265,0.022116571527671436
PCASR (SelectKBest + PCA + LR),2002,0.8498415915995488,1.0712405236398095,0.22139893204026073,0.04901748710856799
PCASR (SelectKBest + PCA + LR),2002,0.8377668895108237,1.1508031732248303,0.3130362837140066,0.09799171492147604
PCASR (SelectKBest + PCA + LR),2002,1.0013355315953023,1.0952690137119796,0.09393348211667729,0.008823499062564133
PCASR (SelectKBest + PCA + LR),2002,1.0203608618339983,1.1464204079391198,0.1260595461051215,0.01589100916422925
PCASR (SelectKBest + PCA + LR),2002,0.7593443676425121,1.102621785680705,0.3432774180381929,0.11783938573496824
PCASR (SelectKBest + PCA + LR),2002,1.3671584213710608,1.0950301154273576,-0.2721283059437032,0.07405381489578973
PCASR (SelectKBest + PCA + LR),2002,0.9746939897123112,1.109656595199616,0.13496260548730477,0.018214904879921865
PCASR (SelectKBest + PCA + LR),2002,0.9150373153660462,1.1008210489051145,0.1857837335390683,0.03451559564771553
PCASR (SelectKBest + PCA + LR),2002,1.076053289062865,1.1464204079391198,0.07036711887625491,0.00495153141894499
PCASR (SelectKBest + PCA + LR),2002,1.0749820224266864,1.0940296878596367,0.019047665432950334,0.000362813558445611
PCASR (SelectKBest + PCA + LR),2002,1.0426313181107356,1.1339643870500136,0.09133306893927795,0.008341729481866898
PCASR (SelectKBest + PCA + LR),2002,1.2635447380578806,1.0823164262489462,-0.1812283118089344,0.03284370100111635
PCASR (SelectKBest + PCA + LR),2002,0.974149421484051,1.1294966264696022,0.1553472049855512,0.02413275409682287
PCASR (SelectKBest + PCA + LR),2002,0.991002664866769,1.089337542155754,0.09833487728898505,0.009669748091439747
PCASR (SelectKBest + PCA + LR),2002,0.8866345956606718,1.1608635804762641,0.2742289848155923,0.07520153611299037
PCASR (SelectKBest + PCA + LR),2002,0.9194198293497216,1.1521578633815266,0.23273803403180504,0.05416699248498964
PCASR (SelectKBest + PCA + LR),2002,0.8694115791476812,1.100382616334727,0.2309710371870458,0.0533476200192597
PCASR (SelectKBest + PCA + LR),2002,1.5952483926580936,1.0823164262489462,-0.5129319664091474,0.26309920216435473
PCASR (SelectKBest + PCA + LR),2002,0.8602825235015634,1.0879240037119877,0.2276414802104243,0.051820643512392996
PCASR (SelectKBest + PCA + LR),2002,1.110595989169543,1.1027070836629975,-0.007888905506545418,6.223483009120262e-05
PCASR (SelectKBest + PCA + LR),2002,1.0371018960750948,1.1027070836629975,0.06560518758790268,0.0043040406384439
PCASR (SelectKBest + PCA + LR),2002,1.0045206892209144,1.080959536100924,0.07643884688000968,0.005842897312345566
PCASR (SelectKBest + PCA + LR),2002,0.9729971882203464,1.1332691766396785,0.1602719884193321,0.025687110271886523
PCASR (SelectKBest + PCA + LR),2002,0.9231243385878436,1.1581142521788612,0.23498991359101762,0.05522025948951393
PCASR (SelectKBest + PCA + LR),2002,0.9989660938128556,1.1294966264696022,0.13053053265674663,0.017038219955654
PCASR (SelectKBest + PCA + LR),2002,1.062775935567831,1.089337542155754,0.02656160658792306,0.0007055189445315976
PCASR (SelectKBest + PCA + LR),2002,0.9457855282778934,1.089337542155754,0.14355201387786065,0.020607180688389497
PCASR (SelectKBest + PCA + LR),2002,1.035898137373054,1.1149856038493218,0.07908746647626774,0.006254827353634774
PCASR (SelectKBest + PCA + LR),2002,0.8394628680556813,1.1581142521788612,0.31865138412317995,0.10153870460361838
PCASR (SelectKBest + PCA + LR),2002,2.314692370281678,1.109656595199616,-1.2050357750820622,1.4521112192276264
PCASR (SelectKBest + PCA + LR),2002,1.60621764816258,1.109656595199616,-0.49656105296296404,0.24657287931968758
PCASR (SelectKBest + PCA + LR),2002,0.9695596749154364,1.1080186550111135,0.13845898009567714,0.01917088916913512
PCASR (SelectKBest + PCA + LR),2002,1.015536438456104,1.0940296878596367,0.07849324940353264,0.006161190201925177
PCASR (SelectKBest + PCA + LR),2002,0.7506540466164575,1.0752024151810755,0.324548368564618,0.10533164353795513
PCASR (SelectKBest + PCA + LR),2002,0.7696407601197945,1.1131124731154558,0.34347171299566126,0.1179728176281739
PCASR (SelectKBest + PCA + LR),2002,1.539884100713742,1.1010518802610765,-0.43883222045266557,0.19257371770741688
PCASR (SelectKBest + PCA + LR),2002,0.316480842676577,1.0752024151810755,0.7587215725044985,0.5756584245836989
PCASR (SelectKBest + PCA + LR),2002,1.2515756141009455,1.0712405236398095,-0.18033509046113605,0.03252074485162612
PCASR (SelectKBest + PCA + LR),2002,1.046495266621443,1.0823164262489462,0.035821159627503096,0.0012831554770590579
PCASR (SelectKBest + PCA + LR),2002,1.0303075737698957,1.0967430523024695,0.06643547853257381,0.004413672807852076
PCASR (SelectKBest + PCA + LR),2002,1.1569965351516245,1.0940296878596367,-0.06296684729198776,0.003964823857892506
PCASR (SelectKBest + PCA + LR),2002,0.942095934922743,1.1294966264696022,0.18740069154685923,0.03511901919224108
PCASR (SelectKBest + PCA + LR),2002,1.0739433308079436,1.153646439456919,0.07970310864897545,0.006352585528310385
PCASR (SelectKBest + PCA + LR),2002,1.0532698362254156,1.0967430523024695,0.0434732160770539,0.0018899205160822178
PCASR (SelectKBest + PCA + LR),2002,1.0534337870821058,1.1680979307832966,0.11466414370119082,0.01314786585072734
PCASR (SelectKBest + PCA + LR),2002,0.605119528950928,1.1106065569508357,0.5054870279999076,0.2555171354761794
PCASR (SelectKBest + PCA + LR),2002,0.7783893110711828,1.1106065569508357,0.33221724587965284,0.11036829845986172
PCASR (SelectKBest + PCA + LR),2002,0.9519494436922232,1.0955145497280814,0.14356510603585815,0.020610939671087194
PCASR (SelectKBest + PCA + LR),2002,0.9237549476023208,1.0955145497280814,0.17175960212576058,0.029501360922399578
PCASR (SelectKBest + PCA + LR),2002,1.0617954645853271,1.0955145497280814,0.033719085142754235,0.0011369767028643093
PCASR (SelectKBest + PCA + LR),2002,1.1054460467147476,1.0967430523024695,-0.008702994412278064,7.574211174014321e-05
PCASR (SelectKBest + PCA + LR),2002,0.4355678996394807,1.0967430523024695,0.6611751526629888,0.4371525824989265
PCASR (SelectKBest + PCA + LR),2002,1.0943111120344573,1.0823164262489462,-0.011994685785511106,0.00014387248709314215
PCASR (SelectKBest + PCA + LR),2002,0.9602014344789755,1.1332691766396785,0.17306774216070298,0.029952443376603567
PCASR (SelectKBest + PCA + LR),2002,0.8597035741963429,1.0823164262489462,0.22261285205260328,0.04955648189899424
PCASR (SelectKBest + PCA + LR),2002,0.8925044527357111,1.0823164262489462,0.1898119735132351,0.03602858528898906
PCASR (SelectKBest + PCA + LR),2002,1.018442428318031,1.0940296878596367,0.07558725954160583,0.005713433805010082
PCASR (SelectKBest + PCA + LR),2002,1.621485735263675,1.1027070836629975,-0.5187786516006774,0.269131289356617
PCASR (SelectKBest + PCA + LR),2002,0.8711783274949572,1.149009361160124,0.2778310336651668,0.07719008326745505
PCASR (SelectKBest + PCA + LR),2002,0.6776521745527446,1.0955145497280814,0.41786237517533675,0.1746089645871739
PCASR (SelectKBest + PCA + LR),2002,0.8257265068361858,1.1106065569508357,0.2848800501146499,0.08115664295332543
PCASR (SelectKBest + PCA + LR),2002,0.6118693476533471,1.0879240037119877,0.4760546560586406,0.2266280355551106
PCASR (SelectKBest + PCA + LR),2002,0.6699500396288046,1.089337542155754,0.41938750252694945,0.17588587727579202
PCASR (SelectKBest + PCA + LR),2002,1.1883184014643344,1.0967430523024695,-0.09157534916186494,0.008386044574117478
PCASR (SelectKBest + PCA + LR),2003,1.063300481138434,1.0188315495192797,-0.04446893161915422,0.001977485879349014
PCASR (SelectKBest + PCA + LR),2003,0.8821328401245884,1.0248324899394814,0.14269964981489303,0.0203631900572931
PCASR (SelectKBest + PCA + LR),2003,0.9893233769170116,1.0276742501701888,0.03835087325317721,0.001470789479281263
PCASR (SelectKBest + PCA + LR),2003,0.5987870329554135,1.0393814069146514,0.44059437395923795,0.19412340236453282
PCASR (SelectKBest + PCA + LR),2003,0.9875680165704164,1.017087201916469,0.02951918534605258,0.0008713823034946053
PCASR (SelectKBest + PCA + LR),2003,1.1621867652776212,0.9888274455202679,-0.1733593197573533,0.030053453746732267
PCASR (SelectKBest + PCA + LR),2003,0.8676728609224382,0.9890874812753665,0.12141462035292827,0.014741510035445705
PCASR (SelectKBest + PCA + LR),2003,1.2599506817826136,1.0422126222144454,-0.21773805956816816,0.047409862584511145
PCASR (SelectKBest + PCA + LR),2003,1.3612971173077513,1.0371278277734617,-0.3241692895342896,0.10508572827716607
PCASR (SelectKBest + PCA + LR),2003,1.1021083218944134,0.9829989174233267,-0.11910940447108675,0.014187050233456941
PCASR (SelectKBest + PCA + LR),2003,1.0483032346732866,1.0024519933511893,-0.04585124132209728,0.002102336330777201
PCASR (SelectKBest + PCA + LR),2003,0.711735782959728,1.0281150189870494,0.31637923602732143,0.10009582098923156
PCASR (SelectKBest + PCA + LR),2003,0.8134206148387869,1.0149634777226182,0.20154286288383128,0.040619525579410815
PCASR (SelectKBest + PCA + LR),2003,1.0755889836001251,1.0118120942370672,-0.06377688936305792,0.004067491616827731
PCASR (SelectKBest + PCA + LR),2003,0.9139935083050597,1.0347826967667448,0.12078918846168518,0.014590028049232501
PCASR (SelectKBest + PCA + LR),2003,1.30746840776998,0.9890874812753665,-0.3183809264946136,0.10136641435556853
PCASR (SelectKBest + PCA + LR),2003,1.9246150146112613,1.0310709957442254,-0.8935440188670358,0.7984209136530537
PCASR (SelectKBest + PCA + LR),2003,1.402,1.0422126222144454,-0.3597873777855545,0.1294469572138053
PCASR (SelectKBest + PCA + LR),2003,0.8699226944605557,0.9758840061549758,0.10596131169442013,0.011227799576002057
PCASR (SelectKBest + PCA + LR),2003,0.9778438590035616,1.0267284727280563,0.04888461372449471,0.0023897054589930565
PCASR (SelectKBest + PCA + LR),2003,1.2497239507906062,1.0145927563108321,-0.23513119447977404,0.055286678617485326
PCASR (SelectKBest + PCA + LR),2003,0.9662709857464544,1.0489294202895274,0.08265843454307298,0.00683241680111148
PCASR (SelectKBest + PCA + LR),2003,0.822919219848447,1.017087201916469,0.194167982068022,0.03770120526036771
PCASR (SelectKBest + PCA + LR),2003,0.8636673198456065,1.0116552810694295,0.14798796122382296,0.021900436667183727
PCASR (SelectKBest + PCA + LR),2003,1.0908382404464296,1.023323267606676,-0.06751497283975372,0.004558271557552682
PCASR (SelectKBest + PCA + LR),2003,1.303779768385375,1.0026357344271541,-0.30114403395822076,0.09068772918863002
PCASR (SelectKBest + PCA + LR),2003,1.144121578023162,1.023687161371367,-0.120434416651795,0.014504448714258156
PCASR (SelectKBest + PCA + LR),2003,0.5405136703098741,1.0281150189870494,0.4876013486771753,0.23775507523180028
PCASR (SelectKBest + PCA + LR),2003,0.7858185430989212,1.0116552810694295,0.2258367379705083,0.05100223221716002
PCASR (SelectKBest + PCA + LR),2003,1.4944199179032136,1.0310709957442254,-0.46334892215898815,0.21469222366589608
PCASR (SelectKBest + PCA + LR),2003,0.9858603985763128,0.9903661764942709,0.0045057779179581425,2.0302034645959214e-05
PCASR (SelectKBest + PCA + LR),2003,1.6193625604917117,1.0347826967667448,-0.5845798637249668,0.3417336170727008
PCASR (SelectKBest + PCA + LR),2003,1.0066758089578254,1.0267284727280563,0.02005266377023096,0.0004021093242819334
PCASR (SelectKBest + PCA + LR),2003,1.2560520581600516,1.0301799567404435,-0.22587210141960812,0.05101820619970974
PCASR (SelectKBest + PCA + LR),2003,0.94177489191368,1.0065035759209158,0.06472868400723575,0.004189802533308577
PCASR (SelectKBest + PCA + LR),2003,1.1876227491824107,1.0345609057725187,-0.15306184340989204,0.023427927908034312
PCASR (SelectKBest + PCA + LR),2003,1.1651918322476935,0.9888274455202679,-0.1763643867274256,0.031104396905740937
PCASR (SelectKBest + PCA + LR),2003,1.5999754307864449,1.0347826967667448,-0.5651927340197,0.3194428265886634
PCASR (SelectKBest + PCA + LR),2003,1.1448335784582568,1.0399253782350484,-0.10490820022320846,0.011005730474072795
PCASR (SelectKBest + PCA + LR),2003,1.2917529989120835,1.0276742501701888,-0.26407874874189474,0.06973758553708477
PCASR (SelectKBest + PCA + LR),2003,1.1328999036862748,1.0276742501701888,-0.10522565351608604,0.01107243815788739
PCASR (SelectKBest + PCA + LR),2003,1.4369587807745816,1.007451481859364,-0.42950729891521755,0.18447651982144603
PCASR (SelectKBest + PCA + LR),2003,1.2228156410546496,1.0361552420111482,-0.1866603990435014,0.034842104571079176
PCASR (SelectKBest + PCA + LR),2003,1.1900792555910065,1.065252192546213,-0.12482706304479341,0.015581795668388828
PCASR (SelectKBest + PCA + LR),2003,1.078727337463971,1.0267284727280563,-0.05199886473591464,0.002703881933823947
PCASR (SelectKBest + PCA + LR),2003,1.308542727155798,1.0301799567404435,-0.2783627704153544,0.0774858319533113
PCASR (SelectKBest + PCA + LR),2003,1.2132171035995434,1.0301799567404435,-0.1830371468590999,0.0335025971303197
PCASR (SelectKBest + PCA + LR),2003,1.3507676737996357,1.0348918734842898,-0.3158758003153459,0.09977752122486028
PCASR (SelectKBest + PCA + LR),2003,1.0154875941572108,1.065252192546213,0.04976459838900227,0.0024765152528186873
PCASR (SelectKBest + PCA + LR),2003,2.439593313681345,1.023687161371367,-1.4159061523099779,2.0047902321492463
PCASR (SelectKBest + PCA + LR),2003,1.9858695303165816,1.023687161371367,-0.9621823689452147,0.9257949111090252
PCASR (SelectKBest + PCA + LR),2003,0.906546112625046,1.0149634777226182,0.10841736509757216,0.011754325054700258
PCASR (SelectKBest + PCA + LR),2003,1.2559854917311293,1.0310709957442254,-0.22491449598690383,0.05058653050504298
PCASR (SelectKBest + PCA + LR),2003,1.0351658473057408,1.038124539745581,0.0029586924398401493,8.753860953567256e-06
PCASR (SelectKBest + PCA + LR),2003,0.8383920295294874,0.9618889295633375,0.12349690003385005,0.015251484317970753
PCASR (SelectKBest + PCA + LR),2003,1.8899523854654,1.028607821202369,-0.8613445642630309,0.7419144583854705
PCASR (SelectKBest + PCA + LR),2003,0.7944231248329915,1.038124539745581,0.24370141491258945,0.059390379630398074
PCASR (SelectKBest + PCA + LR),2003,1.571203525595545,1.0145927563108321,-0.5566107692847129,0.30981554848371984
PCASR (SelectKBest + PCA + LR),2003,1.4104962092603932,1.0347826967667448,-0.37571351249364837,0.14116064347031487
PCASR (SelectKBest + PCA + LR),2003,1.302390452694654,1.0371278277734617,-0.26526262492119224,0.07036426018008111
PCASR (SelectKBest + PCA + LR),2003,1.4710660189128413,1.0310709957442254,-0.43999502316861583,0.1935956204131508
PCASR (SelectKBest + PCA + LR),2003,1.0993323645228654,1.0267284727280563,-0.07260389179480908,0.005271325103752346
PCASR (SelectKBest + PCA + LR),2003,1.0468239413135372,1.0360307112671734,-0.010793230046363789,0.00011649381483373007
PCASR (SelectKBest + PCA + LR),2003,1.2990106401437944,1.0371278277734617,-0.26188281237033273,0.0685826074149949
PCASR (SelectKBest + PCA + LR),2003,0.98833955873575,1.0311242304068757,0.04278467167112576,0.0018305281300060314
PCASR (SelectKBest + PCA + LR),2003,0.7628984612338211,0.9890874812753665,0.2261890200415454,0.051161472787354625
PCASR (SelectKBest + PCA + LR),2003,0.9193159895708491,0.9890874812753665,0.06977149170451735,0.004868061054673534
PCASR (SelectKBest + PCA + LR),2003,1.4183876227861651,1.0422126222144454,-0.3761750005717197,0.1415076310551333
PCASR (SelectKBest + PCA + LR),2003,1.3492155686442633,1.0422126222144454,-0.30700294642981785,0.0942508091165896
PCASR (SelectKBest + PCA + LR),2003,1.311229217914428,1.0422126222144454,-0.2690165956999826,0.0723699287620079
PCASR (SelectKBest + PCA + LR),2003,1.239626238401501,1.0371278277734617,-0.20249841062803942,0.04100560630688207
PCASR (SelectKBest + PCA + LR),2003,0.2891008676125291,1.0371278277734617,0.7480269601609326,0.5595443331276054
PCASR (SelectKBest + PCA + LR),2003,1.4049273944512335,1.0347826967667448,-0.37014469768448865,0.1370070972239415
PCASR (SelectKBest + PCA + LR),2003,1.208809367632931,1.0361552420111482,-0.17265412562178284,0.02980944709422237
PCASR (SelectKBest + PCA + LR),2003,0.981579542624565,1.0347826967667448,0.0532031541421798,0.0028305756106765433
PCASR (SelectKBest + PCA + LR),2003,1.3729964570011235,1.0347826967667448,-0.33821376023437866,0.11438854761187778
PCASR (SelectKBest + PCA + LR),2003,1.4815028813116258,1.0310709957442254,-0.4504318855674003,0.20288888353580362
PCASR (SelectKBest + PCA + LR),2003,1.78504150110514,1.0276742501701888,-0.7573672509349512,0.5736051527887653
PCASR (SelectKBest + PCA + LR),2003,0.9315025738342728,1.0004972511513142,0.06899467731704134,0.004760265498082659
PCASR (SelectKBest + PCA + LR),2003,0.9369504733680238,1.0422126222144454,0.1052621488464216,0.011080119979766215
PCASR (SelectKBest + PCA + LR),2003,0.7664036468817211,0.9890874812753665,0.22268383439364536,0.04958809010025647
PCASR (SelectKBest + PCA + LR),2003,1.2517885286161958,1.0399253782350484,-0.21186315038114745,0.0448859944894247
PCASR (SelectKBest + PCA + LR),2003,1.5648669644009372,1.0301799567404435,-0.5346870076604937,0.28589019616093286
PCASR (SelectKBest + PCA + LR),2003,1.3766738628297728,1.0371278277734617,-0.3395460350563111,0.11529150992246164
PCASR (SelectKBest + PCA + LR),2004,1.1767169818818612,0.8357293190713594,-0.34098766281050186,0.1162725861889685
PCASR (SelectKBest + PCA + LR),2004,1.306394592394044,0.9848576776205608,-0.32153691477348334,0.1033859875620503
PCASR (SelectKBest + PCA + LR),2004,1.2377087484176237,0.9687372337266633,-0.26897151469096037,0.07234567571514951
PCASR (SelectKBest + PCA + LR),2004,0.9783597797103036,0.9741276098258473,-0.004232169884456294,1.79112619308988e-05
PCASR (SelectKBest + PCA + LR),2004,1.3496758698547973,0.9166749725864796,-0.4330008972683177,0.18748977703516823
PCASR (SelectKBest + PCA + LR),2004,1.1939651419621935,0.9129638553292075,-0.28100128663298596,0.07896172308939353
PCASR (SelectKBest + PCA + LR),2004,1.0744420280255658,0.9223702426640897,-0.15207178536147603,0.023125827903026835
PCASR (SelectKBest + PCA + LR),2004,1.2042000475991403,0.8881169583004628,-0.31608308929867757,0.09990851934059577
PCASR (SelectKBest + PCA + LR),2004,1.3573776840168954,0.9491290166147179,-0.40824866740217747,0.16666697443565373
PCASR (SelectKBest + PCA + LR),2004,1.206740433657973,0.931355238878214,-0.275385194779759,0.0758370055038858
PCASR (SelectKBest + PCA + LR),2004,0.8042326154129169,0.925397723900949,0.12116510848803208,0.014680983514916583
PCASR (SelectKBest + PCA + LR),2004,1.2086585248365298,1.017053885067755,-0.19160463976877473,0.03671233798092193
PCASR (SelectKBest + PCA + LR),2004,1.272833465685565,0.9660565892146857,-0.30677687647087937,0.09411205193722919
PCASR (SelectKBest + PCA + LR),2004,1.2961237248802158,0.9291222335306693,-0.3670014913495465,0.13469009465279128
PCASR (SelectKBest + PCA + LR),2004,1.127882380208051,0.9060537726744712,-0.2218286075335799,0.04920793112028703
PCASR (SelectKBest + PCA + LR),2004,1.0877814003795023,0.9223702426640897,-0.1654111577154126,0.0273608510967531
PCASR (SelectKBest + PCA + LR),2004,1.149097978324665,0.9566205866235324,-0.19247739170113265,0.037047546316071246
PCASR (SelectKBest + PCA + LR),2004,0.96470667411052,0.9048359598654232,-0.05987071424509682,0.00358450242421804
PCASR (SelectKBest + PCA + LR),2004,1.1140742888177546,0.9930386327226709,-0.12103565609508371,0.014649630046367374
PCASR (SelectKBest + PCA + LR),2004,0.9236659760374074,0.9787516096676946,0.05508563363028718,0.003034427032450226
PCASR (SelectKBest + PCA + LR),2004,1.1772098526414596,0.9953290680714802,-0.18188078456997936,0.033080619795791244
PCASR (SelectKBest + PCA + LR),2004,1.4397441726993567,0.9166749725864796,-0.5230692001128772,0.27360138810672513
PCASR (SelectKBest + PCA + LR),2004,1.313114670095252,0.9330502265112649,-0.38006444358398717,0.14444898127680578
PCASR (SelectKBest + PCA + LR),2004,0.9977106406580848,0.8564228534448953,-0.14128778721318946,0.019962238815599505
PCASR (SelectKBest + PCA + LR),2004,2.0027003414112388,0.9111524889365383,-1.0915478524747004,1.1914767142421303
PCASR (SelectKBest + PCA + LR),2004,1.2514867962972267,0.9977640734986891,-0.2537227227985376,0.06437522006430355
PCASR (SelectKBest + PCA + LR),2004,1.3487310829096109,1.017053885067755,-0.3316771978418558,0.11000976356822555
PCASR (SelectKBest + PCA + LR),2004,1.2586475025671398,0.9330502265112649,-0.32559727605587485,0.10601358617500557
PCASR (SelectKBest + PCA + LR),2004,1.2929769434164124,0.9566205866235324,-0.33635635679288,0.1131355987549792
PCASR (SelectKBest + PCA + LR),2004,0.983822139691196,0.9145048216640637,-0.06931731802713237,0.00480489057847461
PCASR (SelectKBest + PCA + LR),2004,1.041964933542333,0.9060537726744712,-0.13591116086786192,0.018471843648449844
PCASR (SelectKBest + PCA + LR),2004,0.8989512007847483,0.9930386327226709,0.09408743193792257,0.008852444848673213
PCASR (SelectKBest + PCA + LR),2004,1.3415869316046047,0.9379383650010286,-0.4036485666035762,0.16293216532112167
PCASR (SelectKBest + PCA + LR),2004,0.9688070466001888,0.9422275372581839,-0.026579509342004926,0.0007064703168617271
PCASR (SelectKBest + PCA + LR),2004,0.8674505118041108,1.1125013548386489,0.24505084303453806,0.060049915671937806
PCASR (SelectKBest + PCA + LR),2004,1.0808898297189793,0.9129638553292075,-0.16792597438977175,0.028199132874754278
PCASR (SelectKBest + PCA + LR),2004,0.7347344776930037,0.9060537726744712,0.17131929498146747,0.029350300832947065
PCASR (SelectKBest + PCA + LR),2004,1.0666954413867964,0.8789253875174823,-0.1877700538693141,0.03525759313008513
PCASR (SelectKBest + PCA + LR),2004,1.2320022599274547,0.9687372337266633,-0.2632650262007914,0.06930847402050339
PCASR (SelectKBest + PCA + LR),2004,1.194222971854335,0.9687372337266633,-0.2254857381276716,0.050843818098980885
PCASR (SelectKBest + PCA + LR),2004,1.1884853802458095,0.8841333529646862,-0.3043520272811233,0.09263015651012964
PCASR (SelectKBest + PCA + LR),2004,1.227666237148055,0.977175476005967,-0.2504907611420879,0.06274562141754253
PCASR (SelectKBest + PCA + LR),2004,1.1606618609117194,1.0451795657037188,-0.11548229520800057,0.013336160506507792
PCASR (SelectKBest + PCA + LR),2004,1.0866972396569785,0.9930386327226709,-0.09365860693430761,0.008771934652875133
PCASR (SelectKBest + PCA + LR),2004,1.020322584694409,0.9379383650010286,-0.0823842196933805,0.006787159654487183
PCASR (SelectKBest + PCA + LR),2004,0.9774724189438226,0.9379383650010286,-0.03953405394279408,0.0015629414211517521
PCASR (SelectKBest + PCA + LR),2004,1.191570017636809,1.060972392770173,-0.13059762486663584,0.017055739620806542
PCASR (SelectKBest + PCA + LR),2004,1.0179173857369463,1.0451795657037188,0.027262179966772493,0.0007432264565406915
PCASR (SelectKBest + PCA + LR),2004,2.6243339984466374,0.9977640734986891,-1.6265699249479484,2.6457297207451744
PCASR (SelectKBest + PCA + LR),2004,1.7557267808341832,0.9977640734986891,-0.7579627073354941,0.5745074657113519
PCASR (SelectKBest + PCA + LR),2004,1.2467096839623537,0.9660565892146857,-0.280653094747668,0.0787661595914435
PCASR (SelectKBest + PCA + LR),2004,1.0851882544482256,0.9566205866235324,-0.1285676678246932,0.01652964520988065
PCASR (SelectKBest + PCA + LR),2004,0.935896561808538,0.8765140768675526,-0.059382484940985414,0.0035262795177663595
PCASR (SelectKBest + PCA + LR),2004,1.0354842905593358,0.9287354805170145,-0.10674881004232128,0.011395308445451594
PCASR (SelectKBest + PCA + LR),2004,1.5070634441002717,0.9768313496604973,-0.5302320944397744,0.28114607397398983
PCASR (SelectKBest + PCA + LR),2004,0.8126306607730346,0.8765140768675526,0.06388341609451798,0.004081090851905318
PCASR (SelectKBest + PCA + LR),2004,1.0455942502246949,0.9787516096676946,-0.06684264055700029,0.00446793859663234
PCASR (SelectKBest + PCA + LR),2004,1.172992427678933,0.9060537726744712,-0.2669386550044618,0.07125624553559107
PCASR (SelectKBest + PCA + LR),2004,1.3276596329828358,0.9491290166147179,-0.3785306163681179,0.14328542752802725
PCASR (SelectKBest + PCA + LR),2004,1.0269074811511698,0.9566205866235324,-0.07028689452763737,0.00494024754233922
PCASR (SelectKBest + PCA + LR),2004,1.2552072998752313,0.9930386327226709,-0.2621686671525604,0.06873241003654999
PCASR (SelectKBest + PCA + LR),2004,0.7888899136153146,0.983153114149319,0.19426320053400448,0.03773819108171484
PCASR (SelectKBest + PCA + LR),2004,1.25884173859882,0.9491290166147179,-0.30971272198410205,0.09592197015880169
PCASR (SelectKBest + PCA + LR),2004,0.8853705506869889,0.9948598013825235,0.10948925069553461,0.011987896017869627
PCASR (SelectKBest + PCA + LR),2004,1.0566266961352293,0.9223702426640897,-0.13425645347113957,0.018024795298648266
PCASR (SelectKBest + PCA + LR),2004,1.205096236899636,0.9223702426640897,-0.28272599423554634,0.07993398781647819
PCASR (SelectKBest + PCA + LR),2004,1.1068874504382822,0.8881169583004628,-0.2187704921378194,0.0478605282302237
PCASR (SelectKBest + PCA + LR),2004,1.312029619535758,0.8881169583004628,-0.42391266123529514,0.1797019443555901
PCASR (SelectKBest + PCA + LR),2004,1.2543421117731364,0.8881169583004628,-0.3662251534726736,0.13412086303608334
PCASR (SelectKBest + PCA + LR),2004,1.3801000403339778,0.9491290166147179,-0.4309710237192599,0.18573602328562686
PCASR (SelectKBest + PCA + LR),2004,0.4901826525103089,0.9491290166147179,0.45894636410440903,0.21063176512465678
PCASR (SelectKBest + PCA + LR),2004,0.7002414473504125,0.9060537726744712,0.2058123253240587,0.042358713255296165
PCASR (SelectKBest + PCA + LR),2004,1.2822864158522904,0.977175476005967,-0.3051109398463234,0.0930926856139068
PCASR (SelectKBest + PCA + LR),2004,1.2419104771531448,0.9060537726744712,-0.33585670447867366,0.11279972594327513
PCASR (SelectKBest + PCA + LR),2004,1.0209639820596017,0.9060537726744712,-0.11491020938513052,0.013204356220934538
PCASR (SelectKBest + PCA + LR),2004,1.0668503191961056,0.9566205866235324,-0.11022973257257318,0.012150593943021001
PCASR (SelectKBest + PCA + LR),2004,1.9540460961327064,0.9687372337266633,-0.9853088624060431,0.9708335543358908
PCASR (SelectKBest + PCA + LR),2004,1.1999075992881494,0.9256437762078336,-0.2742638230803158,0.07522064465063077
PCASR (SelectKBest + PCA + LR),2004,0.8941534823884377,0.8881169583004628,-0.006036524087974948,3.643962306470178e-05
PCASR (SelectKBest + PCA + LR),2004,1.14595936283734,0.9223702426640897,-0.22358912017325017,0.04999209465984811
PCASR (SelectKBest + PCA + LR),2004,0.9718053621913464,0.8789253875174823,-0.09287997467386411,0.008626689695417638
PCASR (SelectKBest + PCA + LR),2004,0.9371410309532467,0.9379383650010286,0.0007973340477818169,6.357415837521367e-07
PCASR (SelectKBest + PCA + LR),2004,1.5066357447338463,0.9491290166147179,-0.5575067281191284,0.31081375189809574
PCASR (SelectKBest + PCA + LR),2005,0.3677866998473222,0.9863521958065045,0.6185654959591822,0.38262327279122904
PCASR (SelectKBest + PCA + LR),2005,1.1632670469431658,1.0766882260906412,-0.08657882085252466,0.00749589222021356
PCASR (SelectKBest + PCA + LR),2005,0.9631502992132976,1.0717301317297023,0.10857983251640468,0.011789580029290493
PCASR (SelectKBest + PCA + LR),2005,0.9475282425926524,1.0777061489521855,0.13017790635953308,0.016946287304151365
PCASR (SelectKBest + PCA + LR),2005,0.7659051838697457,1.0107629800418538,0.24485779617210812,0.05995534034626165
PCASR (SelectKBest + PCA + LR),2005,0.9402448632260604,1.0038431767496772,0.06359831352361678,0.0040447454830482565
PCASR (SelectKBest + PCA + LR),2005,0.680015863235924,1.0638553090335654,0.3838394457976414,0.1473327201502405
PCASR (SelectKBest + PCA + LR),2005,0.4654202873088354,1.0633156609082315,0.5978953735993962,0.3574788777715615
PCASR (SelectKBest + PCA + LR),2005,0.2641668551759062,1.06976752443113,0.8056006692552238,0.6489924383044644
PCASR (SelectKBest + PCA + LR),2005,0.8201460441389108,0.9870929108445391,0.1669468667056283,0.027871256302826823
PCASR (SelectKBest + PCA + LR),2005,0.6178351278150642,1.013062600465365,0.39522747265030067,0.15620475513754417
PCASR (SelectKBest + PCA + LR),2005,1.254772233006016,1.0759452699604917,-0.17882696304552437,0.03197908271208534
PCASR (SelectKBest + PCA + LR),2005,1.0510501338020537,1.0687115167133574,0.017661382911303702,0.00031192444633969046
PCASR (SelectKBest + PCA + LR),2005,0.9516893504938084,1.0216861049471326,0.0699967544533242,0.004899545633998962
PCASR (SelectKBest + PCA + LR),2005,0.7378733742640606,1.0585231259135024,0.32064975164944176,0.10281626323284868
PCASR (SelectKBest + PCA + LR),2005,0.3021469648662025,1.0638553090335654,0.7617083441673629,0.5801996015741857
PCASR (SelectKBest + PCA + LR),2005,0.7009044202503393,1.0655824501756228,0.36467802992528353,0.132990065510186
PCASR (SelectKBest + PCA + LR),2005,0.9151099844501488,1.0091028181362616,0.09399283368611278,0.008834652784345257
PCASR (SelectKBest + PCA + LR),2005,0.8166746251320058,1.0790274521570973,0.26235282702509144,0.06882900584805755
PCASR (SelectKBest + PCA + LR),2005,0.2604300446055276,1.0543683395243877,0.79393829491886,0.6303380161386668
PCASR (SelectKBest + PCA + LR),2005,0.9190472792622776,1.0849803845418207,0.16593310527954308,0.027533795427711928
PCASR (SelectKBest + PCA + LR),2005,0.9806095931837562,1.0107629800418538,0.030153386858097653,0.0009092267390140962
PCASR (SelectKBest + PCA + LR),2005,1.118966810993774,1.0195725531617499,-0.09939425783202416,0.009879218489978896
PCASR (SelectKBest + PCA + LR),2005,0.2840505592798406,1.005059314527297,0.7210087552474564,0.5198536251434865
PCASR (SelectKBest + PCA + LR),2005,1.6933301166867691,1.006719047354398,-0.686611069332371,0.47143476052974204
PCASR (SelectKBest + PCA + LR),2005,0.822097145719379,1.075566960729713,0.25346981501033394,0.06424694712137291
PCASR (SelectKBest + PCA + LR),2005,1.1430282554086786,1.0759452699604917,-0.06708298544818692,0.004500126936641658
PCASR (SelectKBest + PCA + LR),2005,1.1232800806388148,1.0195725531617499,-0.10370752747706491,0.010755251255406172
PCASR (SelectKBest + PCA + LR),2005,0.3659187034747928,1.0655824501756228,0.69966374670083,0.48952935844744316
PCASR (SelectKBest + PCA + LR),2005,0.9042324807566592,1.0106227516006179,0.10639027084395869,0.011318889730250886
PCASR (SelectKBest + PCA + LR),2005,0.544663390219367,1.0585231259135024,0.5138597356941353,0.26405182796764665
PCASR (SelectKBest + PCA + LR),2005,0.8724546761468841,1.0790274521570973,0.20657277601021318,0.0426723117885657
PCASR (SelectKBest + PCA + LR),2005,0.1414241796205917,1.0613914632894166,0.9199672836688249,0.8463398030209961
PCASR (SelectKBest + PCA + LR),2005,1.3702267115437077,1.0158817696686973,-0.3543449418750104,0.1255603378324045
PCASR (SelectKBest + PCA + LR),2005,0.8266850518834951,1.0108508157110196,0.1841657638275246,0.03391702856617557
PCASR (SelectKBest + PCA + LR),2005,0.8848667872940331,1.0038431767496772,0.11897638945564404,0.014155381247901087
PCASR (SelectKBest + PCA + LR),2005,0.9811061444043396,1.0585231259135024,0.07741698150916276,0.0059933890259900495
PCASR (SelectKBest + PCA + LR),2005,0.3359197985140006,1.0510089029599816,0.7150891044459811,0.5113524272973552
PCASR (SelectKBest + PCA + LR),2005,0.9567734709644222,1.0717301317297023,0.1149566607652801,0.01321503385430369
PCASR (SelectKBest + PCA + LR),2005,0.9273752245218028,1.0717301317297023,0.14435490720789956,0.020838339235001294
PCASR (SelectKBest + PCA + LR),2005,0.2472941189950124,0.9935523686238389,0.7462582496288265,0.5569013751390799
PCASR (SelectKBest + PCA + LR),2005,0.8431213385682278,1.0840951292489056,0.2409737906806778,0.058068367795015126
PCASR (SelectKBest + PCA + LR),2005,1.276248300266249,1.082433372272144,-0.19381492799410505,0.03756422631336012
PCASR (SelectKBest + PCA + LR),2005,0.8477627962015524,1.0790274521570973,0.2312646559555449,0.05348334109423655
PCASR (SelectKBest + PCA + LR),2005,0.4313442467341011,1.0613914632894166,0.6300472165553155,0.3969594950891006
PCASR (SelectKBest + PCA + LR),2005,0.2710989412514719,1.0613914632894166,0.7902925220379446,0.6245622703890952
PCASR (SelectKBest + PCA + LR),2005,0.998418034151831,1.0742596148324288,0.07584158068059788,0.005751945360131637
PCASR (SelectKBest + PCA + LR),2005,1.0317448185658058,1.082433372272144,0.05068855370633818,0.00256932947684033
PCASR (SelectKBest + PCA + LR),2005,2.4828753710820672,1.075566960729713,-1.4073084103523543,1.9805169618484706
PCASR (SelectKBest + PCA + LR),2005,1.0392367181899798,1.075566960729713,0.03633024253973316,0.001319886522995837
PCASR (SelectKBest + PCA + LR),2005,0.9148522852655582,1.0687115167133574,0.15385923144779923,0.02367266310170745
PCASR (SelectKBest + PCA + LR),2005,0.7584492813307686,1.0655824501756228,0.3071331688448542,0.09433078340468172
PCASR (SelectKBest + PCA + LR),2005,0.817533085542259,1.0512820736643926,0.23374898812213363,0.05463858944812137
PCASR (SelectKBest + PCA + LR),2005,0.6435509296752188,1.0572714209227645,0.41372049124754573,0.17116464487811056
PCASR (SelectKBest + PCA + LR),2005,0.6625053447389291,1.0765431733495368,0.41403782861060767,0.17142732352058693
PCASR (SelectKBest + PCA + LR),2005,0.1342124047348655,1.0512820736643926,0.9170696689295271,0.8410167776705125
PCASR (SelectKBest + PCA + LR),2005,0.7668512639397124,1.0543683395243877,0.2875170755846753,0.0826660687527639
PCASR (SelectKBest + PCA + LR),2005,0.3165717710437498,1.0585231259135024,0.7419513548697526,0.5504918129930616
PCASR (SelectKBest + PCA + LR),2005,0.656536626167379,1.06976752443113,0.41323089826375103,0.17075977527986655
PCASR (SelectKBest + PCA + LR),2005,0.7174760869596777,1.0655824501756228,0.3481063632159451,0.12117804011143152
PCASR (SelectKBest + PCA + LR),2005,0.9965594014671332,1.0790274521570973,0.0824680506899641,0.006800979384602488
PCASR (SelectKBest + PCA + LR),2005,1.0576726913220835,1.085709354203405,0.02803666288132156,0.0007860544655208742
PCASR (SelectKBest + PCA + LR),2005,0.3300873182742699,1.06976752443113,0.7396802061568601,0.5471268073802551
PCASR (SelectKBest + PCA + LR),2005,1.1103588875557604,1.081972900178901,-0.02838598737685949,0.0008057642793592262
PCASR (SelectKBest + PCA + LR),2005,0.70304805536552,1.0638553090335654,0.36080725366804545,0.1301818742994773
PCASR (SelectKBest + PCA + LR),2005,0.975647775762765,1.0638553090335654,0.08820753327080044,0.007780568925719367
PCASR (SelectKBest + PCA + LR),2005,0.2098031081554265,1.0633156609082315,0.853512552752805,0.7284836777066098
PCASR (SelectKBest + PCA + LR),2005,0.4151588024357741,1.0633156609082315,0.6481568584724574,0.4201073131848852
PCASR (SelectKBest + PCA + LR),2005,0.5304220487578715,1.0633156609082315,0.53289361215036,0.28397560187065835
PCASR (SelectKBest + PCA + LR),2005,0.2905521525357015,1.06976752443113,0.7792153718954284,0.6071765957981309
PCASR (SelectKBest + PCA + LR),2005,0.0979975915080926,1.06976752443113,0.9717699329230374,0.9443368025332446
PCASR (SelectKBest + PCA + LR),2005,0.2252823054285729,1.0585231259135024,0.8332408204849295,0.6942902649223985
PCASR (SelectKBest + PCA + LR),2005,1.141816250139725,1.0840951292489056,-0.05772112089081949,0.003331727796892598
PCASR (SelectKBest + PCA + LR),2005,1.1700169580925115,1.0585231259135024,-0.1114938321790091,0.012430874613961045
PCASR (SelectKBest + PCA + LR),2005,0.3349323898052548,1.0585231259135024,0.7235907361082476,0.5235835533816757
PCASR (SelectKBest + PCA + LR),2005,0.7796824178096574,1.0655824501756228,0.2859000323659654,0.08173882850686007
PCASR (SelectKBest + PCA + LR),2005,1.487117141651387,1.0717301317297023,-0.41538700992168476,0.17254636801167783
PCASR (SelectKBest + PCA + LR),2005,0.8138681960161693,1.077951048974404,0.26408285295823464,0.06973975322656058
PCASR (SelectKBest + PCA + LR),2005,0.2045276073691517,1.0633156609082315,0.8587880535390797,0.7375169209014413
PCASR (SelectKBest + PCA + LR),2005,0.7450017105133373,1.0638553090335654,0.3188535985202281,0.10166761728929881
PCASR (SelectKBest + PCA + LR),2005,0.3669300611245367,1.0510089029599816,0.6840788418354449,0.4679638618469236
PCASR (SelectKBest + PCA + LR),2005,0.179099240513306,1.0613914632894166,0.8822922227761105,0.7784395663712098
PCASR (SelectKBest + PCA + LR),2005,0.5989452828357509,1.06976752443113,0.4708222415953791,0.22167358318089753
PCASR (SelectKBest + PCA + LR),2006,1.0763714886096774,0.8764774555959371,-0.1998940330137402,0.03995762443449826
PCASR (SelectKBest + PCA + LR),2006,1.158628021327636,1.0466767794874385,-0.11195124184019756,0.0125330805495624
PCASR (SelectKBest + PCA + LR),2006,0.9974161522678848,0.9967964052614473,-0.000619747006437521,3.840863519882687e-07
PCASR (SelectKBest + PCA + LR),2006,1.1209486976691108,1.0224988317927135,-0.09844986587639726,0.00969237609108061
PCASR (SelectKBest + PCA + LR),2006,1.155082158978234,0.9557671870323083,-0.19931497194592573,0.03972645804180516
PCASR (SelectKBest + PCA + LR),2006,1.0892317164710688,0.989483072990041,-0.09974864348102774,0.009949791876305179
PCASR (SelectKBest + PCA + LR),2006,0.911578470319884,1.0053080900502709,0.09372961973038685,0.008785241614802923
PCASR (SelectKBest + PCA + LR),2006,1.2396465943561408,0.947525264333114,-0.29212133002302676,0.08533487145442212
PCASR (SelectKBest + PCA + LR),2006,1.013782429200732,0.9830923300791605,-0.0306900991215715,0.0009418821840918839
PCASR (SelectKBest + PCA + LR),2006,1.0505718722007755,0.9327511671771633,-0.1178207050236122,0.013881718532261035
PCASR (SelectKBest + PCA + LR),2006,1.0445697320624705,0.9922423974341373,-0.052327334628333166,0.0027381499493055552
PCASR (SelectKBest + PCA + LR),2006,1.0822872841575886,1.0334106820634497,-0.04887660209413891,0.002388922232268784
PCASR (SelectKBest + PCA + LR),2006,1.0279494856798663,1.0223842905192069,-0.005565195160659453,3.097139717622739e-05
PCASR (SelectKBest + PCA + LR),2006,0.985268748251338,0.9732546395133276,-0.012014108738010454,0.00014433880876873914
PCASR (SelectKBest + PCA + LR),2006,0.956579217149887,0.9293374482934935,-0.02724176885639351,0.0007421139704251714
PCASR (SelectKBest + PCA + LR),2006,1.206126747542905,1.0053080900502709,-0.20081865749263406,0.040328133197143866
PCASR (SelectKBest + PCA + LR),2006,1.7022283340790896,0.9817115194278964,-0.7205168146511932,0.519144480195102
PCASR (SelectKBest + PCA + LR),2006,1.0535092919884936,0.9756494540818756,-0.07785983790661799,0.006062154358844827
PCASR (SelectKBest + PCA + LR),2006,1.1151812895582975,1.0374398219685455,-0.07774146758975209,0.006043735783008475
PCASR (SelectKBest + PCA + LR),2006,1.1025132574425145,0.9490678132916222,-0.15344544415089234,0.02354550433066462
PCASR (SelectKBest + PCA + LR),2006,0.8690829646566127,0.9894832132152357,0.12040024855862297,0.014496219852978193
PCASR (SelectKBest + PCA + LR),2006,1.2110831185673183,0.9557671870323083,-0.25531593153501,0.06518622489558991
PCASR (SelectKBest + PCA + LR),2006,1.133015883448474,0.9650165204732661,-0.1679993629752079,0.028223785960075656
PCASR (SelectKBest + PCA + LR),2006,0.9191998702242176,0.9228932645851045,0.0036933943608868924,1.3641161905031096e-05
PCASR (SelectKBest + PCA + LR),2006,1.7506584422079656,0.9688311628756635,-0.7818272793323021,0.6112538947081496
PCASR (SelectKBest + PCA + LR),2006,1.3511686848158628,1.0373593643522416,-0.3138093204636212,0.0984762896098397
PCASR (SelectKBest + PCA + LR),2006,1.1025282324762693,1.0334106820634497,-0.06911755041281964,0.004777235775068664
PCASR (SelectKBest + PCA + LR),2006,1.218931495094896,0.9650165204732661,-0.2539149746216298,0.06447281433710292
PCASR (SelectKBest + PCA + LR),2006,1.121079700431497,0.9817115194278964,-0.1393681810036006,0.01942348987625238
PCASR (SelectKBest + PCA + LR),2006,1.2551687400553453,0.9826070999041236,-0.27256164015122164,0.07428984768192404
PCASR (SelectKBest + PCA + LR),2006,1.72024288362084,0.9293374482934935,-0.7909054353273466,0.6255314076303397
PCASR (SelectKBest + PCA + LR),2006,1.026808553017076,1.0374398219685455,0.010631268951469375,0.00011302387951847674
PCASR (SelectKBest + PCA + LR),2006,0.889745222290109,0.9607874495021775,0.07104222721206854,0.005046998047251172
PCASR (SelectKBest + PCA + LR),2006,1.254893753783615,0.9635438122291493,-0.2913499415544656,0.08488478844379051
PCASR (SelectKBest + PCA + LR),2006,0.9814136364542816,0.9296984144218919,-0.05171522203238965,0.00267446418985936
PCASR (SelectKBest + PCA + LR),2006,0.980584415008873,0.989483072990041,0.008898657981168068,7.918611386580614e-05
PCASR (SelectKBest + PCA + LR),2006,1.0480882882181315,0.9293374482934935,-0.11875083992463797,0.014101761982806993
PCASR (SelectKBest + PCA + LR),2006,1.274158884871175,0.9058819818748997,-0.36827690299627525,0.13562787728052791
PCASR (SelectKBest + PCA + LR),2006,1.185500458420151,0.9967964052614473,-0.18870405315870364,0.035609219678522853
PCASR (SelectKBest + PCA + LR),2006,1.1548739527794876,0.9967964052614473,-0.15807754751804026,0.02498851102931828
PCASR (SelectKBest + PCA + LR),2006,0.9584561259462414,0.919174960260158,-0.03928116568608342,0.0015430099776575375
PCASR (SelectKBest + PCA + LR),2006,1.1058245445392116,1.0354875103568575,-0.07033703418235415,0.004947298377569656
PCASR (SelectKBest + PCA + LR),2006,1.2237995559709018,0.9513178917231851,-0.2724816642477167,0.07424625735120541
PCASR (SelectKBest + PCA + LR),2006,1.200145747850317,1.0374398219685455,-0.16270592588177157,0.026473218317044543
PCASR (SelectKBest + PCA + LR),2006,1.2987394932849703,0.9607874495021775,-0.33795204378279275,0.11421158389696667
PCASR (SelectKBest + PCA + LR),2006,1.0616988994745211,0.9607874495021775,-0.10091144997234358,0.010183120735520801
PCASR (SelectKBest + PCA + LR),2006,1.1363550660664212,1.0184865149183182,-0.11786855114810302,0.013892995349752977
PCASR (SelectKBest + PCA + LR),2006,1.031757726218956,0.9513178917231851,-0.08043983449577075,0.006470566973706989
PCASR (SelectKBest + PCA + LR),2006,2.9777742019200284,1.0373593643522416,-1.9404148375677868,3.76520974185322
PCASR (SelectKBest + PCA + LR),2006,1.60310587620893,1.0373593643522416,-0.5657465118566884,0.3200691156780101
PCASR (SelectKBest + PCA + LR),2006,1.0170318330254011,1.0223842905192069,0.005352457493805751,2.8648801222997343e-05
PCASR (SelectKBest + PCA + LR),2006,1.150443133127138,0.9817115194278964,-0.16873161369924172,0.028470357461550137
PCASR (SelectKBest + PCA + LR),2006,0.5467846878132774,0.9001810543330147,0.35339636651973727,0.12488899186935248
PCASR (SelectKBest + PCA + LR),2006,0.877659148335611,0.9978419979654618,0.12018284962985082,0.014443917345151333
PCASR (SelectKBest + PCA + LR),2006,1.5379620167685368,0.9961318612515954,-0.5418301555169415,0.293579917427513
PCASR (SelectKBest + PCA + LR),2006,0.5115952741741061,0.9001810543330147,0.38858578015890854,0.1509989085417076
PCASR (SelectKBest + PCA + LR),2006,1.5489744855231606,0.9490678132916222,-0.5999066722315385,0.35988801538791854
PCASR (SelectKBest + PCA + LR),2006,1.0412709384924606,0.9293374482934935,-0.11193349019896703,0.012529106228122248
PCASR (SelectKBest + PCA + LR),2006,1.1647313963262182,0.9830923300791605,-0.18163906624705772,0.032992750387103024
PCASR (SelectKBest + PCA + LR),2006,1.3237243702949255,0.9817115194278964,-0.34201285086702915,0.11697279015819272
PCASR (SelectKBest + PCA + LR),2006,1.3244378845135545,1.0374398219685455,-0.28699806254500904,0.08236788790458892
PCASR (SelectKBest + PCA + LR),2006,1.1396624562053896,1.0188467227201983,-0.12081573348519137,0.014596441457564792
PCASR (SelectKBest + PCA + LR),2006,1.0289199012244703,0.9830923300791605,-0.045827571145309776,0.0021001662770784293
PCASR (SelectKBest + PCA + LR),2006,1.146546444999352,1.033447269121961,-0.11309917587739116,0.012791423584145058
PCASR (SelectKBest + PCA + LR),2006,0.668504493345545,1.0053080900502709,0.3368035967047259,0.11343666275323967
PCASR (SelectKBest + PCA + LR),2006,1.3474877281961986,1.0053080900502709,-0.34217963814592767,0.11708690476167799
PCASR (SelectKBest + PCA + LR),2006,1.238879627326435,0.947525264333114,-0.29135436299332107,0.0848873648352439
PCASR (SelectKBest + PCA + LR),2006,1.0648127030294217,0.947525264333114,-0.11728743869630764,0.013756343275940124
PCASR (SelectKBest + PCA + LR),2006,1.2332334962184712,0.947525264333114,-0.2857082318853572,0.08162919376705705
PCASR (SelectKBest + PCA + LR),2006,1.0090989493278169,0.9830923300791605,-0.026006619248656326,0.0006763442447445818
PCASR (SelectKBest + PCA + LR),2006,0.2899033735182019,0.9830923300791605,0.6931889565609586,0.4805109294980705
PCASR (SelectKBest + PCA + LR),2006,1.4213666435322636,0.9293374482934935,-0.4920291952387701,0.24209272896731174
PCASR (SelectKBest + PCA + LR),2006,1.0490159900428004,1.0354875103568575,-0.013528479685942951,0.0001830197626129711
PCASR (SelectKBest + PCA + LR),2006,0.7654226043693648,0.9293374482934935,0.1639148439241287,0.026868076058671468
PCASR (SelectKBest + PCA + LR),2006,1.161023720991084,0.9293374482934935,-0.23168627269759057,0.0536785289565023
PCASR (SelectKBest + PCA + LR),2006,1.2779837846759532,0.9817115194278964,-0.29627226524805683,0.08777725515521495
PCASR (SelectKBest + PCA + LR),2006,1.5706177204585634,0.9967964052614473,-0.5738213151971161,0.32927090177454804
PCASR (SelectKBest + PCA + LR),2006,1.045854312138771,1.0178819436925077,-0.027972368446263163,0.0007824533964934991
PCASR (SelectKBest + PCA + LR),2006,0.4161462861025503,0.947525264333114,0.5313789782305638,0.282363618505358
PCASR (SelectKBest + PCA + LR),2006,1.0135548451561789,1.0053080900502709,-0.008246755105907999,6.800896977681966e-05
PCASR (SelectKBest + PCA + LR),2006,1.385762984110869,0.9058819818748997,-0.4798810022359693,0.23028577630699837
PCASR (SelectKBest + PCA + LR),2006,1.0705321818168925,0.9607874495021775,-0.10974473231471493,0.012043906270828436
PCASR (SelectKBest + PCA + LR),2006,1.2007122981656928,0.9830923300791605,-0.21761996808653228,0.04735845050998333
PCASR (SelectKBest + PCA + LR),2007,0.6077834942407927,0.839163671848408,0.2313801776076153,0.05353678658973161
PCASR (SelectKBest + PCA + LR),2007,0.9218566248296896,1.0205863022591983,0.09872967742950878,0.009747549205334854
PCASR (SelectKBest + PCA + LR),2007,1.1113027826378938,0.9530420635896467,-0.15826071904824712,0.02504645519366821
PCASR (SelectKBest + PCA + LR),2007,1.1188709670507129,1.0595080137550728,-0.05936295329564012,0.00352396022398035
PCASR (SelectKBest + PCA + LR),2007,1.093719580695288,0.9542481849353985,-0.13947139575988943,0.0194522702352117
PCASR (SelectKBest + PCA + LR),2007,1.1188568341417668,0.8922256097217971,-0.22663122441996975,0.05136171188209469
PCASR (SelectKBest + PCA + LR),2007,1.000843677919858,0.9260607026211245,-0.07478297529873346,0.005592493394530979
PCASR (SelectKBest + PCA + LR),2007,0.8328487881830959,0.9656356942381811,0.13278690605508514,0.017632362419682007
PCASR (SelectKBest + PCA + LR),2007,1.3424967482763015,0.9740466877728371,-0.3684500605034644,0.1357554470850066
PCASR (SelectKBest + PCA + LR),2007,1.064950072698466,0.8681978114800432,-0.19675226121842282,0.038711452294562486
PCASR (SelectKBest + PCA + LR),2007,0.8760308725246598,0.9400068728188501,0.06397600029419026,0.0040929286136422325
PCASR (SelectKBest + PCA + LR),2007,1.5370723495645615,1.066247775327111,-0.4708245742374506,0.22167577970587665
PCASR (SelectKBest + PCA + LR),2007,0.9766439834103222,0.9670589339731764,-0.009585049437145776,9.187317271252856e-05
PCASR (SelectKBest + PCA + LR),2007,0.9006159311695046,0.9936908304093636,0.09307489923985901,0.008662936868509908
PCASR (SelectKBest + PCA + LR),2007,0.9904716071370572,0.8982845382630806,-0.09218706887397654,0.008498455667575294
PCASR (SelectKBest + PCA + LR),2007,1.3093382492606644,0.9260607026211245,-0.38327754663953995,0.1469016777580247
PCASR (SelectKBest + PCA + LR),2007,1.642267470678335,0.9297123992064735,-0.7125550714718614,0.5077347298802695
PCASR (SelectKBest + PCA + LR),2007,1.0392390319364715,0.9905364843981047,-0.04870254753836678,0.002371938136726876
PCASR (SelectKBest + PCA + LR),2007,0.9740015123490292,1.010748537779863,0.03674702543083386,0.0013503438780143502
PCASR (SelectKBest + PCA + LR),2007,1.2676106091313122,0.803338202020736,-0.46427240711057616,0.21554886800424858
PCASR (SelectKBest + PCA + LR),2007,0.7833378324945988,1.0690853867015848,0.28574755420698605,0.08165166473527444
PCASR (SelectKBest + PCA + LR),2007,1.1797108326112686,0.9542481849353985,-0.2254626476758701,0.05083340549701353
PCASR (SelectKBest + PCA + LR),2007,0.7352250155713547,1.0229017894248837,0.2876767738535291,0.08275792621477451
PCASR (SelectKBest + PCA + LR),2007,0.8905291237905042,0.9618618214458217,0.07133269765531747,0.0050883537547849345
PCASR (SelectKBest + PCA + LR),2007,1.81550477111118,0.8943661210842908,-0.9211386500268892,0.84849641257336
PCASR (SelectKBest + PCA + LR),2007,1.1763040264883609,0.9977732813939069,-0.178530745094454,0.031873226943980905
PCASR (SelectKBest + PCA + LR),2007,1.3261720289942696,1.066247775327111,-0.25992425366715866,0.06756061764442944
PCASR (SelectKBest + PCA + LR),2007,0.9273176290716706,1.0229017894248837,0.09558416035321315,0.009136331710428765
PCASR (SelectKBest + PCA + LR),2007,1.3472356547304984,0.9297123992064735,-0.4175232555240249,0.1743256689033802
PCASR (SelectKBest + PCA + LR),2007,0.9297409917031336,0.9887683453118093,0.059027353608675726,0.003484228474043643
PCASR (SelectKBest + PCA + LR),2007,1.7259388836805405,0.8982845382630806,-0.8276543454174599,0.685011715488404
PCASR (SelectKBest + PCA + LR),2007,0.8850595117458048,1.010748537779863,0.1256890260340583,0.015797731265390184
PCASR (SelectKBest + PCA + LR),2007,1.075568511232586,0.9366030038568456,-0.13896550737574032,0.019311412240196935
PCASR (SelectKBest + PCA + LR),2007,0.8686193821159613,1.0308374110873864,0.162218028971425,0.026314688923374085
PCASR (SelectKBest + PCA + LR),2007,0.5678065162088848,1.052647608940223,0.48484109273133824,0.23507088520091812
PCASR (SelectKBest + PCA + LR),2007,1.0313728709314858,0.8922256097217971,-0.13914726120968868,0.01936196030215733
PCASR (SelectKBest + PCA + LR),2007,1.5969159060245808,0.8982845382630806,-0.6986313677615001,0.48808578802030445
PCASR (SelectKBest + PCA + LR),2007,0.5808850009168598,0.9028699169645553,0.3219849160476955,0.10367428616224153
PCASR (SelectKBest + PCA + LR),2007,1.1212042004749256,0.9530420635896467,-0.16816213688527892,0.028278504281823286
PCASR (SelectKBest + PCA + LR),2007,1.0390876266491191,0.9530420635896467,-0.08604556305947242,0.007403838922221645
PCASR (SelectKBest + PCA + LR),2007,1.068971268053249,0.8642266538010778,-0.20474461425217128,0.04192035706527042
PCASR (SelectKBest + PCA + LR),2007,0.9759682035592016,1.0511061792539573,0.07513797569475578,0.00564571539150571
PCASR (SelectKBest + PCA + LR),2007,0.9771300196016772,1.019285014714617,0.04215499511293985,0.001777043612971983
PCASR (SelectKBest + PCA + LR),2007,1.021639978969609,1.010748537779863,-0.010891441189745832,0.0001186234911896921
PCASR (SelectKBest + PCA + LR),2007,1.4275901203186154,0.9366030038568456,-0.49098711646176985,0.24106834853144354
PCASR (SelectKBest + PCA + LR),2007,1.0897762399908697,0.9366030038568456,-0.15317323613402412,0.02346204026776951
PCASR (SelectKBest + PCA + LR),2007,0.9840012651205766,1.0016728899479332,0.017671624827356625,0.0003122863240388471
PCASR (SelectKBest + PCA + LR),2007,0.6939290356705141,1.019285014714617,0.32535597904410296,0.10585651309974677
PCASR (SelectKBest + PCA + LR),2007,2.678423023593817,0.9977732813939069,-1.6806497421999103,2.824583555956625
PCASR (SelectKBest + PCA + LR),2007,1.6971080271998988,0.9977732813939069,-0.699334745805992,0.48906908669153143
PCASR (SelectKBest + PCA + LR),2007,0.9506621459722786,0.9670589339731764,0.016396788000897833,0.00026885465674638716
PCASR (SelectKBest + PCA + LR),2007,1.0239823110187447,0.9297123992064735,-0.09426991181227118,0.008886816273093385
PCASR (SelectKBest + PCA + LR),2007,1.1252930806757813,0.8541851165805949,-0.27110796409518634,0.07349952819583684
PCASR (SelectKBest + PCA + LR),2007,0.8828534112968807,0.902496355829562,0.01964294453268134,0.0003858452699139957
PCASR (SelectKBest + PCA + LR),2007,1.466237428014311,1.0293194000231107,-0.43691802799120016,0.19089736318371917
PCASR (SelectKBest + PCA + LR),2007,0.3725145227498597,0.8541851165805949,0.48167059383073524,0.23200656096125313
PCASR (SelectKBest + PCA + LR),2007,1.5808959413748491,0.803338202020736,-0.7775577393541131,0.6045960380294789
PCASR (SelectKBest + PCA + LR),2007,1.1757186577992682,0.8982845382630806,-0.2774341195361876,0.07696969068281961
PCASR (SelectKBest + PCA + LR),2007,1.2136894075915208,0.9740466877728371,-0.23964271981868368,0.05742863316209613
PCASR (SelectKBest + PCA + LR),2007,1.2746137955528078,0.9297123992064735,-0.3449013963463343,0.1189569732016512
PCASR (SelectKBest + PCA + LR),2007,1.1364118673410228,1.010748537779863,-0.12566332956115978,0.015791272396396654
PCASR (SelectKBest + PCA + LR),2007,0.9358384613528464,1.0939380829767311,0.1580996216238847,0.02499549035761551
PCASR (SelectKBest + PCA + LR),2007,1.4624939173767104,0.9740466877728371,-0.4884472296038733,0.23858069610769894
PCASR (SelectKBest + PCA + LR),2007,0.9547604352932856,1.0927065939267795,0.1379461586334939,0.019029142681737065
PCASR (SelectKBest + PCA + LR),2007,0.9100499282904464,0.9260607026211245,0.0160107743306781,0.0002563448946679008
PCASR (SelectKBest + PCA + LR),2007,1.5941872350562152,0.9260607026211245,-0.6681265324350907,0.4463930633437383
PCASR (SelectKBest + PCA + LR),2007,0.949362275023974,0.9656356942381811,0.016273419214207108,0.0002648241729213251
PCASR (SelectKBest + PCA + LR),2007,1.1750858768245278,0.9656356942381811,-0.20945018258634673,0.04386937898545398
PCASR (SelectKBest + PCA + LR),2007,1.096559134935856,0.9656356942381811,-0.13092344069767503,0.017140947324117632
PCASR (SelectKBest + PCA + LR),2007,1.4236997079549376,0.9740466877728371,-0.4496530201821005,0.2021878385588845
PCASR (SelectKBest + PCA + LR),2007,0.3452952877523675,0.9740466877728371,0.6287514000204696,0.39532832302770055
PCASR (SelectKBest + PCA + LR),2007,1.4406922906101234,0.8982845382630806,-0.5424077523470427,0.29420616980617087
PCASR (SelectKBest + PCA + LR),2007,0.8735531770199342,1.0511061792539573,0.17755300223402315,0.03152506860231503
PCASR (SelectKBest + PCA + LR),2007,1.2621751554299667,0.8982845382630806,-0.3638906171668861,0.13241638126209726
PCASR (SelectKBest + PCA + LR),2007,1.0846381609465352,0.8982845382630806,-0.18635362268345457,0.03472767268724735
PCASR (SelectKBest + PCA + LR),2007,1.1943183463470906,0.9297123992064735,-0.264605947140617,0.07001630726218301
PCASR (SelectKBest + PCA + LR),2007,1.4974211653261291,0.9530420635896467,-0.5443791017364824,0.29634860640741945
PCASR (SelectKBest + PCA + LR),2007,0.9721196687998964,1.008336609599501,0.03621694079960458,0.0013116668008820629
PCASR (SelectKBest + PCA + LR),2007,0.6240174737549784,0.9656356942381811,0.3416182204832027,0.11670300856611007
PCASR (SelectKBest + PCA + LR),2007,0.9193477510899478,0.9260607026211245,0.006712951531176681,4.506371825992734e-05
PCASR (SelectKBest + PCA + LR),2007,0.7963584400948706,0.9028699169645553,0.10651147686968476,0.011344694704961392
PCASR (SelectKBest + PCA + LR),2007,0.9738262742639464,0.9366030038568456,-0.03722327040710083,0.0013855718598001483
PCASR (SelectKBest + PCA + LR),2007,1.4229833466147088,0.9740466877728371,-0.4489366588418717,0.2015441236521031
PCASR (SelectKBest + PCA + LR),2008,1.0466342243685374,0.9883082196827089,-0.05832600468582849,0.003401922822611287
PCASR (SelectKBest + PCA + LR),2008,0.9311029342275255,1.020534491138727,0.08943155691120153,0.007998003371561478
PCASR (SelectKBest + PCA + LR),2008,1.1602450470358163,1.0175769073145438,-0.14266813972127257,0.020354198091528553
PCASR (SelectKBest + PCA + LR),2008,0.7548126455538525,1.0138503657209752,0.2590377201671227,0.06710054046938055
PCASR (SelectKBest + PCA + LR),2008,0.7743813927495575,0.9848064578634497,0.21042506511389214,0.044278708028185745
PCASR (SelectKBest + PCA + LR),2008,1.2576752627581729,0.9870666043707456,-0.2706086583874273,0.07322904599424333
PCASR (SelectKBest + PCA + LR),2008,0.9382848082325708,1.0211337379193288,0.08284892968675805,0.00686394515024138
PCASR (SelectKBest + PCA + LR),2008,1.1294846800023768,1.0121611564125854,-0.11732352358979137,0.013764809187524332
PCASR (SelectKBest + PCA + LR),2008,1.356437301225072,1.0096526095051148,-0.34678469171995707,0.12025962241130567
PCASR (SelectKBest + PCA + LR),2008,1.250224840959607,0.9837248082997548,-0.2665000326598522,0.0710222674077023
PCASR (SelectKBest + PCA + LR),2008,1.4060244112248232,0.9988353255364572,-0.4071890856883661,0.16580295150372754
PCASR (SelectKBest + PCA + LR),2008,1.574484551616265,1.0153304669944,-0.559154084621865,0.31265329034931577
PCASR (SelectKBest + PCA + LR),2008,1.27358236037336,1.0204037177407554,-0.2531786426326046,0.06409942508528811
PCASR (SelectKBest + PCA + LR),2008,1.1668091146692905,1.0016021480604473,-0.16520696660884315,0.027293341816095416
PCASR (SelectKBest + PCA + LR),2008,1.0130901281193343,1.0104919333871596,-0.002598194732174708,6.750615866300402e-06
PCASR (SelectKBest + PCA + LR),2008,1.454601384315574,1.0211337379193288,-0.43346764639624524,0.1878942004723003
PCASR (SelectKBest + PCA + LR),2008,2.015705368469628,1.0115104543880915,-1.0041949140815363,1.008407425467224
PCASR (SelectKBest + PCA + LR),2008,1.1601202807210598,0.9965856854447395,-0.1635345952763203,0.026743563852189883
PCASR (SelectKBest + PCA + LR),2008,1.1941378191109957,1.0298759393140684,-0.1642618797969273,0.026981965154420192
PCASR (SelectKBest + PCA + LR),2008,1.4613325742951937,1.0136218972506466,-0.44771067704454715,0.2004448503396868
PCASR (SelectKBest + PCA + LR),2008,1.0249541891926746,1.0348523418073339,0.009898152614659317,9.797342518308707e-05
PCASR (SelectKBest + PCA + LR),2008,0.8408862258819458,0.9848064578634497,0.14392023198150383,0.02071303317360988
PCASR (SelectKBest + PCA + LR),2008,1.2913675017340078,1.0063347766121782,-0.28503272512182964,0.0812436543903765
PCASR (SelectKBest + PCA + LR),2008,0.513903415272034,0.9893017090989117,0.4753982938268777,0.22600353777350635
PCASR (SelectKBest + PCA + LR),2008,2.2129102240515164,0.9854220676028105,-1.227488156448706,1.5067271742218427
PCASR (SelectKBest + PCA + LR),2008,1.1853626427109702,1.019146825026384,-0.16621581768458626,0.02762769804855562
PCASR (SelectKBest + PCA + LR),2008,1.1545050657073672,1.0153304669944,-0.1391745987129671,0.019369568926915427
PCASR (SelectKBest + PCA + LR),2008,1.342433176467415,1.0063347766121782,-0.3360983998552367,0.11296213438525057
PCASR (SelectKBest + PCA + LR),2008,1.453793963662234,1.0115104543880915,-0.4422835092741424,0.1956147025758504
PCASR (SelectKBest + PCA + LR),2008,1.1976034604412378,0.9991069952221836,-0.19849646521905417,0.03940084670445918
PCASR (SelectKBest + PCA + LR),2008,1.8909984373357,1.0104919333871596,-0.8805065039485405,0.7752917034956811
PCASR (SelectKBest + PCA + LR),2008,1.1196136098752762,1.0298759393140684,-0.08973767056120785,0.00805284951775187
PCASR (SelectKBest + PCA + LR),2008,0.7960304079685299,1.0091220146847626,0.21309160671623273,0.0454080328529056
PCASR (SelectKBest + PCA + LR),2008,1.3187397509027752,1.007429031356594,-0.3113107195461813,0.09691436410436113
PCASR (SelectKBest + PCA + LR),2008,1.1999764422832169,1.0148313682080123,-0.18514507407520453,0.03427869845431297
PCASR (SelectKBest + PCA + LR),2008,1.2729411079649315,0.9870666043707456,-0.285874503594186,0.08172423180522226
PCASR (SelectKBest + PCA + LR),2008,1.3650202579128086,1.0104919333871596,-0.354528324525649,0.12569033289096387
PCASR (SelectKBest + PCA + LR),2008,1.0198462752041353,1.019342177832305,-0.0005040973718302144,2.5411416028612947e-07
PCASR (SelectKBest + PCA + LR),2008,1.3880696551185476,1.0175769073145438,-0.3704927478040039,0.1372648761753612
PCASR (SelectKBest + PCA + LR),2008,1.4287763193582486,1.0175769073145438,-0.4111994120437048,0.16908495646508853
PCASR (SelectKBest + PCA + LR),2008,1.336136337237675,0.9770529918297463,-0.35908334540792886,0.12894084894934993
PCASR (SelectKBest + PCA + LR),2008,1.1379573204004312,1.0316658264526657,-0.10629149394776549,0.011297881685647868
PCASR (SelectKBest + PCA + LR),2008,1.2618456903627098,1.0454441248635715,-0.21640156549913825,0.04682963755047782
PCASR (SelectKBest + PCA + LR),2008,1.263638174135561,1.0298759393140684,-0.2337622348214925,0.0546447824287386
PCASR (SelectKBest + PCA + LR),2008,1.505363172612196,1.0091220146847626,-0.4962411579274335,0.24625528682116
PCASR (SelectKBest + PCA + LR),2008,1.2866498524394052,1.0091220146847626,-0.2775278377546426,0.07702170072876724
PCASR (SelectKBest + PCA + LR),2008,1.059704141927202,1.0196469209318924,-0.04005722099530962,0.0016045809538670736
PCASR (SelectKBest + PCA + LR),2008,0.997047699079384,1.0454441248635715,0.04839642578418757,0.002342214028684375
PCASR (SelectKBest + PCA + LR),2008,2.8927459326507803,1.019146825026384,-1.8735991076243963,3.5103736160909342
PCASR (SelectKBest + PCA + LR),2008,1.865154348937388,1.019146825026384,-0.8460075239110041,0.7157287305140282
PCASR (SelectKBest + PCA + LR),2008,1.2011470529195634,1.0204037177407554,-0.18074333517880792,0.0326681532115589
PCASR (SelectKBest + PCA + LR),2008,1.3802856209718288,1.0115104543880915,-0.3687751665837373,0.13599512348886322
PCASR (SelectKBest + PCA + LR),2008,1.2821758332651951,1.0158493280169993,-0.2663265052481958,0.07092980739771726
PCASR (SelectKBest + PCA + LR),2008,1.074975524988636,1.020217558465454,-0.05475796652318188,0.002998434897753907
PCASR (SelectKBest + PCA + LR),2008,1.5639928629484057,1.0117053676536447,-0.552287495294761,0.3050214774589606
PCASR (SelectKBest + PCA + LR),2008,0.9892167298518908,1.0158493280169993,0.026632598165108545,0.000709295285024143
PCASR (SelectKBest + PCA + LR),2008,1.7033356893581568,1.0136218972506466,-0.6897137921075103,0.4757051150233219
PCASR (SelectKBest + PCA + LR),2008,1.3829156950164694,1.0104919333871596,-0.3724237616293098,0.13869945822612495
PCASR (SelectKBest + PCA + LR),2008,1.2507278899664052,1.0096526095051148,-0.24107528046129034,0.0581172908494898
PCASR (SelectKBest + PCA + LR),2008,1.5214413860886973,1.0115104543880915,-0.5099309317006058,0.2600295551050479
PCASR (SelectKBest + PCA + LR),2008,1.290093504859578,1.0298759393140684,-0.2602175655455097,0.06771318141843162
PCASR (SelectKBest + PCA + LR),2008,1.2240270383942815,1.0380103193749155,-0.186016719019366,0.03460221975472976
PCASR (SelectKBest + PCA + LR),2008,1.3956018960718397,1.0096526095051148,-0.3859492865667249,0.14895685180136392
PCASR (SelectKBest + PCA + LR),2008,1.178647205203827,1.0393067173405306,-0.13934048786329645,0.019415771557981465
PCASR (SelectKBest + PCA + LR),2008,1.0622038815608932,1.0211337379193288,-0.04107014364156436,0.0016867566987387294
PCASR (SelectKBest + PCA + LR),2008,1.6580956235395474,1.0211337379193288,-0.6369618856202186,0.4057204437328644
PCASR (SelectKBest + PCA + LR),2008,1.294414234088029,1.0121611564125854,-0.2822530776754435,0.07966679985725994
PCASR (SelectKBest + PCA + LR),2008,1.1480790427697092,1.0121611564125854,-0.13591788635712376,0.01847367183178801
PCASR (SelectKBest + PCA + LR),2008,1.2513162088654493,1.0121611564125854,-0.23915505245286384,0.05719513911373205
PCASR (SelectKBest + PCA + LR),2008,1.3626331120391777,1.0096526095051148,-0.3529805025340629,0.12459523516919957
PCASR (SelectKBest + PCA + LR),2008,1.6981102334935785,1.0104919333871596,-0.6876183001064189,0.47281892664124114
PCASR (SelectKBest + PCA + LR),2008,1.4231396534803504,1.0316658264526657,-0.39147382702768474,0.15325175724770163
PCASR (SelectKBest + PCA + LR),2008,1.0529783536916737,1.0104919333871596,-0.042486420304514105,0.0018050959102918285
PCASR (SelectKBest + PCA + LR),2008,1.355786466430156,1.0104919333871596,-0.3452945330429964,0.11922831454938093
PCASR (SelectKBest + PCA + LR),2008,1.4928597695176264,1.0115104543880915,-0.48134931512953494,0.23169716317567232
PCASR (SelectKBest + PCA + LR),2008,1.819070260120416,1.0175769073145438,-0.8014933528058723,0.6423915945919985
PCASR (SelectKBest + PCA + LR),2008,1.2126412561828144,1.0306227540768507,-0.1820185021059637,0.03313073510889872
PCASR (SelectKBest + PCA + LR),2008,0.4078616926125251,1.0121611564125854,0.6042994638000603,0.36517784194904035
PCASR (SelectKBest + PCA + LR),2008,1.1022669903242823,1.0211337379193288,-0.0811332524049535,0.006582604645805894
PCASR (SelectKBest + PCA + LR),2008,1.1149624034527112,1.019342177832305,-0.09562022562040617,0.00914322754769738
PCASR (SelectKBest + PCA + LR),2008,1.0754340429953284,1.0091220146847626,-0.06631202831056582,0.004397285098661282
PCASR (SelectKBest + PCA + LR),2008,1.4565010669273517,1.0096526095051148,-0.4468484574222369,0.19967354390063266
PCASR (SelectKBest + PCA + LR),2009,0.6202019937434363,1.0402655697293848,0.42006357598594846,0.1764534078701027
PCASR (SelectKBest + PCA + LR),2009,0.899112240470888,1.0481288319823123,0.14901659151142432,0.0222059445456827
PCASR (SelectKBest + PCA + LR),2009,1.3460745754057062,1.1110754638875953,-0.23499911151811093,0.05522458241430153
PCASR (SelectKBest + PCA + LR),2009,0.7558071877786675,0.8928303313767246,0.13702314359805712,0.01877534188149378
PCASR (SelectKBest + PCA + LR),2009,0.6527419861286986,0.8535523385912889,0.20081035246259027,0.040324797656149734
PCASR (SelectKBest + PCA + LR),2009,1.4587883063983982,1.082966917506003,-0.37582138889239514,0.1412417163490089
PCASR (SelectKBest + PCA + LR),2009,1.274942458729299,1.1409904507577378,-0.13395200797156126,0.01794314043961321
PCASR (SelectKBest + PCA + LR),2009,0.8720703699466182,1.011061566597916,0.13899119665129767,0.0193185527465597
PCASR (SelectKBest + PCA + LR),2009,1.3152556829940698,0.9778747916658623,-0.3373808913282075,0.11382586583341574
PCASR (SelectKBest + PCA + LR),2009,1.303651993633515,1.3897083413844333,0.08605634775091842,0.007405694988227001
PCASR (SelectKBest + PCA + LR),2009,1.1796057645750655,0.9133140019268398,-0.26629176264822574,0.07091130285429899
PCASR (SelectKBest + PCA + LR),2009,1.3529436787281344,0.9597773438895374,-0.393166334838597,0.15457976685041575
PCASR (SelectKBest + PCA + LR),2009,1.3101211420411156,1.1179006483693779,-0.19222049367173777,0.03694871818740658
PCASR (SelectKBest + PCA + LR),2009,1.0687545809960892,0.9172485642129676,-0.1515060167831216,0.02295407312148752
PCASR (SelectKBest + PCA + LR),2009,1.3507116952617186,1.178347081623002,-0.1723646136387167,0.02970956003482408
PCASR (SelectKBest + PCA + LR),2009,1.024075866843357,1.1409904507577378,0.11691458391438081,0.013669019931872792
PCASR (SelectKBest + PCA + LR),2009,1.475067950814704,1.0859457548521656,-0.3891221959625384,0.1514160833907081
PCASR (SelectKBest + PCA + LR),2009,1.0607293748918771,1.083105086032128,0.022375711140250942,0.0005006724490319502
PCASR (SelectKBest + PCA + LR),2009,1.19296592613744,0.9615981548895642,-0.23136777124787566,0.05353104557220932
PCASR (SelectKBest + PCA + LR),2009,0.995697757168026,1.2264355971624976,0.23073783999447162,0.053239950805314386
PCASR (SelectKBest + PCA + LR),2009,0.7690116368371345,0.7232579731212481,-0.045753663715886406,0.00209339774342642
PCASR (SelectKBest + PCA + LR),2009,0.8865283650499953,0.8535523385912889,-0.03297602645870645,0.001087418321005308
PCASR (SelectKBest + PCA + LR),2009,1.0536066302617346,0.7772783264977157,-0.27632830376401896,0.07635733146109994
PCASR (SelectKBest + PCA + LR),2009,0.2754464545484341,0.7131186681953134,0.43767221364687936,0.1915569665985596
PCASR (SelectKBest + PCA + LR),2009,2.1595169263799927,1.0134362248291,-1.1460807015508927,1.3135009744673865
PCASR (SelectKBest + PCA + LR),2009,1.5590092376444973,0.9736157507321317,-0.5853934869123656,0.34268553451941797
PCASR (SelectKBest + PCA + LR),2009,1.0548557990402574,0.9597773438895374,-0.09507845515072,0.009039912633847473
PCASR (SelectKBest + PCA + LR),2009,1.12465923132426,0.7772783264977157,-0.3473809048265444,0.12067349303810869
PCASR (SelectKBest + PCA + LR),2009,1.2994123344539763,1.0859457548521656,-0.2134665796018107,0.04556798060689619
PCASR (SelectKBest + PCA + LR),2009,1.4830874576848685,0.9972358672300053,-0.48585159045486315,0.23605176794752006
PCASR (SelectKBest + PCA + LR),2009,0.9089897610103358,1.178347081623002,0.26935732061266615,0.07255336616763462
PCASR (SelectKBest + PCA + LR),2009,1.01356877257217,0.9615981548895642,-0.0519706176826058,0.0027009451023115786
PCASR (SelectKBest + PCA + LR),2009,0.7932884809230621,1.0707787579883405,0.2774902770652784,0.07700085386576497
PCASR (SelectKBest + PCA + LR),2009,1.182014014705408,0.6541488480444864,-0.5278651666609215,0.2786416341739625
PCASR (SelectKBest + PCA + LR),2009,1.2291386489254106,0.15066987556888745,-1.0784687733565232,1.1630948951051239
PCASR (SelectKBest + PCA + LR),2009,1.391812661095054,1.082966917506003,-0.30884574358905104,0.09538569333307385
PCASR (SelectKBest + PCA + LR),2009,0.8682614409919732,1.178347081623002,0.3100856406310287,0.09615310452555549
PCASR (SelectKBest + PCA + LR),2009,0.618245854484086,1.1104977844105124,0.4922519299264264,0.24231196251629142
PCASR (SelectKBest + PCA + LR),2009,1.4343214686433543,1.1110754638875953,-0.32324600475575904,0.10448797959056019
PCASR (SelectKBest + PCA + LR),2009,1.5202785080722294,1.1110754638875953,-0.40920304418463416,0.16744713136997166
PCASR (SelectKBest + PCA + LR),2009,1.1785862091333212,1.0320826932661253,-0.1465035158671959,0.02146328016144972
PCASR (SelectKBest + PCA + LR),2009,1.1182362847739002,0.9688845673177942,-0.1493517174561061,0.022305935507088544
PCASR (SelectKBest + PCA + LR),2009,1.2410689854304542,0.38921409130858564,-0.8518548941218685,0.7256567606393799
PCASR (SelectKBest + PCA + LR),2009,1.343524999458257,0.9615981548895642,-0.38192684456869275,0.1458681146021984
PCASR (SelectKBest + PCA + LR),2009,1.1402125477038263,1.0707787579883405,-0.06943378971548575,0.004821051154254295
PCASR (SelectKBest + PCA + LR),2009,1.071998434550098,1.0707787579883405,-0.0012196765617573657,1.4876109153002692e-06
PCASR (SelectKBest + PCA + LR),2009,0.9949198620870506,1.0228352338714006,0.027915371784349996,0.0007792679818584839
PCASR (SelectKBest + PCA + LR),2009,1.0250976846717146,0.38921409130858564,-0.6358835933631289,0.4043479443084051
PCASR (SelectKBest + PCA + LR),2009,2.829107977724249,0.9736157507321317,-1.8554922269921175,3.4428514044281675
PCASR (SelectKBest + PCA + LR),2009,1.7770207240963098,0.9736157507321317,-0.8034049733641782,0.6454595512262958
PCASR (SelectKBest + PCA + LR),2009,1.3628583436336985,1.1179006483693779,-0.24495769526432065,0.06000427246920778
PCASR (SelectKBest + PCA + LR),2009,1.2902551464131322,1.0859457548521656,-0.2043093915609666,0.04174232748001237
PCASR (SelectKBest + PCA + LR),2009,0.9712367877096084,1.2977283528189645,0.32649156510935606,0.10659674208755689
PCASR (SelectKBest + PCA + LR),2009,1.0764635857344516,1.0649731547144294,-0.011490431020022118,0.00013203000502588655
PCASR (SelectKBest + PCA + LR),2009,1.561833263088351,0.9598698524521008,-0.6019634106362501,0.3623599477448267
PCASR (SelectKBest + PCA + LR),2009,0.3661832042126914,1.2977283528189645,0.9315451486062731,0.8677763638918835
PCASR (SelectKBest + PCA + LR),2009,1.1665660664441,1.2264355971624976,0.05986953071839762,0.003584360708441157
PCASR (SelectKBest + PCA + LR),2009,1.0500948927716096,1.178347081623002,0.12825218885139233,0.016448623945173203
PCASR (SelectKBest + PCA + LR),2009,1.2167290499366836,0.9778747916658623,-0.2388542582708213,0.0570513566941042
PCASR (SelectKBest + PCA + LR),2009,1.2372255463088226,1.0859457548521656,-0.15127979145665704,0.022885575303169644
PCASR (SelectKBest + PCA + LR),2009,1.3705457028350847,0.9615981548895642,-0.40894754794552046,0.16723809697065375
PCASR (SelectKBest + PCA + LR),2009,1.0958977909446197,0.8419176020892521,-0.25398018885536755,0.06450593633100817
PCASR (SelectKBest + PCA + LR),2009,1.166388029512574,0.9778747916658623,-0.1885132378467116,0.035537240843450855
PCASR (SelectKBest + PCA + LR),2009,1.0909831288128382,0.6742019970612201,-0.41678113175161813,0.17370651178415966
PCASR (SelectKBest + PCA + LR),2009,0.7790994037493487,1.1409904507577378,0.36189104700838903,0.13096512990482803
PCASR (SelectKBest + PCA + LR),2009,1.258388127632842,1.1409904507577378,-0.11739767687510416,0.013782214535671366
PCASR (SelectKBest + PCA + LR),2009,0.8586313972882338,1.011061566597916,0.15243016930968212,0.023234956515778355
PCASR (SelectKBest + PCA + LR),2009,0.8703937065242353,1.011061566597916,0.1406678600736806,0.019787446857708585
PCASR (SelectKBest + PCA + LR),2009,0.9646834829251276,1.011061566597916,0.046378083672788284,0.002150926645160151
PCASR (SelectKBest + PCA + LR),2009,1.1985145412364366,0.9778747916658623,-0.2206397495705743,0.04868189909056574
PCASR (SelectKBest + PCA + LR),2009,0.0534879563712586,0.9778747916658623,0.9243868352946037,0.8544910212659729
PCASR (SelectKBest + PCA + LR),2009,1.0293748638675613,1.178347081623002,0.14897221775544067,0.022192721662974434
PCASR (SelectKBest + PCA + LR),2009,1.3661090258991686,0.9688845673177942,-0.39722445858137445,0.15778727049526606
PCASR (SelectKBest + PCA + LR),2009,0.7623465830837585,1.178347081623002,0.4160004985392435,0.1730564147848991
PCASR (SelectKBest + PCA + LR),2009,0.9424239565428044,1.178347081623002,0.23592312508019753,0.055659720947606524
PCASR (SelectKBest + PCA + LR),2009,1.4101359539098997,1.0859457548521656,-0.32419019905773405,0.10509928516509323
PCASR (SelectKBest + PCA + LR),2009,1.8552387696221488,1.1110754638875953,-0.7441633057345536,0.5537790256017787
PCASR (SelectKBest + PCA + LR),2009,1.2382563730624725,1.135282481208961,-0.10297389185351147,0.010603622403458676
PCASR (SelectKBest + PCA + LR),2009,0.1396167577677832,1.011061566597916,0.8714448088301328,0.7594160548369866
PCASR (SelectKBest + PCA + LR),2009,1.1777791610464936,1.1409904507577378,-0.036788710288755855,0.001353409204710011
PCASR (SelectKBest + PCA + LR),2009,0.7590161376380616,1.1104977844105124,0.35148164677245075,0.12353934801787383
PCASR (SelectKBest + PCA + LR),2009,0.664144038750027,1.0707787579883408,0.40663471923831374,0.16535179489002225
PCASR (SelectKBest + PCA + LR),2009,1.642546258569952,0.9778747916658622,-0.6646714669040897,0.44178815891643447
PCASR (SelectKBest + PCA + LR),2010,0.6017259068072013,1.0309244725044164,0.42919856569721515,0.1842114087965467
PCASR (SelectKBest + PCA + LR),2010,0.6838523203210657,1.0516110860557035,0.36775876573463784,0.13524650977466424
PCASR (SelectKBest + PCA + LR),2010,1.3176980231128812,1.0428154566460361,-0.27488256646684506,0.07556042534739948
PCASR (SelectKBest + PCA + LR),2010,0.589182232686007,1.0535365588327006,0.4643543261466936,0.2156249402111499
PCASR (SelectKBest + PCA + LR),2010,0.4692370698942288,1.0265191759941696,0.5572821060999409,0.31056334577918576
PCASR (SelectKBest + PCA + LR),2010,1.088311861083814,1.0119799286862057,-0.07633193239760838,0.005826563903553056
PCASR (SelectKBest + PCA + LR),2010,1.0365604643302109,1.0401816360207943,0.0036211716905834024,1.3112884412682657e-05
PCASR (SelectKBest + PCA + LR),2010,0.6854485139589255,1.054654543315863,0.36920602935693747,0.13631309211351578
PCASR (SelectKBest + PCA + LR),2010,0.8295753566575402,1.0519462374758881,0.22237088081834788,0.04944880863592788
PCASR (SelectKBest + PCA + LR),2010,1.2021199082104757,1.009798169158436,-0.19232173905203975,0.03698765131200087
PCASR (SelectKBest + PCA + LR),2010,0.963318154171929,1.0325722500938441,0.06925409592191512,0.0047961298019618195
PCASR (SelectKBest + PCA + LR),2010,1.534005605089456,1.0524986278249557,-0.4815069772645002,0.2318489691543959
PCASR (SelectKBest + PCA + LR),2010,1.0561835178535557,1.0412051152908715,-0.014978402562684234,0.00022435254332982564
PCASR (SelectKBest + PCA + LR),2010,0.5692542474317639,1.0368109219571287,0.46755667452536476,0.21860924389321787
PCASR (SelectKBest + PCA + LR),2010,1.0314768085985064,1.061694440821615,0.03021763222310847,0.0009131052971710434
PCASR (SelectKBest + PCA + LR),2010,1.1780992766495224,1.0401816360207943,-0.13791764062872813,0.019021275596595
PCASR (SelectKBest + PCA + LR),2010,1.476558738703249,1.0479928081236638,-0.42856593057958525,0.1836687568535459
PCASR (SelectKBest + PCA + LR),2010,1.097258395875614,1.0380264924218967,-0.059231903453717205,0.003508418386750476
PCASR (SelectKBest + PCA + LR),2010,1.11975613917436,1.0579361395399032,-0.061819999634456835,0.0038217123548042434
PCASR (SelectKBest + PCA + LR),2010,1.1251577876638807,1.054642998556866,-0.07051478910701481,0.004972335482806774
PCASR (SelectKBest + PCA + LR),2010,0.4109319839253098,1.0647974847739061,0.6538655008485963,0.4275400931999857
PCASR (SelectKBest + PCA + LR),2010,0.5452357326819852,1.0265191759941696,0.4812834433121844,0.23163375280643264
PCASR (SelectKBest + PCA + LR),2010,0.698947462152416,1.0426914910371163,0.34374402888470035,0.11815995739388571
PCASR (SelectKBest + PCA + LR),2010,0.2027942641277207,1.0350548518359863,0.8322605877082656,0.6926576858525076
PCASR (SelectKBest + PCA + LR),2010,2.3145477698693746,1.0130406585764027,-1.301507111292972,1.6939207607461764
PCASR (SelectKBest + PCA + LR),2010,0.8648880001552709,1.0516244960681023,0.18673649591283137,0.03487051890580289
PCASR (SelectKBest + PCA + LR),2010,0.9200671707420306,1.0524986278249557,0.13243145708292514,0.017538090825106642
PCASR (SelectKBest + PCA + LR),2010,0.7730180369021529,1.0426914910371163,0.26967345413496346,0.07272377186508225
PCASR (SelectKBest + PCA + LR),2010,1.0510312190676938,1.0479928081236638,-0.0030384109440300122,9.23194106480135e-06
PCASR (SelectKBest + PCA + LR),2010,1.05671846678644,1.0358435586548134,-0.020874908131626624,0.00043576178950385135
PCASR (SelectKBest + PCA + LR),2010,1.1414347153047395,1.061694440821615,-0.0797402744831246,0.006358511374644052
PCASR (SelectKBest + PCA + LR),2010,0.9094656962944486,1.0579361395399032,0.14847044324545455,0.02204347251750174
PCASR (SelectKBest + PCA + LR),2010,0.6366114635309291,1.0552918412918233,0.4186803777608942,0.17529325872200505
PCASR (SelectKBest + PCA + LR),2010,1.251535771302688,1.0447152084756695,-0.20682056282701855,0.042774745208084726
PCASR (SelectKBest + PCA + LR),2010,0.963203741143998,1.0684375487736404,0.1052338076296424,0.011074154268232585
PCASR (SelectKBest + PCA + LR),2010,1.1431112483879755,1.0119799286862057,-0.13113131970176983,0.01719542300672777
PCASR (SelectKBest + PCA + LR),2010,0.8317387321769724,1.061694440821615,0.22995570864464254,0.05287962793825973
PCASR (SelectKBest + PCA + LR),2010,0.4334796546218162,1.0567887761607775,0.6233091215389612,0.38851426099367153
PCASR (SelectKBest + PCA + LR),2010,1.3315097177643742,1.0428154566460361,-0.28869426111833807,0.08334437640266316
PCASR (SelectKBest + PCA + LR),2010,1.4228280206595258,1.0428154566460361,-0.3800125640134897,0.1444095488081066
PCASR (SelectKBest + PCA + LR),2010,0.8096526853816791,1.0251100438521925,0.2154573584705134,0.04642187331909131
PCASR (SelectKBest + PCA + LR),2010,0.8283562531829226,1.0614917438651221,0.23313549068219952,0.05435215701562994
PCASR (SelectKBest + PCA + LR),2010,0.9174633158150932,1.0737072805660566,0.15624396475096336,0.02441217652110028
PCASR (SelectKBest + PCA + LR),2010,0.9725691170584844,1.0579361395399032,0.08536702248141881,0.007287528527343064
PCASR (SelectKBest + PCA + LR),2010,1.262367762231765,1.0552918412918233,-0.20707592093994176,0.04288043703312501
PCASR (SelectKBest + PCA + LR),2010,1.086800052560052,1.0552918412918233,-0.03150821126822878,0.0009927673773233391
PCASR (SelectKBest + PCA + LR),2010,0.4650927374865927,1.059664273588341,0.5945715361017483,0.3535153115423926
PCASR (SelectKBest + PCA + LR),2010,0.6251738921560729,1.0737072805660566,0.4485333884099837,0.2011822005185413
PCASR (SelectKBest + PCA + LR),2010,3.0040715268509675,1.0516244960681023,-1.9524470307828652,3.8120494080128267
PCASR (SelectKBest + PCA + LR),2010,1.5956008196299882,1.0516244960681023,-0.543976323561886,0.29591024059590565
PCASR (SelectKBest + PCA + LR),2010,1.133939434111827,1.0412051152908715,-0.09273431882095551,0.008599653887186623
PCASR (SelectKBest + PCA + LR),2010,1.1585136289306002,1.0479928081236638,-0.11052082080693637,0.012214851831838939
PCASR (SelectKBest + PCA + LR),2010,1.1224821377776162,1.0629163377211008,-0.05956580005651535,0.003548084536372764
PCASR (SelectKBest + PCA + LR),2010,0.9368728119446472,1.0392224091942714,0.10234959724962422,0.010475440057160286
PCASR (SelectKBest + PCA + LR),2010,1.384912494986804,1.0493097869629475,-0.3356027080238564,0.1126291776329458
PCASR (SelectKBest + PCA + LR),2010,0.6417378356517209,1.0629163377211008,0.4211785020693799,0.17739133060540666
PCASR (SelectKBest + PCA + LR),2010,1.4453417179653012,1.054642998556866,-0.39069871940843526,0.15264548934739122
PCASR (SelectKBest + PCA + LR),2010,0.8678085098515455,1.061694440821615,0.19388593097006945,0.03759175422813054
PCASR (SelectKBest + PCA + LR),2010,0.8110573294087108,1.0519462374758881,0.24088890806717733,0.05802746602979701
PCASR (SelectKBest + PCA + LR),2010,1.382322604267902,1.0479928081236638,-0.3343297961442382,0.11177641258984787
PCASR (SelectKBest + PCA + LR),2010,1.0867169484493917,1.0579361395399032,-0.02878080890948853,0.0008283349614844944
PCASR (SelectKBest + PCA + LR),2010,1.225515963634444,1.067871265922178,-0.15764469771226586,0.02485185071679168
PCASR (SelectKBest + PCA + LR),2010,0.8162003263796684,1.0519462374758881,0.23574591109621967,0.05557613459858671
PCASR (SelectKBest + PCA + LR),2010,1.0492574875868923,1.0696008548861855,0.020343367299293202,0.000413852593073952
PCASR (SelectKBest + PCA + LR),2010,0.7878167831312609,1.0401816360207943,0.25236485288953336,0.06368801897395582
PCASR (SelectKBest + PCA + LR),2010,1.0727285112001166,1.0401816360207943,-0.03254687517932231,0.0010592990839383867
PCASR (SelectKBest + PCA + LR),2010,0.5422783076480066,1.054654543315863,0.5123762356678564,0.2625294068771627
PCASR (SelectKBest + PCA + LR),2010,0.5144091751409574,1.054654543315863,0.5402453681749055,0.2918650578344392
PCASR (SelectKBest + PCA + LR),2010,0.8062849330016202,1.054654543315863,0.24836961031424276,0.0616874633276488
PCASR (SelectKBest + PCA + LR),2010,0.7679821762687854,1.0519462374758881,0.2839640612071027,0.08063558805723117
PCASR (SelectKBest + PCA + LR),2010,0.0059082091862607,1.0519462374758881,1.0460380282896273,1.0941955566280512
PCASR (SelectKBest + PCA + LR),2010,0.8098846467592387,1.061694440821615,0.25180979406237625,0.06340817238573633
PCASR (SelectKBest + PCA + LR),2010,0.8731107894364775,1.0614917438651221,0.18838095442864466,0.035487383991447095
PCASR (SelectKBest + PCA + LR),2010,0.903368478191863,1.061694440821615,0.15832596262975196,0.025067110442637614
PCASR (SelectKBest + PCA + LR),2010,0.6861411494142383,1.061694440821615,0.3755532914073766,0.1410402746869139
PCASR (SelectKBest + PCA + LR),2010,1.3582033539573848,1.0479928081236638,-0.310210545833721,0.09623058274645512
PCASR (SelectKBest + PCA + LR),2010,1.8984105557507645,1.0428154566460361,-0.8555950991047283,0.7320429736120299
PCASR (SelectKBest + PCA + LR),2010,1.114030932455348,1.064076072039393,-0.04995486041595498,0.002495488079177546
PCASR (SelectKBest + PCA + LR),2010,0.3774336310084706,1.054654543315863,0.6772209123073923,0.4586281640664568
PCASR (SelectKBest + PCA + LR),2010,0.9046991745057756,1.0401816360207943,0.13548246151501864,0.018355497378168505
PCASR (SelectKBest + PCA + LR),2010,0.5635634986540836,1.0567887761607775,0.49322527750669387,0.24327117437155518
PCASR (SelectKBest + PCA + LR),2010,0.6603889247471897,1.0552918412918233,0.3949029165446336,0.15594831349545785
PCASR (SelectKBest + PCA + LR),2010,1.0855654306868945,1.0519462374758881,-0.03361919321100637,0.0011302501521589768
PCASR (SelectKBest + PCA + LR),2011,0.6444260752696405,0.8279770282776031,0.18355095300796265,0.03369095235013131
PCASR (SelectKBest + PCA + LR),2011,0.653411816656897,1.0366340851568578,0.3832222684999609,0.14685930707425612
PCASR (SelectKBest + PCA + LR),2011,1.0129403527781873,0.9776216365967247,-0.03531871618146254,0.001247411712706704
PCASR (SelectKBest + PCA + LR),2011,0.4964780012929619,0.9985615897197571,0.5020835884267951,0.2520879297675274
PCASR (SelectKBest + PCA + LR),2011,0.8145381526548888,0.9626838895867035,0.14814573693181465,0.021947159371070432
PCASR (SelectKBest + PCA + LR),2011,0.9076401745937056,0.9483472016704906,0.040707027076784974,0.0016570620534301051
PCASR (SelectKBest + PCA + LR),2011,0.7093346212397619,1.028905067440878,0.3195704462011161,0.10212527008518042
PCASR (SelectKBest + PCA + LR),2011,0.903009452921242,0.9991122467527334,0.09610279383149134,0.00923574698221813
PCASR (SelectKBest + PCA + LR),2011,0.5221801755885632,1.0086158121323445,0.4864356365437813,0.2366196284997537
PCASR (SelectKBest + PCA + LR),2011,0.8922298969363789,0.9325455143945267,0.04031561745814782,0.0016253490110317136
PCASR (SelectKBest + PCA + LR),2011,0.937639447942034,0.9865437991743109,0.04890435123227688,0.002391635569449901
PCASR (SelectKBest + PCA + LR),2011,1.2734649351146852,1.014234901115377,-0.2592300339993081,0.06720021052728244
PCASR (SelectKBest + PCA + LR),2011,0.8847082315775056,1.0116711582368227,0.1269629266593172,0.016119584745899154
PCASR (SelectKBest + PCA + LR),2011,0.8353173439216086,0.9734977779665638,0.13818043404495517,0.019093832352852207
PCASR (SelectKBest + PCA + LR),2011,0.7186060207563478,0.9084210461387089,0.18981502538236106,0.03602974386090637
PCASR (SelectKBest + PCA + LR),2011,1.00372858800737,1.028905067440878,0.02517647943350787,0.0006338551166658447
PCASR (SelectKBest + PCA + LR),2011,1.234557350961598,0.9740238416972523,-0.2605335092643456,0.06787770944959486
PCASR (SelectKBest + PCA + LR),2011,0.9189710131991862,1.0229342230750207,0.10396320987583452,0.010808349007686815
PCASR (SelectKBest + PCA + LR),2011,0.7785199240404548,1.0543451279863667,0.2758252039459119,0.0760795431318039
PCASR (SelectKBest + PCA + LR),2011,0.9848082369471896,0.9261939765886367,-0.05861426035855288,0.003435631517380224
PCASR (SelectKBest + PCA + LR),2011,0.6375922734449461,1.0368881492066537,0.39929587576170766,0.1594371964003091
PCASR (SelectKBest + PCA + LR),2011,0.8100285992056107,0.9626838895867035,0.15265529038109282,0.02330363768133577
PCASR (SelectKBest + PCA + LR),2011,0.7683372445465444,0.9807316234933876,0.2123943789468432,0.045111372208215234
PCASR (SelectKBest + PCA + LR),2011,0.727831239272742,0.944429866572932,0.21659862730019008,0.04691496534832665
PCASR (SelectKBest + PCA + LR),2011,2.0743331778715914,0.950153022224466,-1.1241801556471254,1.263781022350795
PCASR (SelectKBest + PCA + LR),2011,0.8631356545996984,1.0234200508654288,0.16028439626573032,0.025691087686269664
PCASR (SelectKBest + PCA + LR),2011,0.8697964957528389,1.014234901115377,0.14443840536253816,0.020862452943672893
PCASR (SelectKBest + PCA + LR),2011,0.8618931009877171,0.9807316234933876,0.11883852250567051,0.014122594431330756
PCASR (SelectKBest + PCA + LR),2011,0.6652236775271108,0.9740238416972523,0.30880016417014156,0.09535754139150637
PCASR (SelectKBest + PCA + LR),2011,0.8269486694637714,1.0117368312651678,0.18478816180139634,0.03414666474193904
PCASR (SelectKBest + PCA + LR),2011,1.0388098477359076,0.9084210461387089,-0.13038880159719868,0.01700123958195364
PCASR (SelectKBest + PCA + LR),2011,0.8970639271661035,1.0543451279863667,0.1572812008202632,0.024737376131463963
PCASR (SelectKBest + PCA + LR),2011,0.8332121621807917,0.9386757931102837,0.10546363092949196,0.011122577448832093
PCASR (SelectKBest + PCA + LR),2011,1.2222932688409205,1.0304517668593385,-0.191841501981582,0.03680316188254933
PCASR (SelectKBest + PCA + LR),2011,0.7692705481847818,0.977770145919959,0.20849959773517723,0.043472082255730723
PCASR (SelectKBest + PCA + LR),2011,0.837559247781796,0.9483472016704906,0.11078795388869456,0.012273970726843511
PCASR (SelectKBest + PCA + LR),2011,1.2780321191302186,0.9084210461387089,-0.36961107299150975,0.13661234527793514
PCASR (SelectKBest + PCA + LR),2011,0.8159418857964071,0.9110681045039997,0.09512621870759252,0.009048997485604726
PCASR (SelectKBest + PCA + LR),2011,1.0448510571453855,0.9776216365967247,-0.06722942054866077,0.00451979498730869
PCASR (SelectKBest + PCA + LR),2011,1.1061081948366314,0.9776216365967247,-0.12848655823990662,0.016508795648336915
PCASR (SelectKBest + PCA + LR),2011,0.6081932698609175,0.8949844950064413,0.2867912251455238,0.08224920682047052
PCASR (SelectKBest + PCA + LR),2011,1.0188880992541507,1.0279907257009135,0.009102626446762851,8.285780822930649e-05
PCASR (SelectKBest + PCA + LR),2011,1.070132864594867,1.1118090625961883,0.041676198001321385,0.0017369054798453446
PCASR (SelectKBest + PCA + LR),2011,0.8734484779246734,1.0543451279863667,0.1808966500616933,0.03272359800354273
PCASR (SelectKBest + PCA + LR),2011,1.031121208460998,0.9386757931102837,-0.09244541535071427,0.008546154819366077
PCASR (SelectKBest + PCA + LR),2011,0.8055928065209723,0.9386757931102837,0.1330829865893114,0.017711081319530836
PCASR (SelectKBest + PCA + LR),2011,0.9768128428756112,1.0582724605634068,0.08145961768779564,0.006635669313841828
PCASR (SelectKBest + PCA + LR),2011,0.8721842509186707,1.1118090625961883,0.2396248116775176,0.05742005037148577
PCASR (SelectKBest + PCA + LR),2011,2.621812874701313,1.0234200508654288,-1.5983928238358842,2.554859619290052
PCASR (SelectKBest + PCA + LR),2011,1.3345463939868156,1.0234200508654288,-0.3111263431213869,0.09679960138408696
PCASR (SelectKBest + PCA + LR),2011,0.7782585571479638,1.0116711582368227,0.23341260108885897,0.05448144234706681
PCASR (SelectKBest + PCA + LR),2011,0.8608920277799719,0.9740238416972523,0.11313181391728044,0.012798807320214168
PCASR (SelectKBest + PCA + LR),2011,1.7166571818070973,0.803150297669906,-0.9135068841371913,0.8344948273660399
PCASR (SelectKBest + PCA + LR),2011,0.646537454583876,1.0818518469673424,0.43531439238346636,0.18949862021618652
PCASR (SelectKBest + PCA + LR),2011,1.1530484969560464,1.0122764132183413,-0.1407720837377051,0.01981677955985546
PCASR (SelectKBest + PCA + LR),2011,0.6324615378337951,0.803150297669906,0.17068875983611087,0.029134652734389536
PCASR (SelectKBest + PCA + LR),2011,1.2816185788477956,0.9261939765886367,-0.35542460225915895,0.12632664789108133
PCASR (SelectKBest + PCA + LR),2011,0.6658940629089221,0.9084210461387089,0.24252698322978683,0.058819337594541304
PCASR (SelectKBest + PCA + LR),2011,0.7890323862327344,1.0086158121323445,0.2195834258996101,0.048216880929809566
PCASR (SelectKBest + PCA + LR),2011,1.118543119868615,0.9740238416972523,-0.14451927817136279,0.020885821763171736
PCASR (SelectKBest + PCA + LR),2011,0.9464947271833696,1.0543451279863667,0.10785040080299713,0.011631708953367122
PCASR (SelectKBest + PCA + LR),2011,1.0221241561780916,1.0572401256574655,0.0351159694793739,0.001233131312476319
PCASR (SelectKBest + PCA + LR),2011,0.68222780040418,1.0086158121323445,0.32638801172816456,0.10652913419986448
PCASR (SelectKBest + PCA + LR),2011,0.9265129291689712,1.0858004611563605,0.15928753198738932,0.025372517846633576
PCASR (SelectKBest + PCA + LR),2011,0.681096140395448,1.028905067440878,0.34780892704543,0.12097104973249323
PCASR (SelectKBest + PCA + LR),2011,0.6455248237886145,1.028905067440878,0.3833802436522634,0.14698041122286887
PCASR (SelectKBest + PCA + LR),2011,0.8522026467631862,0.9991122467527334,0.1469095999895471,0.02158243056908874
PCASR (SelectKBest + PCA + LR),2011,0.5946710218247815,0.9991122467527334,0.40444122492795187,0.16357270442122215
PCASR (SelectKBest + PCA + LR),2011,0.8979952561820231,0.9991122467527334,0.10111699057071022,0.010224645782077098
PCASR (SelectKBest + PCA + LR),2011,0.5779682876653658,1.0086158121323445,0.43064752446697874,0.18545729032953706
PCASR (SelectKBest + PCA + LR),2011,0.9772858536243498,0.9084210461387089,-0.06886480748564094,0.004742361710034389
PCASR (SelectKBest + PCA + LR),2011,0.9747231994217942,1.0279907257009135,0.05326752627911935,0.0028374293558966705
PCASR (SelectKBest + PCA + LR),2011,1.078508103192489,0.9084210461387089,-0.17008705705378013,0.028929606977215857
PCASR (SelectKBest + PCA + LR),2011,0.8826652129074283,0.9084210461387089,0.02575583323128061,0.0006633629454375387
PCASR (SelectKBest + PCA + LR),2011,1.030956241811701,0.9740238416972523,-0.05693240011444878,0.0032412981827916873
PCASR (SelectKBest + PCA + LR),2011,1.6483924797053071,0.9776216365967247,-0.6707708431085824,0.4499335239645984
PCASR (SelectKBest + PCA + LR),2011,0.8917208536494925,1.0858565457106428,0.19413569206115033,0.03768866693206179
PCASR (SelectKBest + PCA + LR),2011,0.3919999999999999,0.9991122467527334,0.6071122467527335,0.3685852801571519
PCASR (SelectKBest + PCA + LR),2011,0.779015847682969,1.028905067440878,0.2498892197579089,0.06244462215121649
PCASR (SelectKBest + PCA + LR),2011,0.9577094343998178,0.9110681045039997,-0.04664132989581815,0.00217541365445054
PCASR (SelectKBest + PCA + LR),2011,0.8064167791851329,0.9386757931102837,0.13225901392515083,0.01749244676445324
PCASR (SelectKBest + PCA + LR),2011,0.8130241309021906,1.0086158121323445,0.1955916812301539,0.03825610576643814
