,PC1,PC2,PC3,PC4,PC5,PC6,PC7,PC8,PC9,PC10,PC11,PC12,PC13,PC14,PC15,PC16,PC17,PC18,PC19,PC20,PC21,PC22,PC23,PC24,PC25,PC26,PC27,PC28,PC29,PC30,PC31,PC32,PC33,PC34,PC35,PC36,PC37,PC38,PC39,PC40,PC41,PC42,PC43,PC44,PC45,PC46,PC47,PC48,PC49,PC50,PC51,PC52,PC53,PC54,PC55,PC56,PC57,PC58,PC59,PC60,PC61,PC62,PC63,PC64,PC65,PC66,PC67,PC68,PC69,PC70,PC71,PC72,PC73,PC74
05_Q1_CDD,0.042920993569226636,0.12720908870693998,-0.11079618432460456,-0.06511859487067648,-0.17843244145270423,-0.04108386048020355,-0.015187183997335985,-0.07484052309618212,0.008561689043667635,0.3868946628900004,-0.018094086003887,0.054534395276067765,0.1285381485047434,0.01124612381302536,-0.018780602846661366,-0.22233543814310608,-0.12621905164902583,0.03522917907913983,-0.16163268128010608,0.03477268113222774,0.27982023224597696,0.0830630824790065,0.03796369313166433,0.42735254057692157,-0.17232150470266044,0.37765339488726096,0.15575301478951786,-0.20963350327756974,-0.1521883042288887,-0.2760952888794662,-0.11866221359071717,0.027515798002497528,-0.06478972017190666,0.027914197924350584,0.08881376071236649,0.022780569135205975,-0.07482681506559352,-0.01916270206240951,0.11253130318823949,0.0023107603737823764,-0.008273699649756225,-0.0386279045802721,-0.006791500738928039,-0.0006414491412134411,0.01626460565558034,0.015614515423747982,-0.05419614200013721,0.019071087101232856,-0.011031230909197097,1.0808999485589323e-14,0.0,0.0,0.0,1.1566823310656734e-14,0.0,0.0,0.0,-0.0,-0.0,-0.0,0.0,-0.0,0.0,-8.632632381314382e-15,0.0,0.0,-0.0228439882263106,0.0,-0.0,-0.0,0.0,-9.665554426111866e-15,1.2029084992896283e-14,-0.0
05_Q2_CDD,0.12655947624015468,-0.010782231047783197,0.08847506620016798,0.053007182318093565,0.012799792655824205,-0.1035685019130728,0.11237106184132506,0.12611474493044925,0.3377035848230071,-0.11643720317017123,0.08815535333733593,0.019921900722969947,-0.1093929035652178,-0.07246278509142862,-0.25279254330701495,0.08944960651436526,0.08713443711058787,0.046309351333765195,0.05778468682167616,0.08351882079773425,0.40140412918923996,0.0402084528035363,-0.09373094530853424,-0.07429890894742577,0.34764247088133765,-0.038368127805056815,-0.08127456241441436,0.16533242708344836,-0.3087586271897158,-0.2955065633163533,-0.2439195600714324,-0.013296238854828007,0.08610496985212285,-0.052906112096603876,-0.11288913572154102,-0.08614512946273534,-0.12839997066700065,-0.18891158670877967,-0.04088935250380016,-0.03504718399859526,0.006432387080059929,-0.03537854394794549,0.0003893445977714363,0.030991625025297932,0.017980584086955152,-0.06564464874387786,-0.033290189635750186,-0.03365926256055452,0.014615730856691104,0.03462082549453283,-0.024441147923653952,-0.03749146124153476,-0.04164988732543193,-0.007381722941635803,-0.025530920622892174,-0.019622014990993652,-0.02119971803386686,0.0010610598903659145,0.008226077753923994,0.011301178983214172,0.054453801675455896,0.04586902868404833,-0.01556756454267665,-0.03860102604208081,0.023936030298841334,0.004842317936455613,-1.763806999760531e-10,0.0004488293681719524,0.023893374386529217,0.010155325289293617,0.05542694704866484,-0.019954497090914514,0.012550984960667453,-0.0070883332593690675
06_Q1_CDD,0.05099393426170418,0.008149180896421734,0.17674204788766626,-0.10095404754221171,-0.08180574871276836,0.045639592206127504,0.3403710288509487,0.11111326730209423,-0.04711639611041071,0.13441133387913412,-0.029062082152757084,-0.10142285107117732,0.018794286261077264,-0.03397323999425924,0.0225991304605234,0.1066192124940529,-0.10842666250058204,-0.25246072938678277,-0.11035735632436994,-0.04675556445684225,0.13684725553612515,-0.02650626567523325,0.0233846508825295,-0.07043724492721765,-0.006446793999425507,0.014690042477031345,0.02872393892284737,0.03794850151293751,-0.2059610799097885,0.1416294363654903,-0.17117793810693263,-0.23795613842738786,0.0009457917630424743,-0.07110546985773263,-0.05758363234271754,0.25990932161303065,0.27705985456727333,0.42042921304814995,-0.153865439352147,0.06343589997799859,-0.07121576941219948,0.058448605191486716,-0.1535724412546214,0.07176102624401981,-0.08741192951546113,0.020162242881958514,0.01671382862252487,-0.09315444075403592,-0.05804945545334343,0.10799686651346081,-0.044727787138251984,0.0482242701022922,0.13643977053042308,-0.06538292604387827,-0.028550020518090843,-0.02939131652414022,-0.00607517676505121,-0.00437440890331934,-0.08723390910563543,-0.05073307416716172,-0.002825234965164817,0.02281388006590848,0.02131049728711957,-0.00586690695504196,0.018452004406544754,-0.12267102544643939,6.047869843817111e-11,0.08495449482873918,-0.06462875375605884,-0.02995698942817092,0.07910530012580679,0.004559818369414056,-0.04193041717459997,0.07828518431846124
06_Q2_CDD,0.07786024371310218,-0.23303927604136443,0.07088793656145115,-0.03992723647974021,-0.08250673136427666,-0.01053885161360403,-0.10439406036510475,0.08774878488443905,0.0033052143961758967,0.11754759092488742,0.13231161820812676,-0.09888426157087046,-0.1534958905592585,0.18035987284678956,0.1916911804929391,-0.11704700572618448,-0.169563145489282,0.07154080781799738,-0.07770414230201877,0.025549654509151615,-0.04252460950131631,-0.08184118895987817,0.021051730798435333,0.03314629810803077,0.097519811904058,0.03649959883162336,-0.27838963702033526,-0.2107433572049507,-0.1467358048917265,0.20595021934156055,-0.032748993337838345,-0.08382639341692538,0.17274125215174177,-0.22846842798034883,0.12473843250058453,-0.18063632662784287,-0.23983120647517756,0.00829698902645572,-0.2113680354372619,-0.01741868039887967,0.0914621261535087,0.024290584873847505,0.004678039581921235,0.007504934663953661,-0.0697709995445206,-0.08646551524694508,0.017646703741186043,0.08751582160232556,-0.05489798446160249,0.04741352579512059,0.08073566682773232,0.0800174964823167,0.021695005187434648,0.1656641336733792,0.13803491464691517,-0.02121114941684682,-0.06577180663485445,-0.10951516958543824,-0.08686817763804235,-0.03754501876216587,0.16591004081540764,0.054573858244709145,-3.741013968314443e-05,-0.12929905519552826,0.016088461949294156,-0.07395463127731237,4.2188723001213013e-10,-0.05221292590437272,0.025874036853598594,-0.012031813528645798,-0.19668827313959222,-0.07521841741039602,0.155444939524098,0.16253352834669818
07_Q1_CDD,0.15719581398415852,-0.09094204920067289,0.037009449220713767,0.04776228548663622,0.019297671837674724,-0.2645834133381776,-0.015744834901657945,0.07383337401361934,-0.1374097617624606,0.07889828933466894,-0.09407066072814585,0.034056713626487684,0.04225549603332533,-0.06641855334391489,-0.12869704202413854,0.016407770271695488,0.05866223494131757,0.0822969807497932,0.0666137372021298,0.0024119034186026204,-0.022574300963845696,-0.037109955302786504,0.047940273566515805,-0.019257558814669055,0.05107941183029867,-0.0669918131418702,-0.05499112812293713,0.004885021609361509,0.05530986321511669,-0.1694598289481958,0.03279807324260192,-0.12243857546571955,-0.0884181384534796,0.12721668182635465,0.3327808096994729,-0.13598030482675982,0.04187362469303786,0.17214719566341455,-0.06169243548368809,-0.01180724199782347,0.06097146431071225,0.1520735056553822,0.061619690686320706,-0.018537870687096274,-0.06592934122078231,0.07499272994257539,-0.03829841386172209,-0.03170765332115612,0.0009337603826678493,-0.10058310398492654,-0.3516906074699484,0.21512511240123955,-0.31488599390472694,0.05902851531971358,0.07457615923407801,-0.030983944820061043,0.05810299288634878,-0.18713866669371687,-0.07272700791860903,-0.03440695606735661,0.09318662460317775,0.002082607387834489,0.07330033643014025,0.19243024964907504,-0.16562392141166385,-0.027723346631841693,-2.6854535956077896e-10,-0.11866341983683863,-0.1963311492287006,-0.16164960443690576,0.13029985572866534,-0.0762977422651981,-0.035054487011576284,0.061338444031656135
07_Q2_CDD,0.10434707510488024,0.10420875329992185,0.10141572330707116,-0.20387943133129427,-0.16619643642364126,-0.12424591770569497,-0.15251811994741618,-0.05879054001517503,0.031723611480063495,-0.08394613479241339,0.05642261928454774,-0.0011507042346343352,0.005748209180765296,-0.01156994179921732,-0.07247124047235952,0.007747199125377524,-0.08760514129721061,-0.01742930313189542,0.08290817716258478,-0.003186120658947602,0.008195649700412366,0.033993372199718534,-0.05522320880152031,-0.06240227498759174,0.15105994514744428,0.06833164609072791,-0.07028416350052885,-0.20581091099256837,0.013306388512272116,0.1282297979321623,0.0341036373741729,0.08220786811305586,-0.0544528836709584,0.3013792572835666,-0.08903908608155073,0.013032365304212284,0.02253980975532622,0.0605585040640039,0.008617273478224025,0.015855585827873487,-0.03662044419289901,-0.012985086735424062,-0.11294431392325281,0.040678585909087774,0.044467901615832056,-0.036965950607702955,-0.025963095851330012,0.022239571840029934,0.02384335348336489,-0.0013979417157321404,0.04437510783909064,0.2842535433711623,-0.04675894101808742,-0.40312777344880435,0.11775678716013956,0.05377969696651206,-0.062088600048257565,0.13426796297352658,0.045313103539662516,0.11723349195666842,0.08288681323279216,-0.14569684340026945,-0.0424185512530881,-0.08086811820271293,0.11128776187782226,-0.1914656168324249,1.5069279851731565e-10,-0.08334786937551665,-0.06299859776150216,-0.08688448591275881,-0.030611600269729977,-0.1573250297000097,0.26057136141147264,-0.3011905312588248
08_Q1_CDD,0.19848900505479133,0.013800052595699053,-0.11901665916458587,0.008584370421687262,0.07052806080838825,0.01861305647790422,0.08592560342895675,-0.13756784699090294,0.0762094804590342,0.04566900944068886,-0.02000065636158318,-0.03144455401640894,0.14393748399876605,0.0018445665026253343,-0.06263183682170137,-0.12095584764157924,0.05168012181410392,0.050221505011513144,0.008942708419676731,-0.016745200611420555,-0.08219138461714251,0.015403171250178961,0.09589387073032582,-0.12067204305295862,-0.06491961187360241,-0.04696066358935592,0.05002223714112715,-0.17137397724555728,-0.11032205574837901,0.0097485039956631,0.07246003648834533,-0.2557527406016585,0.06578823155265887,0.032099757800535325,-0.0656460194221794,-0.14741023826031385,0.2595498970177073,-0.2889496053540408,-0.16881277017662027,0.12963306672570316,-0.10157070313529004,-0.04060958345629667,-0.03483026367298971,0.07692735072078284,0.01777808110530719,-0.025254945951420055,0.011181165274689542,0.06099757173005445,-0.07089680425332648,0.13654738186525267,-0.054249507403351424,-0.16641575649174806,-0.06438637212437544,-0.11922842147185726,-0.01583936700107917,-0.11888686251561811,0.075172049308157,-0.055264590097953925,-0.04818720111163813,-0.004328069598072287,0.08829598743709113,-0.23814211370061547,0.034780006862989425,0.2758824266746756,0.13947008734265856,-0.15764339799617796,5.439890760072785e-10,-0.21410012473085904,0.06396885390911938,0.3136765607374484,-0.09080815495798258,0.05238007241623473,0.037871424247816456,0.1096909847865785
08_Q2_CDD,0.13640914198434756,0.028338658677371203,0.031017590900457248,0.09211155346880073,0.03632433809156317,0.3075309079368749,-0.05075359574354857,-0.04406363812310893,-0.08364782734668944,0.056618052692185214,0.15570048086044208,0.03801918791323958,-0.07744342698761472,-0.0776724248590029,-0.06306247841012978,0.03635161923907232,0.12495710987182056,0.04926990071730974,-0.06910409456488863,0.09718213375516643,-0.10668238400091448,0.0805688524890778,-0.03255252036379094,0.10567669191417539,0.0733113049823404,0.05117815054671587,-0.25638447152777105,-0.013971359316149075,-0.07904929376336255,-0.07129439448690361,0.028900065737763228,-0.09060466449951565,0.27876976099482953,0.10627885958942805,-0.09291922420314971,-0.11656723460938676,0.1764085011814775,0.17190754662385305,0.34230344800525303,0.010621072150046585,0.0636885337815681,0.0020093574035309897,-0.02138418979811996,-0.09837833957491804,-0.07075164748986242,0.1766196568515437,0.04866439258425122,0.05443171005520682,0.010583990656658007,0.0385311781591395,0.003868742394614391,-0.030864195226862803,-0.0363077281502123,0.001724562640402058,-0.03474268428066573,-0.1675871273127581,0.09424267266106406,0.07163119997450465,0.06903927773501013,0.09827703810724353,-0.11684064244444337,-0.25836622086462974,0.1037473632206806,-0.14278574217897072,0.08604584822643299,0.12142629172720518,-4.492306526771017e-11,-0.017641502255653557,0.009698750607326709,-0.18955740863051565,0.06611723178146728,-0.1433882010187262,0.05559030028717763,0.23719037590149905
09_Q1_CDD,0.0598174956712744,-0.18035225826874643,-0.14728971392051254,-0.13561621624725773,0.06375370379834214,-0.04506353489447733,0.10792947103123109,-0.205285566026847,-0.02916666106918129,-0.0662493492337422,0.12591896730515423,0.02732268227030102,-0.2016598402748006,0.12001279529380507,0.0150897984878137,-0.036859842818952326,0.043230502049619896,0.15494440576082308,0.014750643400898697,-0.0639338592619827,0.018217810308310517,0.19893909589406256,0.012397224605993493,-0.03377325294030964,0.13936192273342096,-0.013743796746430267,0.027163933067366898,-0.05194068091531678,-0.16316607858017534,-0.05169672402587615,0.1496512925777884,0.23688574342752353,0.18537639750891166,-0.02665520138048623,0.38091257565665954,0.4390305149620935,0.16204412964968967,-0.006973028854385492,-0.00710350848174085,-0.015955434351643892,-0.23197645247978324,-0.08201019139807737,0.07933461473345813,-0.06897203790845594,0.03216735990715747,0.011653393577118996,0.08917750503300276,-0.03388671954101518,0.04966090571042163,-0.028200881256366085,0.022742410860182596,0.022696777426721167,-0.03278786348069771,-0.005852314560535963,0.03203440889244343,-0.05550929329201,-0.07816243990509003,-0.040995973738025535,-0.025104434642821118,0.025866943920435658,-0.026739737158835604,-0.011177247688878261,-0.08613712031084006,0.028784448810500463,0.0753173689984234,-0.04314391865861329,9.7215728522837e-11,0.018342642404441035,0.08216140397117809,-0.03218800696771067,-0.047104980233691016,-0.1270452869456424,-0.19984425882903165,-0.012446687042520221
09_Q2_CDD,-0.12796762327555686,-0.11896311372502667,-0.06873750566291204,-0.1952140637372219,0.0411098251128576,0.015740635932798897,-0.03199086709982141,-0.005520965161150082,0.18542490797433492,0.020441137909638668,0.2504711067023817,-0.018524881733963022,0.021119107043450047,-0.1159770032640134,0.003969516219141725,0.06314702705785791,-0.06347012843207447,-0.008827245872702366,-0.20252876745401405,0.13617652464926705,-0.035357064251308204,-0.12465039284783266,0.046184102428841085,0.07817937293358905,-0.03855485461765837,0.10127793438951396,0.09770237829685496,0.30645213077476585,-0.0656522967870943,0.16713476108776276,-0.09503211704563344,0.3773208724348797,-0.029455389140173364,0.09422209992904626,0.1781790544977518,-0.4108786871329257,0.33355804972855696,0.001882927274597851,-0.1621010583483411,0.08219131233408193,-0.05689185413706281,0.02280064955154304,-0.03713866836720768,0.01357991870974276,-0.0587976683756408,0.11306442086107554,-0.132801183018382,-0.022755734901425115,0.06256635174700764,0.027909657283508513,0.008800505490586889,-0.012734682186892023,0.0017203438676188544,0.0406885956424901,0.05240504544906877,-0.013999016686791235,0.005267381012710504,-0.037434299596380574,0.046037946623191564,0.0683510503560797,-0.0293118396347416,0.0033544636246296902,-0.03450077312184454,0.020809949183628725,0.018841941229756014,-0.026848876577903344,2.4488554933865814e-10,0.03427570096213685,-0.04565080600362399,0.01019259901336607,0.02569772124197381,0.009801644127965137,0.020740076058358318,-0.010885106060165774
10_Q1_CDD,0.044239000551965155,-0.00569944904035245,0.08908294466611108,-0.17253238316039332,0.18018580411387036,0.06778381835085023,-0.12028851724898343,-0.13294869910207924,-0.25145509815938144,-0.07849891846377395,-0.055122004840760706,0.18416234645686835,-0.12868632627044238,0.027181474397045564,-0.24281698493638829,0.010474525271204793,-0.25264109353596487,0.0030654691450512986,0.20119317234450032,-0.15177205617422718,0.22439672210013017,-0.060651969408236375,-0.3499504469849728,0.075788243313631,0.05976601242013045,0.12354830983840653,0.1707309009299942,-0.030574494983827333,0.2288495746620423,0.03938390387477428,0.0006924772976148602,-0.10495781355609445,0.10589326871054419,-0.38056801897222464,0.0017892840853697273,-0.24630518532778656,0.1387165645796557,0.016074729416335008,-0.0012161730968877627,0.016980418756752158,-0.17456930384509584,-0.007639327253111568,-0.044657415994733565,0.00045791964870466354,0.004210425065228261,0.05640075489592695,0.060218734184984926,-0.07853648482433163,0.013130097971503642,-0.026129673911581063,-0.021075044979365923,0.003803252080774977,0.009178193633747,0.0022174022029261315,-0.007082153042541636,-0.007809567188369965,-0.00381387358390467,0.009869137023450759,0.0007692649725068723,4.085030143301336e-05,-0.007491075202902462,0.006609809329335081,-0.011737332134301934,0.004497476083782412,0.008321939403787018,-0.0002969947793197564,-2.921666381050514e-11,0.011688339720856741,0.0008266097377327628,0.0160328548094928,-0.0034562897443524074,-0.012660331564741795,0.017193808858378175,0.009624114019410185
10_Q2_CDD,-3.308722450212111e-24,8.131516293641283e-20,2.168404344971009e-19,-3.469446951953614e-18,1.3877787807814457e-17,-1.1102230246251565e-16,2.7755575615628914e-17,1.6653345369377348e-16,1.0234868508263162e-16,8.326672684688674e-17,1.214306433183765e-17,-4.163336342344337e-16,-2.220446049250313e-16,-1.1102230246251565e-16,-1.734723475976807e-18,2.7755575615628914e-17,2.7755575615628914e-17,-2.0122792321330962e-16,-9.43689570931383e-16,-3.191891195797325e-16,4.440892098500626e-16,-2.636779683484747e-16,-6.245004513516506e-16,-2.0816681711721685e-17,-1.1657341758564144e-15,-1.8596235662471372e-15,-9.298117831235686e-16,1.5126788710517758e-15,-9.43689570931383e-16,-1.8041124150158794e-15,-3.2682190287403046e-15,-1.9027748127120603e-16,2.4667767828390197e-15,3.452099717193846e-15,9.575673587391975e-16,3.760880495917718e-15,1.734723475976807e-15,1.5543122344752192e-15,1.049160758270773e-14,1.0104764247564901e-15,-1.3388595787588997e-14,2.3314683517128287e-14,2.6419838539126772e-14,-7.77503061932805e-15,9.818534874028728e-15,-2.8824165276830627e-14,1.1546319456101628e-14,-1.942890293094024e-16,6.129124985321255e-14,-0.008219691218061273,0.0926340617366607,0.027756166495121946,0.062156742333526596,0.0016921693835830335,0.12481871401664305,-0.08693156969850642,-0.012579097484047888,-0.09523800204130527,0.10423886485870737,-0.42318426762461153,0.3399443767631171,-0.27832199352311254,-0.2772973291086999,0.3319188897718322,0.15328557296431475,0.2635288678392402,-1.43982048506075e-13,0.35633015664418616,0.16439248914832633,-0.26132514151185676,0.14120107908585713,0.1280601860221757,0.17434210108345338,-0.04843787650800786
05_Q1_HDD,-0.12545934215775048,-0.15346950463126602,0.15061274788486337,0.1160752887123109,0.17748797753687728,-0.029590493477342994,-0.05987082333882532,0.09212183507513141,0.0012145443389403147,0.08005662844554455,-0.010747552471980441,-0.028455044882423786,-0.006381554751073659,-0.06697874228262342,-0.017420811065552627,0.09291501397348176,0.04551378076793031,0.006768099477432872,0.028183859917591092,0.07841473965431456,-0.02700006006684716,0.06779106106185184,-0.006650473737597647,-0.044915410074310075,-0.027094196695787765,0.08920773171752208,0.06513873992336967,-0.2555318683660419,-0.021101880117132488,-0.03164597578171985,-0.07218575781128447,0.08321463138572874,-0.02178248471048698,-0.006538783417512784,-0.025837752144906967,0.025792026862656883,0.05496185484347649,-0.018776401902825264,0.008919653761278679,0.03165646989052561,-0.04319162348380517,-0.03627647551936569,-0.03900671521822267,0.016640262223525087,0.0032996235645873645,0.009271760743732808,-0.040966061927342035,0.006156205142871997,0.006388352296814649,-7.08490104631525e-10,1.7089371801351505e-11,-2.506084020859056e-10,-1.902602537323661e-10,-5.343029651148139e-10,-5.449506037397134e-10,7.480800007231281e-11,-5.595207880999473e-10,1.373676658533718e-10,-9.765951233461911e-10,-7.206605286483314e-10,3.992319738688188e-10,7.609058313984285e-10,9.725179841123255e-10,-4.1709137064763807e-10,1.0720476728565131e-09,1.9744887669315148e-09,0.8590122660931034,-6.387044643174633e-10,-8.851849461755101e-10,3.1857350091257786e-11,1.0493450761095424e-09,-3.098560556206915e-10,-3.571776517960827e-10,-5.063767044566347e-10
05_Q2_HDD,-0.18949853409584488,-0.02912139244614255,0.10079151543869144,-0.10261719257972954,-0.08869742896665,0.07871678694048537,-0.049269369122364126,-0.10715335286421024,-0.16857765213477582,0.004327518038292261,0.05255954852322651,-0.006200194910695123,0.06054740411577009,-0.02520932829777943,-0.04620588819592559,0.011041368649285094,0.0017055475020940625,-0.024362175874859664,0.015593747797642235,-0.09204326017487366,0.018964802141247683,-0.07422713337545933,0.07743877394936685,-0.22180347779423107,0.07432545084031779,0.07499249219785964,-0.05011078456310718,0.07092041557015948,-0.168743851123907,-0.239540828021104,-0.04834802637235404,-0.007116775227670265,0.015164274021937846,-0.0006441936484741402,0.004181821874868749,-0.034298366234799246,-0.03638618958936796,-0.07995046293799583,-0.03281520884604158,0.009038350681849383,0.05401784196285236,-0.020504980249676313,-0.003421481801699839,0.006559847269582473,0.02386273793137408,-0.014338344433274829,0.012395098071391775,0.01056403459495995,-0.016396873516463267,-0.21102141935954108,0.1489740829540218,0.2285185650665354,0.2538650712902343,0.04499319801581204,0.1556164829073792,0.11960042525140475,0.12921686647953784,-0.006467389752005974,-0.05013972308830256,-0.06888313021681629,-0.33190769859019287,-0.2795816502752113,0.09488767320875943,0.235281602458424,-0.14589528169026048,-0.029514975003039335,1.0003524258950236e-09,-0.0027357120514516706,-0.1456352845158838,-0.0618989042448531,-0.33783923004614136,0.12162697523641655,-0.07650096761921278,0.043204924467556916
06_Q1_HDD,-0.10562971866196301,-0.06242325979592821,-0.24211792359187786,0.08483418603611362,0.04618699798358399,0.1002407552332638,-0.18326915708654787,-0.027440624839725716,0.09257490128592194,-0.07400930524319221,-0.03896756616118982,0.050045758281842934,0.08524102007632509,-0.019295080039303567,-0.06562665557308243,-0.023028106577353546,-0.1056565508891707,-0.07767388495532337,0.07047215871892981,0.015926495484785058,0.05389281532507745,-0.09971409336034003,0.07798221989517018,0.038893195917180545,0.076354718226536,-0.01979146337621948,-0.017684176596497583,-0.02789701427898164,-0.14573278726240718,0.02689780736951103,-0.1352744483547104,-0.14669829274080426,-0.03570701025331222,-0.01463704419084852,-0.021866240846901315,0.17759804143935917,0.11568338780156256,0.27113439224325786,-0.1396507924312066,-0.024680711765988253,0.004495395025464182,0.04905141546942694,-0.1275631731970518,0.034224441896089454,-0.08198127024722882,0.00992397881251525,0.014638861150190419,-0.035950363766687796,0.00010774832534075213,-0.26440263675221665,0.10950451827733636,-0.11806476057726978,-0.3340377944048717,0.1600733302426641,0.06989740504110196,0.07195710247753499,0.014873512951955006,0.010709618693519496,0.21356985975376502,0.12420692404428657,0.006916863288187483,-0.05585393554786435,-0.05217328885239156,0.014363617440308406,-0.045175001560392856,0.3003285526581294,-2.0728564698035967e-10,-0.20798929803749616,0.1582269326847586,0.07334200763259083,-0.19366904458701034,-0.011163545948673394,0.10265587516911234,-0.1916612013970725
06_Q2_HDD,-0.12272384748034683,0.1789848142425296,0.004623826982351728,0.08848800858652052,-0.0011074926661847947,-0.11416113227174034,0.11840832996922049,-0.25469640110332215,-0.04675359820872682,0.11610904924195471,0.02861535583627617,0.1508672649253781,-0.031231671207818307,-0.04049959610440959,0.05696013440314001,0.06564759088251776,0.04843191668017377,0.002800382912889733,-0.007520338971303692,0.09746558382479281,-0.07974852751179146,0.058771593852316464,0.010125345359561623,0.058561776238276644,0.16690428875935276,0.05108664827996956,-0.2531860449803125,-0.15607545260739863,-0.10788497558360044,0.25676526958281043,-0.08126970693107266,0.014314678812007622,0.07110781574246858,-0.22011556844021282,0.13853050854026433,-0.13453375311527485,-0.16320894107915573,0.027243504455483947,-0.17488268115032551,0.011985906744976136,0.0715854821524527,0.03682243065783819,-0.004752651752905294,0.026533762416849935,-0.050868688524995986,-0.10330866475843653,-0.01868850436396874,0.05399443832925608,-0.04077530121425035,-0.06136781924504185,-0.10449701283811222,-0.10356747740798872,-0.02808007080285383,-0.2144208102404758,-0.17866002485170843,0.027453811010976666,0.0851291329867212,0.14174662247710584,0.11243438535275393,0.048594908132091164,-0.2147390905477271,-0.07063551226548535,4.842023735498156e-05,0.16735311122742874,-0.020823463605182474,0.09572024774965895,-5.36503425019319e-10,0.06757973283444513,-0.03348903465597964,0.015572901452892798,0.2545756765751682,0.09735597954852708,-0.20119400119141534,-0.21036883533725503
07_Q1_HDD,-0.15205488762734234,0.007445233131709935,0.018783720379020222,-0.07750977602766164,-0.009926100460354411,0.1871037509505678,0.19420124750885923,0.011511455611764573,0.07607386408913785,-0.1471708162857935,0.04390280835020707,-0.23022970185186353,0.025363523522036774,0.046277746513180756,-0.0965999008657594,-0.10923318351933817,0.18496363876992522,0.16045685771189117,0.0936689998863072,0.08542278654702243,0.19701789120323548,0.12223917435013398,-0.05784486221124559,-0.058182075006368836,0.006605337233916708,-0.005090801640176668,-0.07482830102659035,-0.19221181830735362,0.2544461273702419,-0.13346314527592984,0.05107242022539789,-0.2095466456807857,-0.19838781131735417,0.13060881672938734,0.40066401772496624,-0.1742078415075626,-0.029804446245166955,0.1940121552828549,-0.11387769854075185,0.04516263739766251,0.09142029880362024,0.13805193405323965,0.02094556794830798,-0.04133887581008964,-0.07490521641797071,0.0739131205262247,-0.09809721932373176,-0.06397877957505216,-0.010409928418179417,0.04982378979413868,0.1742097650463821,-0.10656211605437588,0.15597861822405018,-0.029239745174601806,-0.03694126284087726,0.015347881451230012,-0.028781288162441004,0.09269904421793605,0.03602528661061698,0.017043468377331936,-0.046159947454816455,-0.0010316185027076166,-0.03630928474212383,-0.09532022711683139,0.08204172601830272,0.013732745835184175,1.2564105311696494e-10,0.058779865074743406,0.0972525357958616,0.08007305004835269,-0.06454396769926271,0.03779404809084302,0.017364222450500885,-0.030383967408986426
07_Q2_HDD,-0.15753765640870124,-0.036951962121251423,-0.15947134338588684,0.06469191063636834,0.048131075056391595,-0.06628073519816517,0.10741633388400926,-0.01244172065617958,-0.1401725683031394,0.11579647747380431,-0.08175220108386994,-0.01145838840587815,-0.21173707962229144,0.10434511709241402,-0.010355385471820744,0.07058019709128584,-0.12469200962982435,-0.07483010862352528,0.07833072180579498,-0.10729584893669819,0.25516430810971125,-0.08816888592801417,-0.14327402775349812,-0.014288853453493539,0.12932423090589684,0.04323494939032757,-0.08590637421946178,-0.10787113720275852,-0.19567971595162495,0.19207024336354575,0.3243627967086115,0.02236599885353009,-0.059355406039001524,0.5426507220526575,-0.14033135355632276,-0.17428253105580824,-0.04204427498219078,0.03484481861503535,-0.0028361602367494906,-0.05320317458703612,-0.07729069388820406,-0.048117848715607266,-0.053037000719701556,0.05873417453394569,0.1411030190001982,-0.0035233544779916595,-0.017337456279165858,-0.004938431049795772,0.021625052493824265,0.0005307104788551234,-0.0168464356655759,-0.10791318105451532,0.01775142719224353,0.15304224497411753,-0.044704841144069626,-0.020416766341615118,0.023571133850797867,-0.05097309548132133,-0.017202533625858094,-0.04450617891679172,-0.03146690654702558,0.05531192208495373,0.016103654366190184,0.03070053507475165,-0.04224895937373917,0.0726874449099035,-4.863758007456198e-11,0.031641940515257094,0.023916602798116395,0.032984571240401064,0.01162129806518597,0.059726412557109754,-0.09892254698243677,0.1143430894432295
08_Q1_HDD,-0.18902866623862197,-0.010938694057513512,0.12484895283075065,-0.011244227227970782,-0.012106813818976632,-0.13353371332995764,0.0565015352529006,-0.0055379985145020995,0.03845338629355907,-0.00417083705339775,-0.04361810398226662,0.10312153513602275,-0.06523872083061968,0.09477322878150501,-0.011697446527065267,-0.21123598374442268,0.0487251514776994,0.2024685373278004,0.01259438841508953,-0.021873788097011543,-0.1077104568571822,-0.03048523074942072,0.004674995029406806,0.20073120254781088,-0.06999373267711949,-0.017547831250066814,-0.2495170040865665,0.04117640058271449,0.06342175442013805,-0.022713717605573946,-0.13971878903411972,-0.32695867139204915,0.015972042429192257,0.15894985047196303,-0.076575551636311,0.04569610347512814,0.3894632156993981,-0.3326687505983075,-0.16780780317173283,0.04496039785143443,-0.1565037928017678,-0.05533169823526813,-0.037525391481890824,0.07880890163398895,0.013984478518652747,-0.03716598349734376,0.07995154179733424,0.06764547405794359,-0.04142604325609241,-0.08683642554655857,0.03449962382574058,0.10583102557287022,0.04094609727322934,0.07582254433810869,0.010072943140583697,0.07560533238123306,-0.04780517924782618,0.035145158888487016,0.03064433924537433,0.002752407988183464,-0.056151262844532604,0.15144493878590046,-0.02211812056701764,-0.17544564719045264,-0.08869510125648557,0.10025230053220138,-3.390043801232423e-10,0.13615559148321185,-0.04068057944741984,-0.1994805826662099,0.05774885951494593,-0.03331076871693516,-0.024084087449166826,-0.06975727309460317
08_Q2_HDD,-0.17158225029611252,0.06294124509928578,0.005303803079904115,0.005643368418747596,0.07971042346579726,-0.22374381086359432,0.001331054588204295,-0.09095757328148237,0.07303672745319656,-0.04493893838179865,0.13448230747776796,-0.20481625236091877,0.0677641683862485,0.05743985371681015,-0.02818397217125734,-0.1498577057390149,0.021818780416596406,0.05195451461861529,0.02572496498794613,-0.03759144512510482,-0.08216796143276905,0.06186515966219746,-0.010868874090827839,0.024845743592558492,0.0006861834447999676,-0.04854943337621258,-0.04036129985422951,-0.028494231259000385,-0.15029401699696254,-0.009566374264502506,0.014197363149585892,-0.09553902870866803,0.3281900649195846,-0.029417270525691604,-0.1181979886641849,-0.16257144194726214,0.10435304769418544,0.22232652646106565,0.4356132671115725,0.03033469452972106,0.0467730807089472,0.050082766255995025,0.03828564006486945,-0.04681085202269972,-0.05945865383711896,0.14687341282582322,0.02569167064716546,-0.05009308985979635,-0.014147782474102796,-0.03836707793785458,-0.003852265841744071,0.030732747794981065,0.03615309723198016,-0.0017172180448936547,0.03459471879287638,0.1668733910321272,-0.09384130272131821,-0.07132612998646273,-0.06874524670669785,-0.09785848641342676,0.1163430303265299,0.2572658661051612,-0.10330551406325864,0.14217763258604862,-0.08567938775743102,-0.12090914974457517,2.2283175304949054e-11,0.017566368983599204,-0.009657444747789276,0.18875010341772,-0.06583564526351497,0.14277752571589744,-0.055353547177381154,-0.23618020687200159
09_Q1_HDD,-0.03679129777606456,0.25896436023684904,0.08225107918869624,0.0577500781745161,-0.03447879442663696,0.05844468540942317,-0.1969608932033812,0.10269779048921748,0.09795656297921317,0.039688886570131254,-0.11810611574077659,-0.08005894310381134,-0.037745095374074805,0.08432461027359339,0.08282054467659135,0.00991527430838611,0.049189629205544094,-0.015671239404101724,0.03862652505187794,-0.036261275384448434,0.03302037364856203,0.05897985071622304,-0.05820347243744955,-0.025255945382676434,0.04329399688038115,-0.014546660478263113,-0.01758008650170423,0.009401037724399909,-0.16074142654270035,-0.048176170612548,0.20011879095810262,0.11111135868878459,0.13899072503756338,-0.06343573493420485,0.2515407750123013,0.09198847700248569,0.14324195322962774,-0.013714343813891257,-0.0893911335048533,0.011884049996034271,-0.19494710622692824,0.03325033433234795,0.04818844513907412,-0.04727308780452939,0.05340126621072893,0.02702745186351648,0.0722424013317933,-0.022337691031867814,0.02578093060994726,0.06610948154295704,-0.053313546464966305,-0.053206570858193664,0.07686244418839808,0.013719198046362516,-0.07509617017333617,0.13012680677090904,0.18323109671845023,0.0961041806434326,0.05885068465339052,-0.06063818487288139,0.0626842174558501,0.026202090671160548,0.20192561853375193,-0.06747750113934801,-0.17656158311897008,0.10113946732436485,-2.2797289056519787e-10,-0.04299945702206681,-0.19260560701633733,0.07545623986100318,0.11042512493733228,0.2978239586996835,0.4684818280949951,0.029177954585915142
09_Q2_HDD,0.07512051847673555,0.006145505888248722,0.04626992394850372,0.3101710808993394,-0.14104632944904505,0.006038664535672017,0.0645538132713417,-0.07129020052086542,-0.11018684311923846,-0.18223496716063997,0.08779524162221168,-0.10766427149354463,-0.013627490256379687,0.05626395884248858,0.027096931325006072,-0.0677567957402916,-0.05773192389551171,-0.00424049613713301,0.03925783597702148,-0.017952002048464283,0.04135027622649712,-0.08797995752419893,0.04835206319344933,0.020967285384553003,-0.02345515791962745,0.0649426649924954,0.04655921919916173,0.013406992008122037,-0.012895922592476593,0.028320211199864165,-0.13084427174720567,0.18419762778713986,-0.03143033891045387,0.02573709326347924,0.04417777595181499,-0.09764011562714614,0.11541843563293205,-0.015228266813700604,-0.015612113108604553,-0.009630971879524539,-0.07323477947489544,0.023042141847008153,-0.025304748298736933,0.016229301771174813,-0.06772462700100987,0.019734261549686667,-0.012406648611546889,0.02207533370439818,-0.003176196570346859,-0.15460279808610802,-0.048749532805583744,0.07054251768485598,-0.009529675039800378,-0.22539046845330277,-0.29029258855777146,0.07754617389912116,-0.029178138215801647,0.20736361615936766,-0.2550226709667464,-0.3786239121580588,0.16237004877245972,-0.018581720706492916,0.19111363492768052,-0.11527466426717235,-0.1043730779361386,0.14872670780625788,-1.3693499667510878e-09,-0.1898668701457343,0.252878143957331,-0.05646089877405322,-0.14234999596865833,-0.05429524244551287,-0.11488760875241583,0.06029697328179848
10_Q1_HDD,-0.10155636364814204,-0.11439709431939911,-0.1301894522249541,0.04199334295153689,-0.31312624866610284,-0.03621638654404676,0.02732834360862559,0.04299571587793431,0.039655508850434534,0.07833675360955333,-0.015697163502730604,0.006606378330636721,-0.010175894961264474,-0.05070077811013006,0.014714401162984595,0.14579544267238656,-0.04841768311570361,-0.03268885586034867,0.07256568607756496,0.03627740962878988,-0.00523708434482683,0.045485275429244874,-0.020693039710240453,-0.008748530472341698,0.12522258111931314,-0.006518525529011731,0.043831572780233585,-0.037512300736682845,0.14066671672320413,-0.03932341875135434,0.06814719267985235,-0.04702908334743356,0.05896438967135467,-0.10071215931241814,-0.010975220379206018,-0.04068406333357269,0.08500821589488286,-0.04757940854490611,0.0491289067876702,0.04103278416962839,-0.044461279785679125,-0.02353823031472613,-0.0187876827822866,-0.0017066966373125297,-0.019447159167960727,0.049444558925912194,0.006197760392477575,0.014843938735894327,-0.029288425144408093,0.42625317526925205,0.3437970530149941,-0.06204242257380804,-0.14972380362153026,-0.03617246625182984,0.11553110942471909,0.12739741220397663,0.06221569180355148,-0.16099515748277385,-0.01254901247720927,-0.0006663901976016601,0.12220185466578723,-0.10782576950026464,0.19147101132992478,-0.07336729424236746,-0.13575573501698635,0.004844874657674608,-1.3455750402791011e-11,-0.19067179896527145,-0.013484479529212438,-0.2615438417298723,0.05638242961389078,0.2065278942878487,-0.28048247700336293,-0.15699810055890706
10_Q2_HDD,-0.00974559369400703,-0.176715100713557,0.24105759373419322,0.07382656703787703,-0.0751141898648559,0.05295388016769512,0.006626917181989708,-0.16271305364677285,0.15398529769173913,-0.021160194966651353,-0.08948537328917512,0.13882013653887385,0.07598664257397539,0.010000258281688481,-0.006722261156620287,-0.07982575557097055,0.017420590241081738,0.011398314757889157,0.0034419919363669962,0.025691248167011103,0.02110504262958752,-0.0023302907947647597,0.03320668410615312,0.045896705442879424,0.020923064333769073,0.020242318491941885,0.08679270065577836,0.0638663831028336,-0.05046036331113425,0.06182038539223471,0.16955922754935393,-0.03663596351655407,-0.008743337022827015,0.00438773471555208,0.000644350891310333,-0.01059628850157783,-0.02664357651081503,0.054101022570662155,0.016665100254895975,-0.010619639149685533,0.0185739521473611,0.02367678288553248,-0.0025205422478213647,-0.013379107126911236,0.024634038093557298,-0.0015270927870943626,-0.00038523509569980685,-0.00509738299981402,0.028479124264286577,0.0002545713240175475,-0.07229387745628636,-0.07213883584966785,0.2434186045258906,-0.06487640137125476,-0.12238581460679358,-0.17644953542747466,0.19768404888377977,-0.3119388475503873,0.024548407638230775,0.0737262302270211,0.25090381716320687,-0.17651247884138643,0.03921051236384232,-0.16073694294473748,-0.26212886730066637,0.18042867683994498,-1.4636824391400793e-10,0.15297988293553477,-0.1704028168393631,0.18871785815686687,-0.1419377575596254,-0.28142445203934785,-0.09163346575806172,-0.2549319724445134
05_Q1_Max_Temp,0.1271088993651162,0.1374413838778593,-0.14964865055115623,-0.11078487561509902,-0.1799646890564178,0.0546302142662805,0.08981494931535383,-0.0961372583639218,-0.0390828438164132,-0.028943324894665674,-0.010238178741795776,-0.041420080778233545,0.09258359870078549,0.030230521503008694,0.03214719737414776,-0.08736575417683004,-0.034721136544621445,-0.019251454577447587,-0.03787864985980563,-0.06373157531196359,-0.04110475897053434,-0.04945852601895154,0.07479853686914091,0.05702754133082293,0.010266394577533672,-0.10104132758289805,-0.07394369658186153,0.2794620231868374,0.06108358965837818,0.022460393561156783,0.017249584249169475,-0.18420350974546823,0.1573978397203665,0.03263333373696167,0.11836477043962138,-0.08430048342735855,-0.17183026643136315,-0.0264488210844947,0.04292153303006179,-0.28564670366869194,-0.20609073406460654,-0.032953322186439926,-0.27216194629570667,-0.03855515090898968,0.016483385094552692,-0.12801770656418004,-0.13043120897618607,-0.17044667882797884,0.3227512732839486,-0.018142282219100473,-0.02271735283212149,0.0883275331211727,0.013828326939291254,0.01805298659854214,-0.11071594753769956,-0.051348085307615754,-0.12014673085150748,-0.17110835018583895,-0.05601346234486911,-0.038266333381056526,-0.0995307978409365,-0.09070568482620425,-0.11514237345922357,-0.12946636640309273,0.0755336207104734,0.053300957574908096,0.2921461905795104,-0.11625966043101582,-0.040133449316600095,0.0342565275914261,0.04512506461833392,0.1453805668515977,0.02119581100760559,-0.043512444722405653
05_Q2_Max_Temp,0.18724143367955598,-0.029179088423358156,-0.09104557715765978,0.10225152609435686,0.057507311776000235,-0.02803588175512534,0.06084887941099333,0.1448995035479858,0.21205621328144697,-0.06632754520192284,-0.041481566737231655,0.008064260999402356,0.02709958234189337,-0.06787610301807472,-0.03313924135711335,0.015237736728654715,0.01752107734672557,-0.00438352356792125,-0.03666779522277369,0.16635068359068048,0.029885596236162604,0.008927379270906335,-0.09774076747067653,0.1808819318615324,-0.03423133145458873,-0.09425253764030468,0.012640481719885677,-0.03766833107654115,0.09699903549294304,0.27357386033625014,-0.14848121288851085,-0.05332291301019508,0.007452027383538944,0.03299854145942467,0.16037255018645055,-0.014586996797824794,-0.11538448154240762,0.07243342531083499,0.16711992029689357,0.03477049392246743,-0.232071030592445,-0.0381405717644603,0.0903030578215654,0.2830632826166749,0.2848959072722111,0.08066751017169199,0.2226567876139886,0.01617235917613142,-0.04939162245339436,-0.044436269946744475,0.03659678408138738,0.06472915932408704,0.01783576934312156,-0.01228763926623433,-0.16994292253682627,0.017563971576735976,-0.049146703244341214,-0.02774561163500577,0.1561650064849767,-0.005563348908560123,-0.11076706966440819,-0.11053858454692511,0.016681787658986848,0.1270750648114221,-0.12696006236289525,-0.1327881193160938,1.1427968085730988e-09,0.08857416943437632,-0.09486839012859535,-0.14576557140004545,-0.3333766201650956,0.12099719077640608,-0.008895115199954715,0.06053859325450751
06_Q1_Max_Temp,0.0739175922689693,0.03462812113828207,0.24916202154615924,-0.1119078751423874,-0.07491621108636835,-0.004300785159726123,0.25387964094622606,0.05340275270179775,-0.06346405244083303,0.09799082183337937,0.01606343212495728,-0.03205598036729663,-0.046113231002208904,-0.029350353282114168,0.020478261792612654,0.062458714612010136,-0.009958847484062124,-0.07989682470979426,-0.10286894758508527,-0.024022198373625417,-0.03857772647541585,0.022450312101528536,-0.10107361175252193,-0.09681599284670939,-0.07805098105755581,0.05529521049543196,0.01369154981812248,0.034237755539400117,0.04808431977486272,0.04349497591123819,-0.005017780928320042,-0.028304776794069855,0.08059968530076471,0.07476767840694756,-0.011016604840737377,-0.029162619625969916,-0.07531544126310415,-0.06390712293640986,0.12000418226628348,0.10828254639220389,-0.3054939966466281,0.08247418850442909,0.3919880807046328,-0.055704535484186024,-0.139353378032766,-0.16066117427601975,-0.2333498419810759,0.07923372638025343,-0.04023866518531946,-0.19112274341485241,0.13388910528059134,-0.20930238241228147,-0.135033180385668,0.211632679732148,-0.117089317455918,0.17782913109791718,-0.009522725206254294,0.04563047596925941,-0.07790847889473804,0.12449346450936241,0.05630537108065445,-0.1277232702447073,-0.12944377488098752,0.07842391437384102,-0.02167852643513401,0.0667088613012734,-2.917999314400177e-10,-0.1584701003668103,-0.025071021300813214,-0.07172163766750797,-0.033664992145065166,-0.11831418424546356,0.10923036869065943,-0.14065522592582147
06_Q2_Max_Temp,0.10110453604918417,-0.21669570346359351,0.05736098626607341,-0.09535710085868264,-0.04591418743474642,0.08277814768476692,-0.1285260119032494,0.175284631693598,0.04790649647999713,0.025308662567899706,0.0665698772205295,-0.21400627618471862,-0.06348500909322978,0.07625211209975444,0.006045011517776491,-0.06971681435629547,-0.05925752259064908,0.11669373309471562,0.0021209815473525384,-0.05388792614880607,-0.013338150388458266,-0.01652569633351939,0.015104324263185746,0.015602708548060423,-0.09914686440030437,0.01685296778030468,0.16104646600315453,0.035340401064221275,0.08417136398948075,-0.12994462373291785,0.05149701832996246,-0.00397897519777753,0.2590098750585694,0.12224410435174426,-0.11341662483693221,-0.0360471949099606,-0.06982232824645031,0.11185990388527338,-0.20450439771095663,-0.33527727325543244,-0.04508703685108155,-0.04158989053515953,0.0343213902022908,0.12190691717152503,-0.07215153107261571,0.0001925700646718681,0.0983749154592051,0.10301146090520594,-0.24412675465128392,-0.06543493328882082,-0.09326055925667877,-0.07175539866237439,-0.05625727320614582,-0.1554115546280932,-0.09330416991030599,-0.012536712331208663,0.21080427766044,0.188819759874464,0.01030649699390232,0.05809115468301737,-0.014720142676716645,0.02208884625810887,-0.09538266418440493,0.04249055880485989,0.1880211069448255,0.13389347220287837,-8.1613452107554e-10,0.03598080760262379,-0.22492906556537576,-0.03320632345982495,0.013694099711672944,0.1758119448559842,-0.22439546323943607,-0.1072949841836815
07_Q1_Max_Temp,0.169275606786757,-0.0849113869054968,0.022930810477416446,0.05272771586518657,0.016815573838928472,-0.22663546917219757,-0.09796528901373418,0.0013029302512520282,-0.10026956566557414,0.1493609510977521,-0.06555784366412624,0.0924612867274012,-0.019523978598629924,-0.08078003533798181,-0.056630889686905814,0.13196197870166557,-0.0891922689933001,-0.06122926268648115,0.021094936037014733,-0.02698154471060108,-0.05410168224742333,-0.06933764461048181,0.03025023020470259,-0.01799696960027664,0.005482009561265905,-0.021281030139182224,0.03826979588997084,0.024461955180718115,-0.05342897315390743,-0.003926030359980926,-0.05249220205885726,-0.048280495466575715,0.07829827481217995,0.09698431096857058,0.16576950524062972,0.032767438023595954,0.14247473052629367,-0.14436022087286093,0.07826314158712842,-0.22595820037800152,0.19945596932617463,0.4759176872539543,0.10052325191052028,0.10280074968295826,0.0007919314019147264,-0.016516430293512744,0.06001803628668387,-0.06854449039587168,0.07599112067934563,0.05786838724297474,0.20059025855392465,-0.13625880284555666,0.28524358899813035,-0.03125522707471518,0.025575182818278523,-0.12269878621769706,-0.09818019467082158,0.24203616834058814,0.1738001753013542,-0.04245060083455887,0.003913785075823056,0.01602713210546481,-0.21126506256756647,-0.0875414189662846,-0.08466343991380117,0.007949229690306571,3.23396781576335e-10,-0.1544677242746207,0.015317544880443047,0.06375972289836605,-0.020949009683546807,0.024122358479183786,-0.03324826024279111,0.016250289004123147
07_Q2_Max_Temp,0.12774470424103737,0.08415547434880723,0.12240525931761481,-0.1719848114470223,-0.1374453882842858,-0.09383869579273107,-0.17689581415295177,-0.024217978057635765,0.0621857140967636,-0.1559263468952874,0.0548245844216317,-0.0354262521916578,0.04676285771545386,-0.06780537875533849,-0.0729236303012126,0.03442199948804846,-0.026303539672610086,0.0019576407968520644,0.04654003201246226,0.04654066741985903,-0.06299652968519558,0.04353487518444681,-0.014859268633055277,-0.00042087905963725247,0.05681837808417171,0.0917680701584614,0.05311700877650151,-0.08249076106309411,0.11400732327379784,0.017046889626134782,-0.07245212051360486,0.04693126704997726,0.11150431616519232,0.15281659545166953,0.07065582360141336,0.041893846253331576,0.07042857841269415,0.09924371029163326,0.06045490458354059,0.22922841862465387,0.10812577573458239,-0.004164336641839923,-0.20664651955531363,-0.043757110454916134,0.04387116433010606,-0.47843522786199677,0.0883268790994212,0.11502012824649435,-0.02516484789175627,0.10421308996893164,-0.09270467370431743,-0.17311628381738792,0.09717595051470716,0.2896816633329739,-0.09692876377072862,-0.15089315580361348,0.133751958371023,-0.08381967275797224,-0.006854893383897262,-0.17979318829582974,-0.16562315162085953,0.19510820016019348,0.07739082544191933,0.10824018133333764,0.056044289678155106,0.07824319077255269,-1.7846522176734325e-10,-0.0750198596132056,0.06626720253933126,-0.08838799788765606,-0.06317174121784433,-0.00869976377515179,-0.04455566157065262,-0.05159841167096035
08_Q1_Max_Temp,0.20532464635431086,0.019523313363876728,-0.12291386129858708,-0.015519873544288413,0.06849719805742036,0.0756126231782546,0.017976075006101704,-0.1003563513530626,0.014309853776662588,0.015883818794703873,-0.07309097822878162,-0.058245276187546165,0.09775799417508829,-0.03354472285345994,-0.029514572778114506,0.034196047673986714,0.06895122322286924,-0.03572002460626714,-0.0031623390614692534,-0.02836017211762573,0.02217220609480195,-0.009930747809572885,0.025972021127436497,-0.13858160802856806,-0.04389622903081131,-0.04081038411214287,0.1870032851430069,-0.09553792777164691,-0.10518078019257923,0.018144377386429454,0.14992934445221853,-0.002586681406187636,0.1597157185995483,0.02056545758271099,0.035309040768436904,-0.04954356460113317,-0.14704260541068181,-0.14594002958402802,-0.024504029629270088,0.30712921923650477,0.007937840462496161,0.04086680071695849,-0.1814045728581787,0.3209802219077662,-0.3499236831361918,0.13929862203176427,-0.016618539646734667,0.05556398813332082,0.03143344825894347,-0.12238226785023773,0.13149199454487975,0.2200958102595475,0.14211209510849498,0.06465851148034413,-0.11530351061497898,0.1879641275192315,-0.005670121675900849,-0.06969518358441851,0.21178343525789273,0.028190789507031314,0.03641997216956356,0.21282443916193167,0.05191084299580495,-0.06603973362223767,0.06513908617283917,0.1304038425690289,-6.822677214857187e-10,0.009119415369119338,-0.06613396428203219,-0.15338404949546655,0.12601904055395108,-0.10817940574941778,-0.06152401233808477,0.025163396884966542
08_Q2_Max_Temp,0.16224255361941994,-0.013432576387502657,0.031812811742729444,0.03767519425949289,-0.003716231815318411,0.29811036697657034,-0.0076430502372582376,0.0018153670975833347,-0.07533296037437562,0.05799280775751314,-0.030585168586483615,0.11946234400910863,-0.09138163918875505,-0.10222966629671842,-0.062418063096490256,0.1466621509177355,0.032260492480828955,-0.05433249680714357,-0.045300392753116966,0.08695801373136385,0.020512499714787497,-0.01864893248150895,0.008526391373218097,0.03425449742283333,0.023492346800127434,0.058232880959223965,-0.054609453601166494,0.02293181079889353,0.06018920131726795,0.03612491697376921,-0.09670681128027699,-0.05039393782091166,0.061629348826635774,0.1605745820750512,0.07082402623016514,0.06699067110432591,-0.05311830332783277,-0.10004377595320307,-0.10034774353465052,0.0027597765157873974,-0.012993074435931548,0.026424692128058598,-0.1275489947973893,-0.34250563745718243,0.026259043440792842,0.21351184059421174,0.07846768373026862,0.3351438197523516,0.02573776111130857,0.1334334486736012,-0.2751772390469742,0.0034461380560152984,0.1334101993095199,0.06645058081309227,0.09338124229303649,0.35377325833316725,-0.2134420537227251,0.009394446143094676,0.019613559660695452,-0.037121786931931716,0.10967649839485508,0.07844795057757868,-0.07289086339000574,0.09128341753863077,-0.005471784128221829,0.018417785780429567,9.701980885346018e-11,-0.015355265810968646,0.0047955696811899234,0.12503219889653014,-0.13028724868205868,0.08008654170939608,-0.0912488957614277,-0.18728859286458394
09_Q1_Max_Temp,0.05953414073339161,-0.2474536073375439,-0.08876282226257537,-0.09239675109503867,0.05339855323230512,-0.06276830101620567,0.1614937587081254,-0.18203776345454595,-0.060440564291975835,-0.051233006665918616,0.059219387287909576,0.042840295704329914,-0.030992167332422896,-0.023340391897084742,-0.06033033228335688,0.018151990080713495,-0.06352894748448891,0.011426231749433363,-0.009058852082539513,0.019541804995521897,0.04129689986161702,-0.016842630147093463,0.04853596989466723,-0.04593149919215007,0.02016245417755564,0.032765170927106985,0.060929466892682055,-0.028188948491581475,0.08289963057347086,0.13448690891821655,-0.18152536153191554,-0.08750903172193913,-0.017362622070433903,0.0969827148936004,0.07199249256423249,0.0947707155039025,0.020899272013785553,-0.05139914215931537,0.14198786531970117,-0.13618302360185933,0.2647315640552194,-0.3996714616178879,0.13184567563741756,0.025917617313135063,-0.1719041721267506,-0.016374355826439133,-0.03828135608437214,0.005473754346983446,0.0433719394817695,0.049587238292258216,-0.038161616519151786,-0.17793585323172276,0.08452530789566759,-0.2535945309009313,0.018976541425511875,0.14649940036700604,0.09337166541792709,-0.1217091054713569,-0.04194346455482152,0.027267448126466788,-0.05920236772922428,0.15056220196719808,-0.0010192527690495445,0.027987192482535297,-0.14081361819957933,0.19295411783124705,-3.7410766845491494e-10,-0.07509493381467491,-0.09816845750046435,-0.0691408531682999,-0.0015342521034400758,0.12355113829893596,0.3375985011780508,0.13465734287900694
09_Q2_Max_Temp,-0.08975409646679017,-0.01726814375184928,-0.06466789658050638,-0.3045503791233045,0.11261641587763091,0.0005335813765063901,-0.09146936255270777,0.061418592039639244,0.10033816525916994,0.16225647047757435,-0.08435517428644818,0.09055360729307754,-0.03647196630383879,-0.061705138931800615,-0.05754429574426462,0.05965906287870218,0.05407551176628253,0.02635999518224967,-0.05714477938720211,0.05575697929384266,-0.06635230104945394,0.06023916178993295,-0.049013463251524614,0.013369154783342191,0.0005534441598661092,-0.015495021166071462,0.010239908319666417,0.07056908673963133,0.04285959933402488,0.011436288956794563,0.07048605874681323,-0.13111927163645326,0.23779308385634124,0.01597607542265983,-0.02492799102511223,0.09843901768318361,-0.06058907866885095,0.04799763484070957,-0.13178156811442784,0.1499037817469225,0.20166986401401582,-0.03726935427378883,0.07408961347247606,0.06354581155821179,0.30448856753142933,0.09311027034162837,-0.31493014668166786,-0.06557202558956038,0.05240000968302212,-0.10629327630504491,0.0566412984863669,-0.05037505059655266,-0.015361464816001431,-0.12673836248382386,-0.0860523524306585,-0.08015170541654214,-0.3089321456193206,0.12231485073629905,-0.15788072584657656,-0.1964721286793099,0.08067733147487641,0.0203261953037868,0.310364748898255,0.03655344838724797,0.02541021740702086,0.18637179824983685,-1.6770783650699173e-09,-0.05750506916023877,-0.09532014002409062,-0.003941024062180998,-0.07597586209343948,-0.054244153137077214,-0.041373504604022227,-0.009649195304820404
10_Q1_Max_Temp,0.10529258061396674,0.12430749328938243,0.13517973942054737,-0.017299252917812633,0.29256386945289026,0.03082534031317126,-0.033273613095942185,-0.07439642107472189,-0.06047019079687712,-0.06995508613538476,0.037032927349073666,-0.0011341597287324937,-0.02031039431913079,0.027706962637029917,-0.06851937554054885,-0.15684783900375737,0.03996373440400647,0.04165220244563424,-0.08060021955742915,-0.007553221741099162,-0.026609696071307948,-0.03672518933993208,0.0043964163496010775,0.008162865858160832,-0.16131429452196183,0.07954054632373452,0.016780159093510116,0.002338601835165266,-0.09827912572273,0.035996555896384924,-0.12358902607285246,0.03267007987566006,0.04185887441648178,0.1776263530215717,-0.08754309404379829,-2.895978891871709e-05,-0.16222916912620955,0.0795946244321996,-0.23593922550631763,0.08418423825530205,0.03787081737345572,0.011781641585522265,0.18374255723986146,-0.11354391593361604,-0.026627257028318856,-0.025317335651446157,0.27577890098820684,-0.3032660015179295,0.24906987273611442,-0.04296358362095589,0.06476250626383181,-0.22855480428662522,-0.008104036216523454,-0.05377742460448012,0.15774123155143183,0.09842052026174158,0.03041394464835076,-0.16339911893515882,0.10810310065734954,-0.10827685195488354,0.07804958589047516,-0.08523240597267885,0.162079258475213,-0.16254086995551625,0.018259912316416785,-0.17604014361053116,-7.460060347241892e-11,-0.10414316635846307,-0.012102459863044979,-0.1768405975039091,0.057785680944965,0.12732765723221104,-0.14770565279862236,-0.07409666736735968
10_Q2_Max_Temp,0.023966912445677658,0.17438615491992546,-0.2369093312862095,-0.07267211420051331,0.09200849503143838,-0.04021905140479091,-0.04571747179184753,0.1519274327032036,-0.1630923437451443,-0.005187614635729075,0.056480078743062864,-0.12533464197572705,-0.08756538383653482,-0.023448664054688883,0.026043933044467303,0.10899118544598194,-0.04410045572583587,-0.036531451111185456,-0.010300640677011686,0.023865350252855612,-0.03730094045763543,-0.040589315647561394,-0.018633473187784425,-0.03593732586815808,-0.020726699201538558,0.002575360636620637,-0.0994425585867685,-0.04895002676341201,0.04562980663764836,-0.007464568193491325,-0.21261331447886017,0.019821891367649433,0.05538149289428538,0.07694373760281964,0.07871343763630613,0.04199773669031789,-0.046136820559795705,-0.18664992987939125,0.04346775651949973,0.05185352972917638,-0.05277824911007646,-0.02714142239778003,-0.11524003330558222,-0.14490181068660718,-0.06206102427784589,0.041400311231185344,-0.05790488062719034,-0.3690735310675754,-0.452893160211785,0.08691393195338816,0.032364562153113736,-0.052242179765893564,-0.05629934338849027,-0.03992288224595181,-0.04196668985225714,0.051527786565576876,0.102294842643802,-0.1145957620466829,0.07680127297783626,-0.21494991105508532,-0.027767541265148715,-0.08123455381320233,-0.06432742076971708,-0.11979286467938732,-0.08500378199304784,0.0612376962941909,-1.3640227142230898e-10,0.09718503204229184,-0.2087222199215141,0.17908797404076085,-0.060816161948451866,-0.2539188958153839,-0.03216067014846034,-0.05562220494874691
05_Q1_Mean_Temp,0.12466288066761458,0.15445148232249256,-0.1512086613141282,-0.11600374068955016,-0.1794436532108462,0.02806172031436663,0.05855668727959089,-0.09267152262400148,-0.0009717547608787756,-0.06869988134748037,0.010109223680699305,0.029447536227740996,0.009649805535961266,0.06624799495883761,0.01666235763686788,-0.09731490014084315,-0.04812230750103065,-0.0057419800766829844,-0.031985005543314175,-0.07630388166563205,0.033914215680751585,-0.06457827447225548,0.007542802205985209,0.05541865503562675,0.022167011553896235,-0.07795290322940548,-0.06006307505609215,0.24613093435720074,0.01679363231660061,0.02393166971807144,0.0679734937525964,-0.08122033223389502,0.019752460719872966,0.007169662859512066,0.027767954576238207,-0.024800691386968415,-0.05607998991966995,0.017987192745298225,-0.005836347292797736,-0.031111395271845848,0.042313833619821876,0.03470967256106436,0.038231796837349605,-0.016402347476614107,-0.0028232071978203967,-0.008720952516577778,0.03891980176832928,-0.005562571938984726,-0.006579432666286876,0.035553415220004735,0.04451917867714491,-0.17309539725763817,-0.02709936131414275,-0.035378423845030815,0.21696995405528177,0.10062680253264097,0.23545145280953222,0.33532089910121765,0.1097695371548265,0.07499050262166118,0.19505042633087394,0.17775585974598848,0.225644418984932,0.25371513563982173,-0.14802317577232024,-0.10445384220857663,0.2998468752796827,0.22783396382212268,0.07864948786531711,-0.06713249012674229,-0.08843155258444452,-0.28490218243039295,-0.04153741450645412,0.08527130285346643
05_Q2_Mean_Temp,0.1908309595952612,0.024824661614686664,-0.07830285506770639,0.10102669734285014,0.08240639291581713,-0.08686368312974796,0.061448350146316805,0.11602945785298562,0.20328309633513858,-0.021265237742189903,-0.03457583381047191,0.008593602140118544,-0.07124067805382817,0.012089817541463453,0.004294660446279429,0.0032981742086285685,0.011426497144943457,0.02900627463978881,-0.00554844474280333,0.09597317240506392,0.04255740208129296,0.073354548435778,-0.08423895272367293,0.1902423877168013,-0.015692290442885427,-0.0737751501929066,0.03337792990518806,-0.039748124704320494,0.10717490110065325,0.17340244958959133,0.007560032031353747,0.004479254325595289,-0.0009417349334297428,-0.007293125792597117,-0.020604694340002394,0.018301577025741006,0.01390465602366173,0.04443269699501337,0.023694127105744534,-0.013421644428013524,-0.048068011861305396,0.013342110205148,0.0031632606813895014,-0.0013389294487064253,-0.018980139975323093,0.0032387008339476078,-0.016206560538710425,-0.014599669562063673,0.01705786297605279,-0.15290137416031013,0.09858046441331275,0.13582560229513993,0.24776216845649968,0.07158783268819796,0.47591356974688837,0.10031298329959853,0.23042029258001848,0.04258012637755028,-0.3350136323172034,-0.06593043905499665,-0.16726573416523133,-0.11002092906226463,0.07466428775097614,0.03158505915985069,0.06669697430174074,0.20536859613897304,-9.345882678868378e-10,-0.16169423941780334,0.009491454174081357,0.19293619052392308,0.22500210782067936,-0.08275395489420855,-0.06835512614517497,-0.06085018374432856
06_Q1_Mean_Temp,0.09554608994593224,0.04967899640603901,0.23747730067361023,-0.09525216456034283,-0.06014280870004837,-0.06165235205011771,0.2435115140692167,0.05502353059582013,-0.08448583678978529,0.09739865373257928,0.020473203698765076,-0.06911234396944577,-0.05860399330427079,0.004093966037113914,0.05655873309914549,0.05030272843987506,0.04636754264920139,-0.019225222852361668,-0.08730284979690991,-0.02646255372681327,0.0015135834358901354,0.06715917064765423,-0.05170295234664806,-0.051123519158757756,-0.05967957654725897,0.019486994707010853,0.022225831461111255,0.03278896478564794,0.04654714505226766,0.023385570223208127,0.049379748521466336,0.03740263448520012,0.027270416799498615,-0.010884811013367732,-0.001249793549663803,-0.05397405380262005,-0.0019014273060032894,-0.07510764268243111,0.05802912157211651,0.03822454888578716,-0.025374420876812204,-0.019023105055200218,0.048986707774398876,-0.0037121931179269433,0.03496497596644689,-0.0012758175774173208,-0.005902376465942716,-0.0015860072657594912,-0.017996062968483974,-0.019289398175444342,-0.08670510371172863,0.20584588196406797,-0.2084929937767776,-0.1542776973451738,0.2950847781657075,-0.21241988235300796,0.03616061986802064,-0.0647695553771622,0.4174544110338809,-0.05099081540681748,-0.08825775458030988,0.14704612479444143,0.15489418647990436,-0.11666843886034506,-0.02228519683335429,0.28208379318498195,1.7509687103012261e-10,-0.0011159131424817795,0.2527934519223366,0.22115438350310912,-0.1980846433960229,0.18991696122225168,-0.0531080768742158,-0.010326172792799737
06_Q2_Mean_Temp,0.11426460549508219,-0.22432710301146508,0.031331020738132445,-0.07456223210399646,-0.03913684204171062,0.06624129762823733,-0.12437701458172816,0.20149561619186104,0.030807550335386784,-0.015801604650194048,0.045992232676876216,-0.14199784109499217,-0.05458390902457646,0.11237032110627179,0.05694673433800551,-0.09751970380930414,-0.11211454812813174,0.032785485944017825,-0.0328116724781642,-0.04856356320404684,0.029299419566029966,-0.07622847956303327,0.0038359938637913295,-0.020589003733393882,-0.0572069558616074,-0.014299733246693203,0.02380443534235118,-0.004215850257952639,-0.003427006302436142,-0.06100973914147828,0.03496888745379002,-0.04940978021986847,0.038959376892403974,0.02724041470390104,-0.026339441886134997,-0.0031415810567834886,-0.01380048785607424,-0.013016713352677872,0.007233498478321013,-0.01589747833271538,-0.0005752778689542496,-0.011281046745438554,0.0052277428546929905,-0.012955612667410143,-0.0018976891098849294,0.02280820275589179,0.020195387934798723,0.008510726959977974,-0.0010244043299208272,0.017080581861484596,-0.0029173528331852203,-0.03932270108879048,0.05418591569494842,-0.06933668692822613,-0.12153783827525312,0.06602986590264756,-0.23519812388159483,-0.1058445560919509,0.16178985554110908,-0.02458345844647354,-0.3177507060650201,-0.15197313705006896,0.16814605313165726,0.19297708509968697,-0.3646294647391473,-0.0827268179407368,5.382162354683473e-10,0.04476103639045831,0.34273621737272075,0.0834353487389364,0.38331678944781206,-0.1539710813201909,0.073385477970041,-0.1476350996486225
07_Q1_Mean_Temp,0.16659360994227265,-0.06780071787373344,0.019850091762533776,0.061729731403710665,0.017349295942212153,-0.2559740440344531,-0.0802046565220687,0.04881476168478768,-0.1254509130064034,0.10876144513473376,-0.0829814323679687,0.10611160922770371,0.021273558462124684,-0.06401208310776714,-0.057924936987341004,0.050523708981608684,-0.023614822895760675,0.0020167227651929354,0.014483572046795887,-0.028589228600771843,-0.08609749789767547,-0.0699723940360358,0.054878002182270846,0.006851647280799501,0.03425318368946516,-0.04619165447275359,-0.012842915478387215,0.0717177299081502,-0.05067669580133003,-0.0740476421083629,0.005373167369691775,-0.013355044792499063,0.007059614145190636,0.04479421602849886,0.09623219011456467,-0.035599508488413506,0.0405795623176248,0.05448370460782162,-0.0037852995473498657,-0.024488301400036203,0.011239069502158493,0.05996205275662694,0.03671562672777296,0.0013894882248027375,-0.020652649890548155,0.027498508158710883,0.007375461195421868,-1.1318355836925642e-05,0.004363599529098743,0.03872363408823184,0.13846796592508254,-0.0608774827093876,-0.06161641995357854,-0.027478565042884533,-0.1490161278211271,0.2587972920832732,0.09138452736887027,-0.1640092417648612,-0.20382007825325285,0.12259774424355696,-0.13693696289448154,-0.03106259203580906,0.2688368208460867,-0.11478698515457272,0.37989635490636486,0.024728796275732906,-2.368064772051426e-10,0.4369827923541145,0.2471117617417309,0.11360498842947148,-0.14505816933632887,0.06411213484992105,0.10733517363870372,-0.11415850361195956
07_Q2_Mean_Temp,0.12995890809729102,0.0936068770052767,0.12821936974325365,-0.1808523061789255,-0.14604170655197035,-0.07844304930575151,-0.15303117519888187,-0.04280435178938878,0.06724463921832805,-0.10126224761847753,0.0692400657475627,0.0025328668080783334,0.06818923279881317,-0.04052113496117222,-0.05426225398602624,-0.015079802622696608,-0.03187924101402423,0.008691925885995879,0.04209478571756621,0.02972579271968637,-0.07020227887666898,0.05341166208257617,-0.0006579539166902152,-0.04510855551318339,0.08072341121763787,0.041102899666686704,-0.02982361298378096,-0.13051690585630524,0.06934684596428026,0.043790488333065376,-0.07048912600234417,0.058360785759097505,-0.025270181622727643,0.07550243185885508,-0.028314009060659645,0.06269889369923651,0.03048107438824315,0.03747068493558481,0.007674611083106304,0.028543107779928703,-0.005761930177705793,0.004181879512813579,-0.07347616437423121,0.014551949805678888,-0.007204387568197999,-0.028206538870341698,-0.015343826631883488,0.019091066563234334,0.012376997582762825,-0.17919486657528547,0.10492560929091678,-0.058439984435717365,-0.10967867349351312,0.006183119146108938,0.019570366954144505,0.19408773724649336,-0.15382776014341348,-0.024048552935786487,-0.045332898049409424,0.16412114073713296,0.18289971733478466,-0.15476212608654275,-0.08080527756264676,-0.08580701949731927,-0.23788824700166478,0.10597955136229974,1.3372847447457037e-10,0.23554679556992686,-0.03549453224325489,0.2632270610294365,0.1483607059087373,0.21382770209463678,-0.25176532459753226,0.4700389448753124
08_Q1_Mean_Temp,0.20774539089293712,0.013530116174839185,-0.12933613530920518,0.010256922664014605,0.05099257764492322,0.06748809831895557,0.032588536793598646,-0.08737806031622192,0.03373676040517304,0.03149838664841617,0.0050440225086551,-0.06324524307614847,0.12086994406810345,-0.03808497280485603,-0.035977579853381667,0.008720670478647757,0.013489200801164926,-0.051194483778758314,0.0006084305215327823,-0.0018478071510082336,-0.008926201546623203,0.02267794526804774,0.06057057294579763,-0.1618714767176363,-0.013302688681772076,-0.02333708224252804,0.13604200377534947,-0.12877964914016315,-0.09820447557621068,0.01577033470557149,0.10515228986849888,-0.031175106966869804,0.036263086230000574,-0.04496690425707043,-0.011047766901789878,-0.11503245427676603,0.007739613988571287,-0.05044746789030588,-0.04047767499812807,0.06586357605794962,-0.0013318151034696774,-0.0035341733102561,-0.007148353940938391,0.017475703498594418,0.005791531216794776,-0.0010556594436230346,-0.025854706583989875,0.011719550203277612,-0.029041398132644985,0.012455693651644846,-0.1552280854909376,-0.14383174727693301,-0.15893603456970454,0.06565354857468642,0.2333941553140192,-0.15847681800432684,-0.1050384656696286,0.21116846655946644,-0.3101313116788402,-0.044482430041207895,-0.20149933047903856,-0.02061076997373179,-0.14749253221520656,-0.3034704688317373,-0.3320852813967639,0.00536095562357293,4.950663845884606e-10,0.3119118692091791,0.021795351366832263,-0.20305715015534592,-0.08921892160393935,0.11582017026038424,0.05347137682790848,-0.21390818975770884
08_Q2_Mean_Temp,0.168075630596469,-0.018781439500552003,0.014078137810239269,0.04731238690351678,-0.02354706279335635,0.29009304105376965,-0.028487890992222778,0.02543970080160819,-0.08553837007776606,0.05544832297034201,0.011919920881157215,0.1323570396295275,-0.07927260496367897,-0.07377438555687983,-0.019144663169610304,0.10150984177281512,0.05646885955896201,-0.0013474822878497758,-0.051812817793050886,0.0736353526335668,-0.013601137461567514,0.01037529264491055,-0.011886561925554928,0.04427347916886949,0.03972849964127606,0.054439201817469335,-0.11826155776354183,0.007877820622014024,0.03862166915754238,-0.03378832917469173,0.00807564778085524,0.0024765878016993065,-0.026268983961276915,0.0741590434956178,0.013552455596383649,0.024786171090558334,0.03965839350049907,-0.027061900221018925,-0.050026867821314165,-0.010712942018983998,0.009361942275263338,-0.026180113397136176,-0.03255099234723822,-0.028317150979145903,-0.006315935911278709,0.016613755415534615,0.01262623560284791,0.05705974613602721,0.013495646982108686,-0.2877266852496424,0.4410353048266596,0.05081131975098004,-0.15087511685298768,-0.111363030486579,-0.088551699886764,-0.2697285637221694,0.17529023935194782,-0.1462478995785949,-0.15815072765191676,-0.11921082254329868,0.03499661145183175,0.3445744608102578,-0.07096361868988378,0.11237899820206093,-0.14839078850260262,-0.2519726825537144,-3.7275973974182364e-11,0.05725562320256106,-0.025539642892330808,0.14292508127503797,0.09129456584708394,0.13171372500671455,0.04696759234685287,-0.12862296943404214
09_Q1_Mean_Temp,0.04604410593711415,-0.24822044646733638,-0.10721160523480017,-0.08542616089937115,0.045576038518993445,-0.05739449971614635,0.17957163158451694,-0.14060324910963637,-0.08158157250672883,-0.050212864517122126,0.126970836445087,0.06777441837823397,-0.03567666737894655,-0.024482014171478522,-0.056445466936525565,-0.018946472991729545,-0.02272228920661109,0.060423825506647974,-0.02389414696290469,0.006642244165400463,-0.018658390363438013,0.0191270737033807,0.046918835570835975,0.008017131272372639,0.011937975966680645,0.006417141514894959,0.021554124505567842,-0.02332040413154346,0.0673488287262494,0.01930455911261194,-0.10070794905578201,-0.007434819024738817,-0.044274257882775316,0.038474829749702705,-0.06580687234219076,0.07041867056374011,-0.0547708451417829,0.007936432995072983,0.0638184827064954,-0.013811642036321806,0.07093481543581777,-0.050423238306488656,-0.010601326352002921,0.013191500298301389,-0.02932201821169912,-0.01629908061698117,-0.025273796615549182,0.005824849026270826,-0.0033968105890128976,0.009333112695388536,-0.01047997247524421,0.21552609620329122,-0.032572138052617244,0.4283488128492656,-0.1322864163906184,-0.06063732245057509,0.09707401775644116,0.32672067181114095,0.1474148481203498,-0.12611875544613957,0.1804911665187792,-0.20783619741320883,0.27489832370261025,-0.13653694204335612,-0.0113871568470713,-0.1749300064696468,1.992076226198236e-10,0.0631579161347607,-0.10200872289605523,0.21383422629765436,0.15190952167831773,0.20337720130955203,0.08843682045449619,-0.17810850134640938
09_Q2_Mean_Temp,-0.08746917099090053,-0.024597510155878487,-0.052254987050708974,-0.3075986105131722,0.13221439952517397,-0.002847091144602135,-0.06262980361370694,0.06259824944486421,0.12793362269817346,0.16557122845086614,-0.037917697009502795,0.09289978469915308,0.015530795621594692,-0.06874926641705104,-0.02349238690865791,0.07049087781951169,0.041208208760739246,0.002357186491513681,-0.06751911734005527,0.03787877391385702,-0.04250759653565889,0.05830940880601626,-0.03563413426039444,-0.006103633445290614,0.014689275408339288,-0.041551497870089306,-0.025755366745719932,0.037326643599291776,0.0009297516482930299,0.0016490570940214666,0.10124271590868203,-0.10337392556360447,0.023254235624958697,-0.007772209294465479,-0.010697019253202988,0.02089733922813955,-0.0491596415364598,0.013863878570011048,-0.012156725854463875,0.02178989349472081,0.056071450315362134,-0.01685415464945418,0.01656405388399719,-0.01226948525578743,0.050858130641941106,0.0006026047233891468,-0.010300963873273228,-0.02331693192750394,0.012886792844002414,-0.0014594308281379118,-0.14647664133236793,0.16080006797335517,0.014177722267924308,-0.047836968073225634,-0.18661122661947507,0.2168899223635326,0.46757067165293076,0.034758218165033786,-0.03067481000236924,-0.10696921459688022,0.051668208618295394,-0.05378559016402629,-0.28804844032461013,-0.18864620801233845,-0.15835728847719982,-0.13483139164616728,1.2587570152877703e-09,-0.12007423499973158,0.43834193316577175,-0.057018961205741944,-0.036801401889970026,0.026882112874072453,-0.062003799718412744,0.08333685355437154
10_Q1_Mean_Temp,0.10083472568804043,0.11029215284110797,0.1311833825245477,-0.05083861463117128,0.3134968984266591,0.03904216530969634,-0.03355939788195809,-0.049461371371309536,-0.05325647783121291,-0.08041073484750406,0.011912505803313603,0.0045287190344144995,0.0022119955150740177,0.05064259303211254,-0.02862458765759937,-0.14037348495341317,0.031846179191586034,0.031794148420981466,-0.05824894143908301,-0.044080187367413565,0.01836736242190365,-0.047583040403001126,-0.0007342128016392009,0.012953338358688275,-0.11755597384820667,0.013628089225259477,-0.03226690556698606,0.03446450709954806,-0.12246789078722871,0.04036327405645622,-0.06586207237480025,0.03925829702359908,-0.05074512107156043,0.07483482135475746,0.010719882041951605,0.024742832076186674,-0.0739854935491504,0.04696557692601101,-0.04758320253578744,-0.03867494885720056,0.03264832747815784,0.022310246512434528,0.015521619079779538,0.0016776420655372562,0.019056372756495733,-0.044472801444311996,-0.0024237700966387374,-0.019010948301565612,0.02910234642459714,0.5147233190895776,0.24402411644904964,0.3292700322481209,-0.14087208941054508,0.055166123937235176,-0.15206436068372678,-0.03768170731826043,0.011980856543862897,0.11479147552285188,-0.1990606559760491,0.18569434399791274,-0.007988470543078302,0.035218294350154444,-0.0810059329036087,0.2039258016386319,-0.1718102365823045,0.3080382826232065,1.1178113989984695e-11,-0.017896503907264806,0.00688904862665099,0.033956627009110625,-0.04116764200118948,-0.005616336725993848,-0.03577861168892063,-0.03479701828475748
10_Q2_Mean_Temp,0.009745593694007019,0.176715100713557,-0.24105759373419322,-0.07382656703787699,0.07511418986485588,-0.05295388016769513,-0.006626917181989679,0.1627130536467729,-0.1539852976917393,0.021160194966651457,0.08948537328917515,-0.13882013653887398,-0.07598664257397542,-0.010000258281688424,0.006722261156620434,0.07982575557097074,-0.01742059024108191,-0.011398314757889653,-0.0034419919363671077,-0.02569124816701158,-0.021105042629587362,0.0023302907947645446,-0.03320668410615339,-0.045896705442879306,-0.020923064333767116,-0.02024231849194108,-0.0867927006557793,-0.06386638310283409,0.05046036331113356,-0.06182038539223557,-0.16955922754935285,0.036635963516550234,0.008743337022830547,-0.004387734715555189,-0.0006443508913134208,0.010596288501579482,0.02664357651081986,-0.054101022570672126,-0.016665100254895725,0.010619639149665759,-0.01857395214736382,-0.023676782885543184,0.002520542247844121,0.013379107126886045,-0.024634038093543646,0.0015270927870734488,0.0003852350957002891,0.0050973829997964315,-0.0284791242643614,-0.15971492040598384,-0.13186249288152194,0.024015541004537636,0.3470403964698096,0.008603684516373934,-0.045143997044586465,-0.27128903535281224,0.00940521216719628,-0.10101954599059199,-0.11680822353573668,0.46935242405117167,0.3020113825407338,-0.026996169736024117,0.15760838690821355,0.0597478893375293,-0.10567510311294129,0.06771759631903435,1.462774276705936e-10,-0.025894088730862116,0.21376099625492642,-0.14090262481415683,-0.03000253248464528,0.1859261312833722,-0.032440123897626065,-0.1525564880384996
05_Q1_Min_Temp,0.11653310396984116,0.1643068502647827,-0.14584912716292178,-0.11589145060871471,-0.17072435032713,0.00036027717631269507,0.024798151182670244,-0.08498988601637149,0.03696919779879642,-0.10509280148602497,0.02988005225830925,0.09857034395272704,-0.07325813572934946,0.0990349412684221,0.0005031630522364383,-0.10276040661963433,-0.05924867847572479,0.007953870364690403,-0.02466271369487603,-0.08531805810893803,0.10696086792595891,-0.07666145305734103,-0.05967904390047225,0.051286000363523536,0.03298752354051497,-0.05143173739415913,-0.043515503624276794,0.20173844390291132,-0.028014519040758995,0.024300902543307412,0.11530522379172013,0.024895146335776108,-0.11802079017677038,-0.01847833705203822,-0.06358793245814914,0.03549762031421089,0.06158171330308804,0.06135097365433105,-0.054053000287369854,0.22341288762728218,0.2873861005488417,0.10040540062480108,0.34513083050432886,0.006375389606967187,-0.02189208145386305,0.11030278976638708,0.20553866865758968,0.15864753702661039,-0.3337554450031463,-0.01824499352411389,-0.02284596605869945,0.08882759455786154,0.013906614893008113,0.018155192304229045,-0.11134275908830599,-0.051638789718646924,-0.12082693448574777,-0.17207707051023835,-0.05633057958850342,-0.038482975968913945,-0.10009428566444925,-0.09121920995748252,-0.11579424509520049,-0.13019933288418853,0.07596124995566121,0.05360271754727894,0.29380015932330333,-0.11691785752158347,-0.04036066227872781,0.03445046909280369,0.045380537806533276,0.1462036305716214,0.0213158099622996,-0.04375878772904182
05_Q2_Min_Temp,0.17440774568482764,0.08307224875637799,-0.055530247312827116,0.08880734323030905,0.1016496750817374,-0.14389692763115763,0.05553247810092677,0.0710196690188127,0.17158025319229878,0.03184171661462532,-0.02307767044704907,0.008268746292202027,-0.17451593155452613,0.10098623906935063,0.046055555678456005,-0.0105222511187339,0.0033266297365784434,0.06355483899830103,0.030146223968067508,0.006298789595685625,0.05228446021826717,0.13815253119057017,-0.05997335759292831,0.180391333230572,0.0069012794703998265,-0.04276435038294188,0.05318695728748027,-0.037829847421380416,0.10715480211879355,0.041817188650614005,0.18274758675123545,0.06919366826539906,-0.010308014162931312,-0.05195562121211613,-0.22251811148328324,0.0534331825799397,0.15823793364774194,0.008084117491998166,-0.14061734975975537,-0.06633761288485725,0.16462519289132116,0.06997800784706577,-0.09546086917983002,-0.321971918065841,-0.3596851221847204,-0.084440519904657,-0.28388140588718963,-0.04774115944254863,0.09017616857662557,-0.03939742640498534,0.03244689771761748,0.057389206655298085,0.015813285299109164,-0.010894284193548515,-0.15067227267109776,0.015572307976885372,-0.04357372052571908,-0.024599402422087798,0.1384567012138438,-0.004932493740538252,-0.09820665594455132,-0.09800407964704197,0.014790158775393067,0.1126654086308351,-0.11256344666063536,-0.11773063209189066,1.0065118044577659e-09,0.0785303158108126,-0.08411080457110379,-0.12923650835488898,-0.29557343265530306,0.1072767341759509,-0.007886455204586987,0.05367382918471461
06_Q1_Min_Temp,0.11633239731387615,0.06533080330852083,0.2058335209741443,-0.06732330715378976,-0.0370893286247252,-0.13030759496874053,0.21311766605569113,0.053201384487062825,-0.10528079887221323,0.08976716642576954,0.02464117338788477,-0.11140495234176696,-0.07036654333933147,0.046379602598021055,0.09849548123009405,0.03127606964744008,0.11479704562998261,0.05936748015800711,-0.06132240159491614,-0.02770052162660415,0.05244307018763321,0.11933134983531138,0.014796979527683649,0.010653154744471736,-0.0320785385966516,-0.027473022821088343,0.031520556655243906,0.02862930751623588,0.04130346194590204,-0.0038651034502076437,0.11514110315996229,0.11840725076525437,-0.04254357114655671,-0.1191520907172265,0.011271640543316775,-0.08174779451667427,0.09168911423775222,-0.08406233008576458,-0.024962966125557644,-0.053658674016937594,0.33301047279379903,-0.14688619758447438,-0.3911142611551482,0.06273635628381366,0.25440380231751736,0.2017123428370959,0.284055763878359,-0.10435779304319898,0.011589603590824012,-0.15013531955370657,0.1051757801315395,-0.16441622558231025,-0.10607450121966108,0.16624677661576154,-0.09197880790182088,0.13969260236022316,-0.007480519593407536,0.03584474546975448,-0.06120053627092585,0.09779509087629562,0.044230344965160914,-0.10033224550579949,-0.10168377752721806,0.06160543338887681,-0.017029435954578582,0.05240274408109712,-1.4450368679419512e-10,-0.12448523272478568,-0.019694389628048762,-0.0563405002611568,-0.026445331796714454,-0.09294099471087391,0.08580525818477411,-0.11049086525724519
06_Q2_Min_Temp,0.12197236701001692,-0.21730640321224087,-0.002621511648228578,-0.04383748835987259,-0.02804473382627072,0.04130286791517248,-0.11028685941526732,0.21874347554550802,0.007760923034943609,-0.06467861224808413,0.017608670732452078,-0.04405093821277321,-0.039784577273837066,0.14815275996679503,0.1147476523723697,-0.12426305563872998,-0.16828447373303324,-0.07170287924286517,-0.07293483489804437,-0.038554279611510735,0.07905374825771967,-0.14333745243364898,-0.010154903508812173,-0.063132777821443,-0.0020131491277085196,-0.05116889498810488,-0.14493112575431102,-0.05204403631645323,-0.10977334882967081,0.027309768567876903,0.012314364113060767,-0.10110121164010699,-0.23164464182765004,-0.09034652528995171,0.08153650853687797,0.03712850779084062,0.055373778742839275,-0.1640285730271508,0.26436428030009607,0.3739005198483302,0.05363137972948809,0.02642080630312584,-0.030555344295240337,-0.17612342847115264,0.08372976018607514,0.048670388246242036,-0.07640667738013601,-0.10710266004550673,0.2948730043327434,-0.053773334982954196,-0.0766399688621257,-0.05896738778999874,-0.046231286910747786,-0.12771461857483452,-0.07667580798948703,-0.010302460649062928,0.17323543269617586,0.15516892358457002,0.008469707101159712,0.04773834012512124,-0.012096767281586783,0.018152244819277075,-0.07838387959562229,0.03491803118711128,0.15451260380639292,0.11003141838184931,-6.204747549087841e-10,0.029568426192605732,-0.18484294768044474,-0.02728840190338286,0.01125358227091107,0.14447931832290734,-0.18440444195992467,-0.08817322513896941
07_Q1_Min_Temp,0.1533772588440481,-0.04250963584216957,0.014843136119565826,0.06925760721033593,0.016983544899238597,-0.2772580209937559,-0.05336983318368785,0.10497758076972083,-0.14931013999303297,0.05184321813749632,-0.09971688740663795,0.11678467318952145,0.07072409660749591,-0.03937175470796007,-0.05609729175405603,-0.053703538542443474,0.0593006935729154,0.08051366953329747,0.005406271778992415,-0.02889167542859263,-0.12076180160282982,-0.066610551615807,0.0822355969620893,0.03733274493968204,0.06798463782498533,-0.07441612837329115,-0.07561562924717409,0.12620362888365588,-0.04424932761601236,-0.15681822200373433,0.07698274475393847,0.030850534833412338,-0.08191087816459738,-0.022736826680001248,0.004086684820361952,-0.1184697822910912,-0.08848629894381917,0.2984203856006464,-0.10554932600495119,0.2273972634501161,-0.22338667398759,-0.4606398082812624,-0.044777107613225495,-0.12475005683552177,-0.0460837391141873,0.08057909638890265,-0.058498297790398,0.08517806073559388,-0.08493032754726335,0.04655434153458782,0.1613721728712535,-0.10961837959792195,0.22947464216683244,-0.02514441088602942,0.020574891513518906,-0.0987095279883835,-0.07898464977123382,0.19471485151655593,0.13981991041058178,-0.03415093904258237,0.003148587482605228,0.01289361296381189,-0.16995990976298955,-0.07042589749268427,-0.06811060197497705,0.006395048669756875,2.807857557574067e-10,-0.12426721267921778,0.012322759423442659,0.05129384188710262,-0.016853197420715123,0.019406114049942372,-0.026747779555632595,0.01307313953452846
07_Q2_Min_Temp,0.12772619741397118,0.10224650447303578,0.13075079085687003,-0.18529252848293434,-0.1514998761750576,-0.05527059306910479,-0.11587303702250797,-0.0653611031814529,0.07119364275207958,-0.02597028565434825,0.08531479585701612,0.05194556436601309,0.09345012554200156,-0.003335879308482087,-0.027782906263341227,-0.07905396493511108,-0.03789582992469783,0.0171333912406865,0.034637884771100476,0.006621777685365163,-0.0768349807213965,0.06418997821669062,0.017891652860974626,-0.10162010795014145,0.10872348515684249,-0.026602514343470912,-0.13683320394917942,-0.1880176462400402,0.008360825568115696,0.07694837153971032,-0.06515114736275798,0.07096941624805553,-0.2026781536399156,-0.028318427096979307,-0.15629100571596247,0.0873656878312552,-0.022826065608418877,-0.04458029158169989,-0.06147250038563949,-0.2343482494081448,-0.1540858931456268,0.01490360137026367,0.10312164805906256,0.09003478023245405,-0.07354161154674467,0.5601669088401042,-0.14996354201395667,-0.10678758500981121,0.06085752486628282,0.07989572286128159,-0.07107271174224733,-0.13272085755041285,0.0745006487572128,0.22208655240919173,-0.07431114109211456,-0.1156833347460824,0.10254191116124253,-0.0642609612429305,-0.005255354017980111,-0.13783975454565783,-0.12697619291622486,0.14958111979785313,0.05933223873985399,0.0829831215587645,0.04296676202199889,0.0599857111234136,-1.3567015566540164e-10,-0.05751452083688066,0.05080423245778587,-0.06776330091507432,-0.04843107421779901,-0.006669737168668449,-0.03415892154227479,-0.03955829726097193
08_Q1_Min_Temp,0.20208299666579146,0.005909707619431987,-0.13160571870951823,0.040226312602708925,0.02826489358358879,0.055142969892518115,0.04848013311018214,-0.06849515236140365,0.05525733397733568,0.04861611777137354,0.09695544736083023,-0.06654732486182628,0.1431630868770446,-0.04187649149159388,-0.042122347111963776,-0.02167132949143756,-0.05245139806237927,-0.06733960597886574,0.00502908264006066,0.0294850144081915,-0.04522412144877238,0.06019269215392239,0.0988779093386619,-0.1826935532861053,0.023311267624011936,-0.0017800369956292549,0.07038365118019585,-0.16269115606349666,-0.0859538613318059,0.01232493604732961,0.04805120567957399,-0.06360177658839855,-0.11076945902664428,-0.12038368865070581,-0.06524778920550739,-0.18752570405482918,0.18990469685964545,0.06420269284939492,-0.057650645976480897,-0.2212794871303165,-0.01220579002436517,-0.05573635587020037,0.1985861561446092,-0.3410610079771832,0.424928849831742,-0.1664847543552697,-0.035683903191857075,-0.04045181147418135,-0.09914841829515497,-0.10380509543147834,0.11153199933702367,0.18668608598207498,0.12054000800326044,0.05484359033276016,-0.0978008670348816,0.15943187291440675,-0.004809418457227446,-0.059115714313339916,0.17963549821964664,0.023911532560681507,0.030891556154642258,0.18051848177068908,0.04403097072081108,-0.05601514792869482,0.05525121559705818,0.11060902481781634,-6.458098153472314e-10,0.007735122180348025,-0.05609507469481989,-0.1301009219753045,0.10688981952791532,-0.09175817496590676,-0.05218489652167277,0.021343686858138172
08_Q2_Min_Temp,0.168508745577072,-0.025931154020153013,-0.013436719972588496,0.0595220028072181,-0.05235381383892129,0.2634984340415432,-0.05858117928526344,0.05988729397413764,-0.09669986307895269,0.04883494343067218,0.0755872368714997,0.1452484722011341,-0.05701024723677119,-0.027073001469717153,0.0472341268483468,0.02818098341126267,0.09025130982355647,0.07882602843102203,-0.0590736635212612,0.04981940968508685,-0.064497815732634,0.053738403765050693,-0.04215517630168549,0.05721192817425071,0.0622932433822116,0.04598755442872583,-0.20859468768867,-0.015274850916886747,0.004087501056833424,-0.13780205532325732,0.16608984828713272,0.08228621392369251,-0.15784892336447573,-0.06018971836931607,-0.07371069383663971,-0.040258054211764135,0.17794573802782537,0.08462715714483779,0.02854755789524409,-0.030547400863041037,0.04269265760481102,-0.1044053766083267,0.11269738011990833,0.44810678697520223,-0.055249845317369504,-0.2818988127329042,-0.08754721507474841,-0.3662131718573327,-0.005686130132109269,0.08825741379235227,-0.18201156964673215,0.0022793925272559627,0.08824203610959638,0.04395267071204708,0.061765524434131094,0.23399764609800044,-0.14117782201840218,0.006213805585077656,0.012973074508080835,-0.024553610301262255,0.07254376018566827,0.05188813841035274,-0.048212492266224066,0.06037795208557217,-0.003619224104179322,0.012182148986808874,5.934905344950892e-13,-0.01015649439282202,0.0031719526696823847,0.08270054178861203,-0.08617641045489871,0.052971958012087116,-0.06035511772339028,-0.12387903482700202
09_Q1_Min_Temp,0.022497959734546328,-0.2324851868767805,-0.12782931126041788,-0.06906411834610135,0.030637401959620253,-0.045356620227466754,0.19470278721730652,-0.06833735204068446,-0.10801749915479245,-0.04525143397957412,0.22084454696335118,0.10088959975525202,-0.04033648997575907,-0.024543014751591017,-0.04672512696710006,-0.07379135018170835,0.0405698008868248,0.13045030782695324,-0.044715360256514215,-0.013328482684752369,-0.10810804632374005,0.07225170736162402,0.041278297149324565,0.08910229444677803,-0.0013192438580355431,-0.03388743811635197,-0.03949269670938732,-0.014366356099345837,0.039234345200965366,-0.15629439810882678,0.028433534075061426,0.11423330501920934,-0.0819812392978798,-0.05267360341222199,-0.26983486834205284,0.028777877199287313,-0.16554089222087248,0.09717819455337688,-0.05880525859999494,0.17229131220337152,-0.22713163284295115,0.48146411143196116,-0.22541943223942695,-0.006962572664498522,0.1884180450215162,-0.015075753610064697,-0.0038714637124113993,0.005959620218543824,-0.0739324292525053,0.0327714722475136,-0.02522044782142019,-0.11759517287918189,0.05586152563147649,-0.16759687406626075,0.012541315438461355,0.09681928615519148,0.0617079523127758,-0.08043574726409919,-0.027719815232135528,0.018020652936528277,-0.039125969091395325,0.09950433201845284,-0.0006736089155499276,0.018496321388575,-0.09306163700633831,0.12752052206745657,-1.5679460507733722e-10,-0.049629130759557605,-0.0648780813485915,-0.04569416699087014,-0.001013964446691662,0.08165311961390406,0.22311385498475156,0.08899304594624813
09_Q2_Min_Temp,-0.07978105986221502,-0.03468813139233065,-0.030681751726541976,-0.2975972681744197,0.15602335043260157,-0.0079071577699935,-0.015313905617465816,0.061422577962019526,0.16423886052810271,0.16276067161082958,0.03526583618004923,0.09207026659636763,0.09471610528260127,-0.07629344388574177,0.029966123169952424,0.08377347428972137,0.01946401486461813,-0.03464702298585466,-0.0802404717183029,0.008591924029146852,-0.0038293951506674084,0.05255943006851879,-0.013369106279032952,-0.03574135991292863,0.03571432008250946,-0.07961570559277542,-0.07984942865366655,-0.015548260474503035,-0.0635596763649412,-0.013472386954823855,0.14368099754428498,-0.05579446233039697,-0.3075964260632254,-0.04390159114394543,0.011686330260740955,-0.09927986366362632,-0.029245764855219514,-0.0392607123730751,0.1722838330593074,-0.17615803735024343,-0.1703865045730462,0.015328158940898125,-0.07264202440886121,-0.12820972631439173,-0.3413931987138557,-0.14160793581001702,0.45839763653283006,0.04274127295731514,-0.04845923286720703,-0.069157550605364,0.03685250468810515,-0.03277549818999794,-0.00999462354369633,-0.08245972885465579,-0.055988206449041775,-0.052149070701611656,-0.2010003946838603,0.07958166110984352,-0.10272187141662908,-0.12783057977441273,0.05249105912876751,0.01322482383909726,0.20193248837358074,0.023782755039968906,0.01653263916479826,0.12125900606760112,-1.1600150839896628e-09,-0.037414499298558605,-0.06201810349927103,-0.0025641467606578316,-0.04943214392148379,-0.03529285086077955,-0.02691882627350614,-0.006278051962771286
10_Q1_Min_Temp,0.09081507475396283,0.08717706303689428,0.12054638862374988,-0.09338473971637909,0.3286209398446534,0.048387001912014234,-0.03257810053719688,-0.014290413747189248,-0.04150154426109408,-0.09105508832736546,-0.021981761494006304,0.011876823993514316,0.03207780513955599,0.0790933473236355,0.02559804612376987,-0.11276751708315107,0.019757654253002195,0.017392811665265767,-0.026158003332281257,-0.09087409557388244,0.07744327080170776,-0.06009405456766723,-0.0075283390975228945,0.01879935268254246,-0.05458703940257167,-0.07459056672194309,-0.09619219899026903,0.07579493396872773,-0.14967162689464086,0.04453374445950074,0.013588556924407254,0.046428262094906136,-0.17185300775419093,-0.06491722389481017,0.1409781052740027,0.056686416595232575,0.04638295426642047,0.0016625875845516225,0.20486700846370035,-0.2005129176149902,0.024377796956549038,0.03540859113094322,-0.20884760632486235,0.15485817091123477,0.07904409393960526,-0.0681460977889897,-0.37234444651129445,0.35982914200105015,-0.2646425264993848,-0.03230262121530704,0.04869236990779202,-0.1718413288769522,-0.006093104876955045,-0.04043312137156275,0.11859940123682237,0.07399850131157037,0.022867043558356163,-0.12285334334665421,0.08127845113431323,-0.08140908809458806,0.058682400547912614,-0.06408287944346318,0.12186099235750919,-0.12220805967301156,0.013728906917394833,-0.1323576305519695,5.458539176217414e-11,-0.07830113275158788,-0.00909936142741249,-0.13295945974040402,0.04344677087026144,0.09573263609436918,-0.11105404611733123,-0.05571035732285484
10_Q2_Min_Temp,-0.006965260362641794,0.1742765845525768,-0.23885326769763113,-0.07301746983322406,0.053418382483310566,-0.06612784953156045,0.03872155669781123,0.1704497983515633,-0.1389959868011882,0.05098219247112343,0.12501486553601393,-0.15036913665528698,-0.06040588064679646,0.0058251429830887165,-0.015792608422330875,0.04381799859934836,0.013904725501558702,0.01796548398055492,0.004580794051303209,-0.08219177926033855,-0.001783531337893031,0.05184199418321945,-0.04907741977135193,-0.05606938780524861,-0.020542644558299766,-0.04601306360649661,-0.0696609931324401,-0.07924366643572546,0.05457594402243299,-0.12281623487712008,-0.11490339179856016,0.054995740643358645,-0.045385306041959506,-0.09821186475318185,-0.09229719048215039,-0.02598518319444887,0.10994384615744604,0.10058535675362086,-0.08564494946023478,-0.0373206284422839,0.02147681674717438,-0.018987367678092774,0.13848058154470932,0.19583177959940093,0.01931535979098086,-0.044577475740408136,0.06770890348569669,0.4371795318888649,0.4626167454603129,0.07523924383446998,0.028017202241760727,-0.04522476470960986,-0.048736951184256555,-0.03456025306814032,-0.03632952702344893,0.044606332179649,0.08855411847678896,-0.09920272053313389,0.0664849649722476,-0.18607682881084103,-0.024037674479892912,-0.07032274687987727,-0.05568665910422255,-0.10370172403635557,-0.0735856744147641,0.053011961255904134,-1.8037153715066978e-10,0.08413068177087554,-0.18068567058053964,0.1550320355930348,-0.052647049317625275,-0.21981131653651678,-0.027840697931719456,-0.04815076909059693
05_Q1_Ptol,-0.03419402261191327,0.1384262927375661,-0.07334731018245923,-0.02122460814801572,-0.15463724193581602,-0.042348549452681274,-0.009136514373402732,0.0759542154573404,0.08505991318273314,-0.057588950649471796,-0.05856968578120261,0.4088353220309485,-0.2853033975013713,0.06490769415897779,0.139988575560892,0.0017051428682462056,0.21763619748987775,0.3417980045105808,-0.24876464354885575,0.0022103332321742747,0.1141397539082796,-0.311362256057092,0.05731591833822692,-0.3588801955894215,-0.1572918763318198,-0.0002485381324483643,0.20295452049175158,-0.20359504123422634,-0.01112423939948582,0.020820215287461155,-0.11061120347894408,-0.04216930420289969,0.06698845882830198,-0.018152759244354832,-0.010427146976413837,-0.07809129850969673,0.04692121781543916,0.15070538467559025,0.11379740926445343,-0.08220710779762465,-0.044225350639678744,0.028962312815729432,-0.07712398497184769,-0.02967423251979344,0.0033599355411429686,-0.004828199083390862,-0.01361912163660077,-0.014405707598895583,0.012538402009789062,1.2568723839478935e-11,-2.1073497113999196e-11,-1.0908440817303244e-11,2.2597756998976593e-12,5.381853296348993e-11,-1.2394932302761674e-11,-3.717875313169472e-11,-1.999593546297973e-11,5.853736939620546e-11,-9.922663385397712e-12,-4.4756490180652975e-11,9.179740301235029e-12,1.913046110413319e-12,2.350286631980225e-12,1.5383645746158692e-11,3.907118378831953e-11,1.0499750374703964e-11,-9.053258143154608e-12,2.6177116030368097e-12,-1.4023643357674587e-12,3.816713611826117e-11,-1.646835445789918e-11,-3.078795551836322e-11,-8.579711940903678e-11,-5.278961989763076e-11
05_Q2_Ptol,-0.022629071011200437,0.14283606896008308,0.10913390988242334,0.00918316288603112,0.22613248120490467,-0.03786476207802604,-0.0505905122266446,-0.11252514718158754,-0.03662634155297448,-0.06477273080168375,0.07914804336527305,0.08467828130016633,-0.16957814091100576,0.15370438340725798,0.3025713699328629,-0.015982691469247984,-0.24849552136118222,-0.2533405633781445,-0.20807204347454797,0.27368323195576505,0.09933445922767402,0.08274351488516118,0.3860941867196008,0.023095291439651708,0.32329347197300434,-0.14425925146803498,0.1656867209707711,-0.03435630971280048,0.2392036016984332,-0.24386249102953195,0.024155161873645484,-0.12983123398827817,0.03254497962244608,0.08598491768705704,-0.008157320695798533,-0.07526969048504956,0.01831628527481998,0.012488962486652114,0.0028581231013560526,0.04751997325029948,-0.07119839547469503,0.0032042968403146466,0.04273449393125985,0.10404808128225483,0.025827641999874418,0.03600722174688399,0.01706409394926381,0.025313187170510724,-0.006285050177358378,-5.145089215785603e-12,-5.672184943961156e-12,7.983308458747729e-12,-2.0201371174824456e-11,2.3483674206625782e-11,-1.894798554169519e-11,1.85133505747892e-11,-2.2504380303711713e-11,-3.7358130478004625e-11,-1.1006306976923952e-11,-4.586858670663219e-12,-1.2096740276135165e-11,-1.5533650754573358e-11,2.7782519340657785e-11,2.9757224462301224e-11,-3.1212485721021643e-11,-1.611762806552619e-11,-2.051633168909106e-12,1.1244796760401243e-11,7.892178230384239e-12,-1.6422932458404205e-11,-4.706374179264117e-11,-1.1391075582789512e-11,3.7308350853137995e-11,1.09751374655076e-11
06_Q1_Ptol,-0.008670634283871275,-0.0387343819662301,-0.04536320611635736,0.08733828023634045,-0.03360044738561325,-0.08999331017034752,-0.3212452449849993,0.015235873963289254,-0.3086154236439028,0.11044322170931832,0.08674190560026293,-0.1716180256897056,0.050345301046857645,-0.006820896737341504,-0.016588238809043303,-0.1108794844070501,0.2568131234615743,0.217365949663776,-0.17905510274366707,0.18940087476540676,0.26759758986261273,0.29081886456597655,0.03221065016080742,-0.15119532337625166,0.17201837052919897,0.14898066539094504,0.14597448149011644,0.2828105967704539,0.014003650592110228,0.3444088425880879,0.009141242939339406,-0.18999966337275864,-0.11500387263741602,-0.04409247372518596,-0.09837680650102736,0.07719419209964656,0.008012151674585244,-0.041768511784582185,0.013808620662618037,0.02428806445606315,-0.07759373505910479,0.06659090401127633,0.019156713979956365,-0.004398517667908166,-0.028664014988027897,-0.036369834214074546,-0.009121261771924738,0.023212737992953467,-0.014777798452657531,1.0576359232850052e-11,3.1709523895528946e-11,-8.318928879091914e-12,7.658011030864387e-11,-2.374594965104393e-11,1.9387963456907187e-12,6.177974798404762e-12,1.7714676947555574e-11,3.0586810861876756e-11,5.50214873662469e-11,-7.417246829753699e-12,1.316627362690781e-12,6.989396561518646e-11,-1.3892539896254164e-11,-1.612787681182226e-11,-4.332667905004861e-12,4.166170186614693e-11,-1.8890139452665267e-11,-1.5589335378152214e-11,-1.3750445226889951e-11,-1.354459600033664e-11,2.6028429411795173e-11,-4.164057987310343e-12,-2.899819273594062e-12,1.969367724452553e-11
06_Q2_Ptol,0.037978640337788715,-0.06993516568600196,-0.1603144796624756,-0.0009530000762059473,0.0626268669706905,-0.04195100771365347,0.1360253745955166,0.17566076367704628,0.046336375906685275,-0.20669678332670388,-0.32755439518078727,0.18873061962749804,0.06649424171748387,0.13901662570944986,0.17130454224910086,-0.209050547797379,-0.0965429699129002,-0.14002797216078575,-0.03595813062445351,0.05899743937203725,-0.20826051534946347,0.35792557272218695,-0.17977125180484047,-0.26838190767521586,0.07403144863757753,0.4898594632911174,-0.07434977704268775,0.12819343912019165,-0.016468992642033435,-0.06839736852484529,-0.08648148628045751,0.02733962165323011,0.04556527288078334,0.04567722482590368,0.016798554289837786,-0.11162719448301231,0.01454891329209046,0.03566987472109168,0.0007061848845114072,-0.0621631653898886,0.04074846177396798,0.05140536148673774,-0.061150782305958364,0.02867835338794722,-0.026160225810515966,0.055843624031177125,0.03782877353443832,0.04105369071113113,-0.014028830660157688,2.5285884497350253e-12,5.218533938311509e-13,1.163261067332888e-11,-2.6476792980290043e-11,-1.5980841649998467e-11,2.46876616372127e-11,-5.230767208264098e-11,-3.297218834769078e-12,3.2392873106079634e-11,-3.138589388385071e-11,6.842582056520996e-13,1.5107869816288755e-11,-2.1312715481336397e-11,9.374622605973215e-12,-1.5172696432586008e-11,2.0825757784947996e-11,-1.2865458698385623e-11,-4.7090803478866405e-12,1.151611445093792e-11,1.6995918561413248e-11,3.250689994960254e-11,3.0649486963164885e-11,-1.1981166059271686e-11,-2.3381296898605797e-11,1.0575013087432694e-12
07_Q1_Ptol,-0.08666537806943776,0.09874930880078661,0.013875333968736312,-0.0839380492759007,-0.040837576381989794,0.048015056443180486,0.20002567240105878,0.2078335247531144,-0.24401122925106586,-0.07439760703831831,-0.04010264638111926,-0.00768490856133682,0.12081142029709363,-0.04204901106164723,-0.15513949036964408,-0.24011384023552654,-0.14168654272671,0.12334542140159556,0.011850105674884816,0.59617192307513,-0.17631334799209142,-0.2745713736970533,-0.20013794455631143,0.04956341436820108,0.17805330010631004,-0.1131537901155657,0.19048502126465044,-0.06970434658851109,-0.17599875219681418,-0.005338381747339551,0.16352277061180184,0.05529679498148728,0.032031320608888664,-0.03294484663564476,-0.010237626627786635,0.10980984912447272,0.014280274013330305,-0.07254339439893487,-0.0033099895722530637,-0.08671818824843242,0.06759745159881834,0.00524074570033009,-0.004126901651010116,-0.031034313983610444,-0.04611659365310508,-0.02481083645761494,0.014041116527438585,0.02803740191771542,0.025041969057059993,-1.6869720897982887e-11,3.5017188801389487e-12,1.0323832067005156e-11,-1.949340688867096e-11,5.720580259493957e-12,-9.684572588319895e-12,1.200983756888263e-13,-4.3373429847726186e-12,1.9099305470504646e-12,-1.6294859558896313e-11,1.3471404547438226e-11,4.9871773377674344e-12,-1.9764377634512442e-11,-2.2058577187067385e-11,-1.422489556701656e-11,2.0894924679382143e-11,9.70853952786399e-12,2.3160764972551817e-11,-9.631608011151371e-12,-6.48010811676869e-12,1.1748033101888211e-11,2.164950163585644e-11,-1.2048279041110277e-12,-7.373039678792992e-12,-1.6414623132954276e-11
07_Q2_Ptol,0.010032252050702638,0.0037421607304677436,0.0244666996453738,0.07526794050893422,0.045779112780083016,0.1965373255606372,0.04470278376430887,-0.06804229074115564,0.07415076380386573,0.5011295443311176,-0.13267925821150306,0.03109871437360981,0.13900106875363216,0.15454669973300977,0.03673204939992257,-0.2576256691095015,-0.15394483943598242,0.20254355793254136,0.11225694955007753,-0.09307572431180783,0.006702689145811952,0.05503419691222196,-0.1294098575671121,-0.21961692169163283,0.22853932661747828,-0.3320946301845036,0.018048989776791563,0.07238388329739803,0.18015423152784774,0.02748603606281788,-0.31060485716885816,0.25908900691247216,0.030787317931574826,0.11742933985224163,-0.016306932800246893,-0.00827129621490641,0.03771892523705572,0.05783308313878888,0.059295214706327704,0.09355105617476324,0.033574530011779624,0.027529459267479142,-0.04412770627774361,-0.015396563374721506,-0.0035192393393406237,-0.05852320864616172,0.024253098565946554,-0.02454949516070147,-0.02010575472107027,1.2799511450722889e-11,-1.048106046397379e-12,2.6348562220945837e-11,3.6780051226870114e-11,-1.2134661331320018e-11,-2.145868205349899e-11,4.590355873190788e-12,-1.8017167618955554e-11,5.260718510119444e-12,5.040970418868085e-11,-1.4974743667295343e-11,-1.787725523172412e-11,1.7120922735092137e-12,-3.106702395339056e-12,1.488668910365476e-11,-2.3253926562105676e-11,-1.9926768568545583e-11,-2.6370849948165187e-12,2.190473139245669e-11,-1.897729196009834e-11,-1.1982914660535471e-11,-5.96692140142352e-11,2.4063598336176995e-11,-1.9114487770366395e-11,1.2607331845160274e-11
08_Q1_Ptol,-0.10066198353401044,0.09167160295676532,0.04654205508685073,0.03954332910756706,-0.07105475192339734,0.06699704020741701,0.035616294693239604,0.2730257191114194,-0.06972909701327681,-0.044522300567942964,0.14228818399647847,0.2869860299396842,-0.04335073465673308,-0.08173100530379804,-0.23888366284495502,-0.054699934071681805,-0.36793355193609373,0.10916881093134018,0.20441882694403374,0.03944322161105282,0.11639830511368694,0.41312683303839165,0.36063338220348085,-0.1082203691736649,-0.33358438818421166,-0.16487802037330263,-0.05112923189519383,0.04192705827798128,-0.1006802166564659,0.13958278253262646,0.07492534215057073,0.027622137089176477,0.06982444502383167,0.009812948158032346,0.05884469102827651,-0.05518324658932133,-0.040815490983176966,-0.017952769175402186,0.02173452516144085,0.027800204316874688,0.032739701411684516,-0.024241172330342724,-0.009671813007727278,0.024017276830467574,-0.03881826594156129,-0.014105325937571939,-0.007335864226074587,-0.0003220648800550479,-0.007466548054988562,-1.3842538226782608e-11,2.673895133087356e-11,-3.1984165316245594e-11,-3.011492444304764e-11,-2.4740182125171373e-11,1.0961662133546213e-11,-1.9398559147898453e-11,1.7681224540044838e-11,-4.875717884988973e-12,-1.3392176256843413e-11,2.3637841684021055e-11,-4.0417530433600746e-12,-5.1994786948172944e-11,-2.3732446563506926e-11,-1.7444864996996046e-11,-1.5216321041719438e-11,-2.7237101463128965e-11,1.108464015020516e-11,-1.4612179521922286e-11,1.1750878048388813e-12,-4.431718880759661e-12,5.971889649458717e-12,1.901199423587352e-11,2.8849096722627365e-11,1.062272492191596e-11
08_Q2_Ptol,-0.0815199245785646,-0.08558224838107766,-0.01017679275572705,0.1465821288104156,-0.0476776407858513,-0.10930922180694855,-0.07095199358915052,0.05921774523810003,-0.07650773484697279,-0.07926099738312195,0.22672169216423504,0.2166688761263419,0.2587997118661891,-0.10874838508007444,-0.05708106732717204,-0.22552143037481812,0.07722808539515573,-0.349916006290562,-0.42551295811778356,-0.10073933131455634,0.2067454017483551,0.07118909499971057,-0.3349845625560485,-0.07548910695606453,-0.08833947183150637,-0.2644010831975202,-0.11599162024482043,-0.1369025219956872,0.136091180179717,-0.042922883879307885,0.08237242364588915,0.06906073694396953,0.18369805691871235,0.044505885625096386,0.05866602365304066,0.048645307905551716,0.03175814069273335,-0.041254004741533845,-0.11992700987383337,-0.06221028754322268,0.04695533816056931,-0.04275579208227829,-0.04021023706909803,-0.031222167672622307,-0.022593852450701474,-0.01564150602766294,-0.007892609565133539,0.003928653548048083,-0.03394157832065804,3.2933177018801274e-11,-3.552147465057942e-11,4.1227150165967785e-11,6.9791949997011216e-12,3.988162577961418e-11,2.0934781685966186e-11,2.059944576027206e-11,4.032885136950881e-14,-3.289349348456483e-11,1.7753343933835097e-11,1.1290274271047451e-11,-6.027298452004892e-12,-5.841521710792108e-12,-2.6663570656948465e-11,1.6014689574461727e-12,-6.686561027091642e-12,-4.690398069939761e-11,5.8601851669892735e-12,2.139176336068971e-11,3.432994166718828e-11,1.868277407779395e-11,-8.191836098347949e-12,2.903399742848478e-12,-6.394934928821705e-12,-6.025006882293127e-12
09_Q1_Ptol,-0.07739279579158366,0.13456554406513158,0.04347194525122169,0.1437811622732674,0.0128833061146977,0.09734125734918668,0.04751320427855223,0.2346733925805001,0.05012875876768938,-0.004088730179491787,0.3085623026520901,0.1039297183445216,-0.059684617800959676,-0.04062196837568778,-0.0907981686405455,-0.049007109671022515,-0.03869886061836768,0.0614065298899969,-0.12943127598434973,-0.4523795471290208,-0.35359297596373407,0.0726457206840421,-0.06521728664271365,0.12794099846780557,0.35445335137434264,0.06654454101265161,0.3780229870768135,-0.026175110517089817,-0.09587847039389458,0.0734235532252866,-0.003907057892058009,-0.19565367839569323,-0.1324118881155013,0.0674293864790524,0.13278599796263052,-0.0009981658737545501,-0.08839931240851495,-0.0447644488966265,-0.0015864132672298026,0.008948071366604554,0.06869735019446714,-0.02841036774581397,-0.022516192842945242,0.01784396154605725,-0.00014238788149015594,0.027325965232878297,-0.031183754255497912,-0.010245803390223004,-0.00725688047260826,2.5645721657419074e-11,-1.6251409939993522e-12,-5.823013599082216e-11,2.340851124049692e-11,1.5957766358321024e-11,1.2571527152616113e-11,4.078520507433403e-12,3.480214033624307e-11,1.2478768018908681e-12,7.354873654552563e-12,9.503647868669418e-13,-1.3001710819082746e-11,9.053313654305839e-12,-5.089575635941479e-11,-2.9480445862262172e-12,-1.4077799689871107e-11,7.615977293262688e-12,4.829470157119431e-14,-2.8755650638423447e-11,5.1984666571414095e-12,1.0899157878302423e-11,3.910956627994899e-12,5.384942491915012e-12,2.2676732019943913e-11,-9.881046718687725e-12
09_Q2_Ptol,0.047057488690721155,0.040941221675584075,0.03374494366429859,0.06370687287958425,0.10892975402530859,-0.03532779606526424,0.045250335298736816,-0.006672800253339537,-0.016663206746171236,-0.10576391027949254,0.20582082008909908,0.0847638193013463,0.41922519581572243,-0.14224548962438685,0.5048127530197754,0.30583544147184644,-0.2676101364581003,0.41480900641463486,0.08337370806211651,-0.01404921875464106,0.1462903698844273,-0.011687868907163763,-0.2122738715516478,-0.0009501700887900449,-0.022394362250202672,0.05199274002149319,-0.026061439100054984,0.04379970506402011,-0.031576182541921655,-0.06518842535675703,0.05230467163737068,-0.1191284743157052,0.06153941690684224,0.08258986892768874,-0.003838811451972673,0.0680771072126798,-0.004265717517294612,0.009900301715336693,-0.05951842086632961,0.029022371857578878,0.015116465488729483,-0.008162521403272541,0.0262058516833531,-0.028393503929801743,0.020891103665566804,0.04633878596821263,-0.012575780676295202,0.008059837975000747,0.024130327782661623,-1.5668612241004354e-11,1.6508766575995537e-11,-2.8886837366570717e-11,-1.3197720694080317e-11,4.104693668294246e-11,-5.530464974867755e-12,2.475734894868964e-12,2.97906525836833e-11,-1.4033621487108405e-11,-2.6636623462472642e-11,1.5259959962321545e-11,-1.0656753257620721e-12,2.1346834890023647e-11,-8.743079177309099e-12,-2.9297883563650373e-12,1.235207075511724e-11,3.366795731096772e-11,2.185673517174358e-12,-3.0443189635853685e-11,1.6926862689281563e-11,-9.428818836809683e-12,4.644817863663775e-11,-3.2790814334660023e-11,3.507211188136239e-11,-5.882683229430086e-12
10_Q1_Ptol,-0.028060532330190856,-0.045631239135459446,-0.012554966501068307,-0.16092165364811678,0.06282455417660905,0.08569225337164654,0.12826570216895986,0.2781913757335066,-0.12737238540489532,-0.1608124930202823,-0.2564300390606457,0.04872168536037656,0.31588493187503097,-0.07641350339099534,0.016450711422868636,-0.03749856439982023,0.1724405465140772,0.07874256286202222,-0.04191841828374613,-0.2588407226689669,0.21259403477198918,-0.10177570970396517,0.4032850668487535,0.20253524802035258,0.30629313685530474,0.06412790372341727,-0.07098076516046417,-0.1571214250924239,0.09911067592222841,0.15890718042988172,0.010057934490823806,0.19749615840518955,0.2042829320695287,-0.03058587192688539,-0.07700523490964573,-0.03931134977051029,0.0734643480796522,-0.05631022998850716,0.02570288986385723,-0.014210158245776781,0.013965245787041714,0.06598114853359925,0.11798823135742899,-0.04928575342666257,-0.016544347657443878,-0.020709898834567295,0.025068058816907803,-0.028411950947370743,0.009039631492415736,-1.0004774786409598e-11,-2.787620828614834e-12,3.627236011549684e-11,-2.8713822985970694e-11,-6.608526226248301e-11,-6.567107968535879e-12,-1.2678226524176495e-11,4.0595936334764104e-11,2.5713771389934692e-12,1.8759341302576615e-11,2.5402915881933552e-11,-1.1951079015304344e-11,-2.1167123609444616e-11,1.2569473240020557e-11,8.744605733967958e-12,-6.643990912991171e-12,-2.7799762492008995e-11,-1.564504081841278e-11,5.274260195253788e-11,-3.0379310178574315e-11,-2.075402870393983e-11,-2.1544835360209902e-11,3.192855008160578e-11,-6.69835020783438e-12,3.4580088792424135e-11
10_Q2_Ptol,0.007422133416049151,0.11552242820202938,0.0008309872670448556,0.1861414662480257,0.1578973188028227,-0.08321248725054059,0.09651755372900549,0.03777455855171047,0.215892940338521,0.1833653177518101,0.20406122469509527,-0.059624308474198376,0.03588163837138242,-0.06845529121143942,-0.2508177746459359,-0.1035203408431627,-0.17754060361757618,0.05019001680774117,-0.061576768059239916,-0.004662705818099401,0.040234147603967874,-0.326718601546411,0.15224808827942687,-0.2503572078622194,0.04613724062681407,0.4067903038171695,-0.2230718129592157,0.09335912653409263,0.3286746545400394,0.019384927583446288,0.26411471257263996,0.017804284087317837,0.0552698008744644,-0.0772643509774394,0.026168865955684822,0.21732319722830387,-0.021187181557272283,-0.007722937386682116,0.03738345617483116,0.010132562088454764,-0.01751334971052246,-0.00780714917188105,-0.05775662725685509,0.04960196181582116,0.014328180533977176,0.020824472773749093,0.042483678514567594,0.010307238444511826,-0.00515313390426304,3.138721921258636e-11,-6.495512461235364e-11,8.990435132472108e-12,-1.7914447703049063e-11,-2.2536899429992374e-11,2.4728850911426292e-11,1.4651077226424114e-11,-2.2824450662817242e-11,2.527147935360574e-11,-2.0921181453914528e-11,-3.1030733538273125e-12,1.4441718654278901e-11,-3.0657629213060034e-11,-1.5116061180542317e-11,1.967374874123351e-11,4.381394552721574e-12,-2.4064861214867506e-11,-3.165107065328243e-12,2.9324848105360957e-11,-6.685804687656116e-12,4.970360234501925e-11,-3.691437433506195e-11,2.694990758334015e-11,-3.502503842511828e-11,-2.821304301292571e-11
Latitude,-0.018888992692656485,0.006086423228899419,0.008447737936609178,0.03255245084003223,-0.013734545572796174,0.00142286404531476,0.003105963103920759,0.010366596663217051,-0.015063804130436812,-0.02509553757137072,0.01838892089716536,0.05875939174149468,0.2910382676650698,0.7294286136988848,-0.3378421599214225,0.43144905349156304,-0.027371346160932356,0.08147538843958424,-0.2376254900196065,0.0631683940306114,-0.06492286909327602,0.03096737938003451,0.005519246523298122,0.03418230776860853,-0.03008298310059472,0.0013241023469799523,-0.021602020405450895,-0.01174580920626854,0.006152074603981206,-0.001381105986349801,-0.016758372864479412,0.011589236975064643,0.0013426155124401096,0.00965658364288624,-0.006892316397249588,-0.003735770883345424,-0.009117072576899508,0.0016325655992424637,-0.002817078755318614,-0.0006234848323331144,0.0002111482819854016,0.0015288014328148775,-0.0017304830109728438,0.0010886426586363684,0.002049092459715962,-0.0018657550561139748,-0.00041773780572403746,-0.0029218575261251503,-0.0029352601053225583,-5.876538838878176e-12,8.52515974480994e-12,-1.7936666041329374e-11,-3.981676099940046e-12,1.4858133820516706e-11,-5.160594174213884e-12,-2.697356227265857e-12,2.1154963197878018e-11,1.8979609550662246e-12,-3.3306690738754696e-13,9.372280729280646e-12,-4.92783591710122e-12,-1.0939027461631667e-12,-1.761411849710015e-11,-7.4495964952348e-13,4.684672788579647e-12,4.464890263067289e-12,1.506822444596878e-12,-1.1488504592094273e-11,6.804209973232389e-13,-5.827172078198828e-12,9.536357814532437e-12,-2.4697188738542764e-12,4.096167849354515e-12,-6.054490242490829e-12
Longitude,0.04577601950269738,-0.0070291229241371414,-0.006977649176091048,-0.06560537192494495,0.025940610980945234,-0.02499865836361158,0.02210224593758605,0.16201104615526254,-0.027999499985726373,0.15317687376522732,0.3916172792191756,0.267053026733765,0.12792994077055325,0.28512018561221825,0.1733311082334722,-0.09257150737920257,0.3693791869596187,-0.29594229829231683,0.5376526194378104,0.10008244113379519,0.059407105799953945,-0.1300246968247418,0.026201347970184447,0.01082105498687047,-0.02772706910876735,0.10759346569055511,0.09761084347186424,0.05209947318133592,0.018940139698026714,0.04973001794320078,-0.02556740944827936,-0.032068707655224515,0.06427884124466036,0.039805702026572604,0.02854436468712683,0.010715536233604453,-0.0036838543686556133,-0.002628204584689091,0.00042245121462738955,0.005626461581586049,-0.005682699438663879,-0.005945738322774339,0.00549133247603708,-4.7781025397077015e-05,-0.002519334232984222,0.00042398364763252677,-0.0005511380171833308,-0.0028986788202207264,0.0024060468779936763,2.1115886816858165e-12,-1.1620203063666956e-11,7.373060495474704e-12,-1.1072198713435455e-11,-3.993250174971763e-12,1.451477826819314e-12,1.0161677055364748e-11,-2.795715048353742e-12,-3.5075137239104492e-12,-6.215722381242017e-13,1.3826856326559778e-12,1.8857970740526753e-12,-1.0241571479774336e-11,5.948089243368315e-12,9.750027174515452e-12,-6.0562943549058446e-12,-1.226929668973753e-11,-5.930984869895184e-12,1.459016241156519e-11,-3.0433780495719986e-12,1.7936960510639421e-12,-1.7208651170719236e-11,1.815061989596245e-12,-2.4342750037931182e-12,-8.734679646238419e-13
